aux/diversity_loss,aux/emotion_surprise_corr,carry/age_max,carry/age_mean,carry/broken_total,carry/data_frac,carry/delta_state_rms,carry/esn_state_rms,carry/frac,carry/nuc_state_rms,colony/diversity,emotion/abs_mean,emotion/tau_effective,epoch,esn/alpha,esn/decay_mean,esn/horizon_mean,esn/rel_norm,esn/slot_entropy_norm,esn/tau,global/slow_mean,layer_sens/abs_mean,layer_sens/diversity,mem/c_sub_mean,mem/cat_decisions_dropped_reassigned,mem/cat_emotion_std,mem/cat_join_hist_count,mem/cat_load_bias_mean,mem/cat_load_bias_spread,mem/cat_member_shadow_mean,mem/cat_size_max,mem/cat_size_mean,mem/cat_size_std,mem/cat_top_shadow,mem/cat_transform_events,mem/cat_transform_events_total,mem/commit_count,mem/docs_since_spawn,mem/drought_boost_mean,mem/emo_mag_nonfinite,mem/empty_categories,mem/empty_categories_frac,mem/idle_max,mem/idle_mean,mem/k_nov_mean,mem/merge_events_total,mem/merge_nn_sim_nonfinite,mem/n_categories,mem/n_slots,mem/novelty_history_count,mem/novelty_margin_max,mem/novelty_margin_mean,mem/null_bias,mem/null_mass,mem/occupied_slots_u_gt_thresh,mem/pending_decisions,mem/read_entropy,mem/read_entropy_norm,mem/sim_std_nonfinite,mem/sim_std_run_mean,mem/sim_std_run_std,mem/slot_cos_mean_direction_removed,mem/slot_cos_mean_raw,mem/spawn_bias_bias,mem/spawn_bias_n_updates,mem/spawn_bias_w_effort,mem/spawn_bias_w_emo,mem/spawn_bias_w_margin,mem/spawn_bias_w_std,mem/spawn_events_total,mem/spawn_rate,mem/total_docs_seen,mem/u_eff_slots,mem/u_mass_slots_p90,mem/u_mass_slots_p90_frac,mem/usage_max,mem/usage_mean,mem/usage_std,mem/write_events,mem/write_tokens,meta/gate_magnitude,meta/retention_mod_weight,nucleus/gate_delta_frac,nucleus/gate_nuc_frac,nucleus/half_life_collapse_frac,nucleus/half_life_mean,nucleus/wm_a_shift_rms_tracker_mean,nucleus/wm_a_shift_std_mean,retention/gate_delta_mag,retention/meta_directional_corr_within_block,retention/meta_gate_corr_across_blocks,router/cand_frac_doc_incumbent,router/cand_frac_doc_router,router/cand_frac_incumbent,router/cand_frac_router,router/degenerate_skips_total,router/grad_norm,router/in_control_next,router/isolation_verified,router/kl,router/lift_ema_incumbent,router/lift_ema_router,router/recall_doc_incumbent,router/recall_doc_router,router/recall_union_incumbent,router/recall_union_router,router/teacher_entropy_norm,router/temp,router/total_grad_norm,router/used_router,sig/col_dcryst_mean,sig/col_diversity,sig/col_phi1_mean,sig/col_phi2_mean,sig/col_phi3_mean,sig/col_phi4_mean,sig/col_phi5_mean,sig/delta_cryst,sig/glob_dcryst_slow,sig/glob_phi1_slow,sig/glob_phi2_slow,sig/glob_phi3_slow,sig/glob_phi4_slow,sig/glob_phi5_slow,sig/phi1_entropy,sig/phi2_norm,sig/phi3_alpha_mean,sig/phi4_beta_std,sig/phi5_beta_mean,step,train_loss,val_carry_window_frac,val_ppl_carry,val_ppl_carry_fresh,val_ppl_carry_gain,val_ppl_carry_mem_delta,val_ppl_carry_no_mem,val_ppl_cw_carry,val_ppl_cw_carry_no_mem,val_ppl_cw_fresh,val_ppl_mem_delta,val_ppl_no_mem,val_ppl_wikitext103,voice/gate_mean,voice/gate_std_channel,voice/gate_std_position,voice/round_delta_0,voice/round_delta_1,voice/round_delta_2,voice/round_gate_change_0,voice/round_gate_change_1,voice/round_gate_change_2,voice/round_gate_mean_0,voice/round_gate_mean_1,voice/round_gate_mean_2
1.0,0.23898114264011383,0.0,0.0,0.0,0.59375,0.1280594915151596,35.03453063964844,0.0,0.3795149624347687,0.008311308920383453,0.0615234375,0.7188994288444519,0,-0.005864022299647331,0.9841891527175903,101.42540740966797,0.005862071178853512,0.9940966367721558,0.9944002628326416,0.20632821321487427,0.001524241641163826,0.0015239121858030558,1.0,0.0,0.0,23797.0,0.0,0.0,999.9823608398438,1.0,1.0,0.0,999.9823608398438,0.0,0.0,23798.0,23797.0,0.0,0.0,0.0,0.0,0.0,0.0,1.0,0.0,0.0,1.0,1.0,23797.0,0.0,0.0,-0.0041235024109482765,0.3835706114768982,1.0,0.0,0.0,0.0,0.0,0.0,1.0,,,0.0,0.0,0.0,0.0,1.0,0.0,1.0,0.0,23798.0,1.0,1.0,1.0,999.9823608398438,999.9823608398438,0.0,48.0,16384.0,0.0007468228577636182,0.0018417744431644678,0.5097358226776123,0.5120957493782043,0.0,147.89500427246094,0.07391281425952911,1.030610203742981,0.02043560892343521,0.010517408140003681,-0.626538872718811,,,,,0.0,0.0,,,,,,,,,,,,2.3660106658935547,,0.0051976898685097694,0.2662866413593292,0.9527982473373413,0.9974949955940247,0.9261606931686401,0.00871388241648674,0.25364843010902405,0.005087472032755613,0.0017956425435841084,0.20287273824214935,0.21246235072612762,0.19713929295539856,0.0012130821123719215,0.05538488179445267,0.9538168907165527,0.9986703395843506,0.9269076585769653,0.009438032284379005,0.252877414226532,499,8.14828872680664,,,,,,,,,,,,,0.16902361810207367,0.015713825821876526,0.009085125289857388,0.8514338731765747,0.10576382279396057,0.0903950184583664,0.0,0.00035122036933898926,0.0015440136194229126,0.16712838411331177,0.16747960448265076,0.16902361810207367
1.0,0.32263991236686707,0.0,0.0,0.0,0.625,0.12844397127628326,2.899211883544922,0.0,0.3315911889076233,0.014870524406433105,0.16796875,1.870464563369751,0,-0.02250911295413971,0.8875659108161926,10.969430923461914,0.022662807255983353,0.9861533641815186,0.977020263671875,0.3289702236652374,0.0017656513955444098,0.001913705957122147,71.86274719238281,0.0,0.14976860582828522,48039.0,0.028946733102202415,0.2163655310869217,10.047747611999512,16.0,2.8372092247009277,2.6451234817504883,23.259279251098633,0.0,70.0,48040.0,258.0,0.0010069092968478799,0.0,0.0,0.0,15505.3291015625,5939.5107421875,84.4313735961914,2.0,0.0,43.0,122.0,48039.0,-1.3200397491455078,-3.4014689922332764,-0.0065151103772223,5.861437557541649e-07,9.0,2050.0,0.00023814097221475095,6.455645052483305e-05,0.0,3.154233932495117,0.15637372434139252,,,-0.35047709941864014,13974.0,-0.05494692176580429,-0.3374057114124298,1.2008838653564453,0.05001470074057579,124.0,0.0,48040.0,1.824571967124939,2.0,0.016393441706895828,885.3530883789062,8.220112800598145,79.92501068115234,51.0,16384.0,0.0011339341290295124,0.009296956472098827,0.5094533562660217,0.5063471794128418,0.017543859779834747,133.1046905517578,0.19233666360378265,1.0649700164794922,0.11902915686368942,-0.017814164981245995,-0.4271273910999298,0.625,0.328125,0.631147563457489,0.32786884903907776,0.0,0.0029304977506399155,1.0,1.0,2.225159168243408,0.34343981742858887,0.7026886940002441,0.9999984502792358,0.9999163746833801,0.9999991655349731,0.9999163746833801,0.00029045945848338306,8.11666488647461,0.7983976006507874,1.0,-0.010873667895793915,0.2669880986213684,0.9540795087814331,0.9982814788818359,0.8913713693618774,0.04006877541542053,0.2341131567955017,-0.010621977038681507,-0.0007768227369524539,0.49861177802085876,0.5220212936401367,0.4787043631076813,0.011216940358281136,0.12781889736652374,0.9542081356048584,0.9991031885147095,0.8907241821289062,0.041971489787101746,0.2338939607143402,999,6.66182804107666,,,,,,,,,,,,,0.1509021520614624,0.021328095346689224,0.018839847296476364,0.7341876029968262,0.14194637537002563,0.14861194789409637,0.0,0.0019234418869018555,0.006593465805053711,0.14238524436950684,0.1443086862564087,0.1509021520614624
0.546875,0.319136381149292,0.0,0.0,0.0,0.5,0.11810160428285599,0.5788605809211731,0.0,0.3277437090873718,0.021779358386993408,0.1943359375,2.315294027328491,0,-0.048941802233457565,0.4254609942436218,2.33528733253479,0.04948482662439346,0.964207649230957,0.949941098690033,0.3995528221130371,0.002599080093204975,0.002944888547062874,96.06818389892578,0.0,0.18596477806568146,72105.0,0.031488340348005295,0.1652294397354126,6.038133144378662,28.0,3.5949368476867676,5.316927433013916,12.95287036895752,1.0,214.0,72106.0,424.0,0.0027283320669084787,0.0,2.0,0.025316456332802773,39388.90625,13535.318359375,130.86363220214844,2.0,0.0,79.0,284.0,72105.0,-1.2953739166259766,-2.740194797515869,-0.009334293194115162,0.00316513329744339,48.0,2048.0,1.5777499675750732,0.335455983877182,0.0,3.8925485610961914,0.4702288806438446,,,-0.4329786002635956,38035.0,-0.06324215233325958,-0.27053332328796387,1.3148877620697021,0.0083850659430027,286.0,0.0,72106.0,19.22115135192871,20.0,0.07042253762483597,233.418701171875,3.5293798446655273,18.288827896118164,44.0,16384.0,0.0019253251375630498,0.02259216643869877,0.5021814703941345,0.5052445530891418,0.008771929889917374,132.84906005859375,0.3497030735015869,0.9995800256729126,0.3045288920402527,-0.042379796504974365,-0.29315438866615295,0.5455545783042908,0.41015625,0.9577465057373047,0.7112675905227661,0.0,0.0010356123093515635,1.0,1.0,1.169316053390503,0.1351843774318695,0.3680376410484314,0.8962329626083374,0.851112961769104,0.9999909400939941,0.8899649977684021,0.5114570260047913,8.371081352233887,1.0522741079330444,1.0,-0.013695810921490192,0.2630346119403839,0.9541282057762146,0.9972810745239258,0.8242210149765015,0.06374175101518631,0.2151973694562912,-0.012498036026954651,-0.00530790351331234,0.6779448390007019,0.7098265886306763,0.6275656819343567,0.028605790808796883,0.16666439175605774,0.954230785369873,0.9989746809005737,0.8278177976608276,0.06467916816473007,0.21905750036239624,1499,6.1205034255981445,,,,,,,,,,,,,0.13866840302944183,0.025305073708295822,0.022914782166481018,0.7057459354400635,0.10675762593746185,0.11617247015237808,0.0,0.0013410747051239014,0.004373088479042053,0.13295423984527588,0.13429531455039978,0.13866840302944183
0.396484375,0.3201025426387787,0.0,0.0,0.0,0.53125,0.11611427366733551,0.5095152854919434,0.0,0.3438648581504822,0.03284606337547302,0.169921875,2.1279263496398926,0,-0.08541963994503021,0.3576354384422302,3.711228847503662,0.0859258770942688,0.957732081413269,0.9154947996139526,0.4389389157295227,0.003970613703131676,0.004600178450345993,60.369564056396484,0.0,0.19291526079177856,96267.0,0.05076950043439865,0.2583744525909424,3.566729784011841,29.0,4.277108192443848,5.381343841552734,12.048398971557617,0.0,413.0,96268.0,806.0,0.003537929616868496,0.0,1.0,0.012048192322254181,61540.5078125,22602.70703125,127.41304016113281,15.0,0.0,83.0,355.0,96267.0,-1.2603626251220703,-2.1736438274383545,-0.015782315284013748,0.0016865525394678116,30.0,2050.0,0.9620224833488464,0.21882885694503784,0.0,5.267326831817627,0.5809769034385681,,,-0.3878115117549896,60935.0,-0.0540618933737278,-0.10629664361476898,1.344253420829773,0.017453735694289207,370.0,0.0,96268.0,15.486977577209473,14.0,0.039436619728803635,197.685546875,2.818674087524414,16.282012939453125,46.0,16384.0,0.0036681932397186756,0.03151538223028183,0.4939320683479309,0.5007304549217224,0.008771929889917374,129.84808349609375,0.4888450503349304,0.9791064262390137,0.5057809352874756,-0.04842137172818184,-0.3119513988494873,0.4915492832660675,0.255859375,0.9295774698257446,0.8619718551635742,0.0,0.0011019904632121325,1.0,1.0,1.5155880451202393,0.06630571186542511,0.23309224843978882,0.8229333162307739,0.7450790405273438,0.9994561672210693,0.9986042976379395,0.47411492466926575,8.710084915161133,0.9227774739265442,1.0,-0.009532924741506577,0.2638198733329773,0.9538763761520386,0.9930554628372192,0.7724083065986633,0.07424994558095932,0.19216683506965637,-0.008381718769669533,-0.007298663258552551,0.7866687178611755,0.8232033848762512,0.6952834725379944,0.045516569167375565,0.18357177078723907,0.9539943337440491,0.9960148334503174,0.7791883945465088,0.07719835638999939,0.20152927935123444,1999,5.878055095672607,,,,,,,,,,,,,0.13228820264339447,0.0311751551926136,0.028895601630210876,0.6923236846923828,0.07550031691789627,0.07991663366556168,0.0,0.0006635487079620361,0.0020734667778015137,0.12955118715763092,0.13021473586559296,0.13228820264339447
0.138671875,0.3329174816608429,0.0,0.0,0.0,0.6875,0.11713384091854095,0.5379694700241089,0.0,0.36478593945503235,0.038667988032102585,0.17578125,2.105036497116089,0,-0.13127774000167847,0.4027770757675171,7.388328552246094,0.13070090115070343,0.9552038908004761,0.8746556639671326,0.4608515501022339,0.005192108917981386,0.00628668675199151,58.67441940307617,3.0,0.19302982091903687,120364.0,0.04082918539643288,0.19519515335559845,3.066244602203369,31.0,4.797979831695557,5.514322757720947,10.111178398132324,1.0,616.0,120365.0,363.0,0.0018787919543683529,0.0,0.0,0.0,80127.59375,27397.33984375,143.18605041503906,24.0,0.0,99.0,475.0,120364.0,-0.7974185943603516,-2.6686177253723145,-0.023898128420114517,0.0017127020983025432,58.0,2048.0,1.06856107711792,0.24312326312065125,0.0,6.986819267272949,0.49516093730926514,,,-0.33007654547691345,83793.0,-0.04459008947014809,-0.07717697322368622,1.2822225093841553,0.03787047415971756,499.0,0.0,120365.0,36.62352752685547,31.0,0.06526315957307816,83.48656463623047,2.112048625946045,8.907209396362305,43.0,16384.0,0.005647486075758934,0.035381633788347244,0.4836888611316681,0.4925953149795532,0.017543859779834747,132.6436309814453,0.6265588402748108,0.9469327926635742,0.6715191602706909,-0.027880020439624786,-0.3656059205532074,0.2951315641403198,0.23046875,0.8989473581314087,0.9536842107772827,0.0,0.0012540207244455814,1.0,1.0,1.2987964153289795,0.05647090822458267,0.12361809611320496,0.6775645613670349,0.7372458577156067,0.8394490480422974,0.9918978214263916,0.5116086006164551,9.14261531829834,1.0544276237487793,1.0,-0.00533220125362277,0.26444777846336365,0.9529114365577698,0.9823123216629028,0.7428897023200989,0.08730379492044449,0.17500415444374084,-0.004158373456448317,-0.006811181548982859,0.8523774743080139,0.8894669413566589,0.7219633460044861,0.061252329498529434,0.18745853006839752,0.9531475305557251,0.9872570037841797,0.7522961497306824,0.09249289333820343,0.18759092688560486,2499,5.562786102294922,,,,,,,,,,,,,0.13105349242687225,0.03969280421733856,0.03740667551755905,0.6834148168563843,0.06586375832557678,0.06710003316402435,0.0,0.0003023296594619751,0.0008859187364578247,0.12986524403095245,0.13016757369041443,0.13105349242687225
0.0712890625,0.30752986669540405,0.0,0.0,0.0,0.53125,0.11885705590248108,0.6273271441459656,0.0,0.39088523387908936,0.04256210848689079,0.1787109375,2.1143712997436523,0,-0.17901496589183807,0.4013879895210266,13.401092529296875,0.17641310393810272,0.9601620435714722,0.8317323923110962,0.4729381799697876,0.006044771987944841,0.007677206303924322,55.163265228271484,3.0,0.18841716647148132,144228.0,0.03866792470216751,0.21767623722553253,2.726414203643799,32.0,5.854701042175293,5.3919878005981445,8.622732162475586,0.0,831.0,144229.0,59.0,0.00016903632786124945,0.0,0.0,0.0,103991.59375,28861.814453125,157.5918426513672,24.0,0.0,117.0,685.0,144228.0,-0.19031524658203125,-2.2384161949157715,-0.024486299604177475,0.0013869990361854434,64.0,2048.0,1.0560691356658936,0.22351086139678955,0.0,6.539891242980957,0.33982545137405396,,,-0.2911096215248108,105109.0,-0.038748010993003845,-0.05324849113821983,1.2395685911178589,-0.0152848856523633,709.0,0.0,144229.0,41.50709533691406,37.0,0.054014597088098526,87.25373077392578,1.4668257236480713,7.309776782989502,49.0,16384.0,0.007914242334663868,0.03687744960188866,0.47262606024742126,0.4828583598136902,0.017543859779834747,134.804443359375,0.7346845269203186,0.9351480007171631,0.7847326993942261,-0.011334004811942577,-0.4089958369731903,0.23125000298023224,0.181640625,0.8948904871940613,0.9313868880271912,0.0,0.0007608736050315201,1.0,1.0,1.443906307220459,0.010419629514217377,0.016096103936433792,0.6339143514633179,0.6700439453125,0.9042453765869141,0.9926396608352661,0.5050737261772156,9.575404167175293,0.8219300508499146,1.0,-0.002892464864999056,0.2646031081676483,0.9516825079917908,0.9732494950294495,0.7282968163490295,0.09539493173360825,0.16361109912395477,-0.002055560937151313,-0.005268951412290335,0.8918117880821228,0.9262020587921143,0.7308365702629089,0.07586603611707687,0.18546603620052338,0.9520585536956787,0.9794048070907593,0.7394457459449768,0.10272365063428879,0.1783379465341568,2999,5.3775177001953125,,,,,,,,,,,,,0.13205288350582123,0.046462878584861755,0.0437631830573082,0.6737216711044312,0.06780953705310822,0.06822048127651215,0.0,0.00019128620624542236,0.0005224645137786865,0.13133913278579712,0.13153041899204254,0.13205288350582123
0.0732421875,0.27165722846984863,0.0,0.0,0.0,0.5,0.12228568643331528,0.5806618928909302,0.0,0.4048069715499878,0.04648647829890251,0.1865234375,2.263866662979126,0,-0.22702744603157043,0.402523934841156,13.342103958129883,0.2215776890516281,0.9622095823287964,0.7883877754211426,0.4792766571044922,0.006684096995741129,0.008732999674975872,71.57777404785156,13.0,0.19356626272201538,168271.0,0.03810006007552147,0.23454654216766357,1.8175277709960938,34.0,6.442622661590576,6.286611080169678,8.197412490844727,0.0,1049.0,168272.0,41.0,0.00012125690409447998,0.0,1.0,0.008196720853447914,128034.59375,35489.65625,177.57777404785156,24.0,0.0,122.0,786.0,168271.0,0.39525604248046875,-2.0769684314727783,-0.014344872906804085,0.0010446191299706697,77.0,2048.0,1.1581029891967773,0.23555099964141846,0.0,6.723186016082764,0.35250142216682434,,,-0.2600736618041992,127450.0,-0.034587595611810684,-0.06143268197774887,1.2000776529312134,-0.02923581935465336,810.0,0.02222222276031971,168272.0,59.43519592285156,51.0,0.06488549709320068,60.04640197753906,1.2744241952896118,5.452849864959717,45.0,16384.0,0.010418081656098366,0.03748149052262306,0.4628024399280548,0.47261905670166016,0.017543859779834747,139.57327270507812,0.8059021830558777,0.9286938905715942,0.875170111656189,-0.0184220802038908,-0.41112446784973145,0.22225318849086761,0.2080078125,0.8993630409240723,1.0,0.0,0.0008945067529566586,1.0,1.0,1.318847417831421,-0.007006639614701271,0.009262721054255962,0.737474262714386,0.7453128695487976,0.9117419719696045,1.0,0.4999919533729553,9.998773574829102,0.8190852403640747,1.0,-0.002517970511689782,0.2643888592720032,0.9505413174629211,0.9647954106330872,0.7173232436180115,0.10271385312080383,0.15606866776943207,-0.0017460813978686929,-0.003948329947888851,0.9153165221214294,0.9456228017807007,0.7321690917015076,0.08835035562515259,0.1811879426240921,0.9510545134544373,0.9720957279205322,0.7301086783409119,0.11137223988771439,0.1718367338180542,3499,5.210826873779297,,,,,,,,,,,,,0.1348518580198288,0.05216650664806366,0.04900893568992615,0.6584368944168091,0.07259383797645569,0.07251650094985962,0.0,0.00016573071479797363,0.00040049850940704346,0.13428562879562378,0.13445135951042175,0.1348518580198288
0.0634765625,0.2652474343776703,0.0,0.0,0.0,0.59375,0.12142333388328552,0.6489613056182861,0.0,0.42028331756591797,0.04835168644785881,0.2216796875,2.5832648277282715,0,-0.27498167753219604,0.4041227102279663,17.27942657470703,0.2659674286842346,0.9640903472900391,0.7447952032089233,0.48248404264450073,0.0074179223738610744,0.009888710454106331,86.58000183105469,2.0,0.21795251965522766,192493.0,0.03651140257716179,0.21840079128742218,1.4047993421554565,34.0,6.901515483856201,6.43803071975708,7.580108642578125,1.0,1207.0,192494.0,195.0,0.0006343123968690634,0.0,0.0,0.0,152256.59375,44694.75390625,203.44000244140625,24.0,0.0,132.0,911.0,192493.0,-0.4486961364746094,-1.6013301610946655,-0.006038801744580269,0.0018956949934363365,76.0,2048.0,0.9337224960327148,0.1947079598903656,0.0,6.159151077270508,0.2577585279941559,,,-0.23799164593219757,150943.0,-0.031953781843185425,-0.08120362460613251,1.171590805053711,-0.045235250145196915,935.0,0.0,192494.0,52.03289794921875,45.0,0.049396269023418427,80.98946380615234,1.0991883277893066,5.565169811248779,50.0,16384.0,0.01286673080176115,0.03825856000185013,0.4497359097003937,0.45945364236831665,0.017543859779834747,142.06057739257812,0.8471088409423828,0.9307067394256592,0.9335927367210388,-0.013021156191825867,-0.4251822233200073,0.20842480659484863,0.1640625,0.9045005440711975,0.9846322536468506,0.0,0.0006979556055739522,1.0,1.0,1.1421022415161133,0.0038827864918857813,0.007695265579968691,0.7525089383125305,0.7446905970573425,0.9258995056152344,0.9983994960784912,0.513744592666626,10.43130874633789,0.7977879643440247,1.0,-0.0014236951246857643,0.2638712227344513,0.9493141174316406,0.9573327898979187,0.7116706967353821,0.10829038172960281,0.15087918937206268,-0.0007388273952528834,-0.002809509402140975,0.9291597008705139,0.9545859694480896,0.7303394079208374,0.09879271686077118,0.17642319202423096,0.9499791860580444,0.965552806854248,0.7256709337234497,0.11757130920886993,0.16690167784690857,3999,5.178414821624756,,,,,,,,,,,,,0.13827455043792725,0.05705460533499718,0.054272811859846115,0.6400159597396851,0.07853390276432037,0.07797230780124664,0.0,0.00016820430755615234,0.0003573596477508545,0.13774898648262024,0.1379171907901764,0.13827455043792725
0.05419921875,0.2602251470088959,0.0,0.0,0.0,0.40625,0.1244572252035141,0.6844348907470703,0.0,0.4384845197200775,0.048978667706251144,0.251953125,2.9317500591278076,0,-0.3228919208049774,0.4285808801651001,17.618131637573242,0.30912718176841736,0.9672551155090332,0.702661395072937,0.48407840728759766,0.008176920004189014,0.010994029231369495,72.18181610107422,2.0,0.24071647226810455,216546.0,0.03539664298295975,0.2056409865617752,1.1132556200027466,34.0,7.2482757568359375,6.732519626617432,6.912669658660889,0.0,1424.0,216547.0,228.0,0.0008582001319155097,0.0,0.0,0.0,176309.59375,52794.609375,205.7818145751953,24.0,0.0,145.0,1051.0,216546.0,-0.20343780517578125,-1.5544357299804688,0.004990589339286089,0.0017361417412757874,74.0,2048.0,1.0208848714828491,0.21454283595085144,0.0,6.053198337554932,0.2971760630607605,,,-0.22413210570812225,174640.0,-0.030552854761481285,-0.06636372208595276,1.154176115989685,-0.04008311405777931,1075.0,0.0,216547.0,44.82144546508789,41.0,0.039010465145111084,79.72012329101562,0.9536018967628479,5.775914192199707,55.0,16384.0,0.015486938878893852,0.038807887583971024,0.43664297461509705,0.4443044066429138,0.017543859779834747,145.6352081298828,0.8716201186180115,0.9142325520515442,0.9780228137969971,-0.008992879651486874,-0.43999508023262024,0.2110787332057953,0.1611328125,0.923882007598877,0.9914367198944092,0.0,0.0006180985365062952,1.0,1.0,1.0827817916870117,0.010967990383505821,0.020478161051869392,0.7033439874649048,0.6829491853713989,0.944354772567749,0.9997339844703674,0.5532413125038147,10.852476119995117,0.7511717677116394,1.0,-0.0013370491797104478,0.26295146346092224,0.9482829570770264,0.9521699547767639,0.7068325281143188,0.11364099383354187,0.1491599678993225,-0.0007393412524834275,-0.0020113789942115545,0.9371625185012817,0.9579382538795471,0.7276551723480225,0.1073913425207138,0.1721762716770172,0.9490836262702942,0.9611522555351257,0.7217621207237244,0.12317275255918503,0.1649794727563858,4499,4.959294319152832,,,,,,,,,,,,,0.13975748419761658,0.060158804059028625,0.05770304054021835,0.6238728165626526,0.08174397051334381,0.08096730709075928,0.0,0.00014138221740722656,0.0002538412809371948,0.13936226069927216,0.13950364291667938,0.13975748419761658
0.054443359375,0.2613738179206848,0.0,0.0,0.0,0.53125,0.1252966672182083,0.6740842461585999,0.0,0.44827574491500854,0.049101077020168304,0.275390625,3.261350393295288,0,-0.371276319026947,0.43121999502182007,24.944759368896484,0.3517645001411438,0.9712467789649963,0.6596701145172119,0.48476338386535645,0.008918222039937973,0.011970199644565582,93.57142639160156,0.0,0.26088234782218933,240666.0,0.03766469284892082,0.21685899794101715,1.229149580001831,34.0,7.253086566925049,6.828249454498291,6.183267593383789,0.0,1537.0,240667.0,1179.0,0.0044911447912454605,0.0,0.0,0.0,200429.59375,63280.203125,238.09524536132812,24.0,0.0,162.0,1175.0,240666.0,-0.7162971496582031,-1.9998502731323242,0.014828117564320564,0.0015149048995226622,76.0,2048.0,0.9732176661491394,0.18845081329345703,0.0,5.566123008728027,0.20795051753520966,,,-0.2187684029340744,198537.0,-0.030350906774401665,-0.0488327294588089,1.1432973146438599,-0.05365432798862457,1199.0,0.0,240667.0,53.81550598144531,48.0,0.04085106402635574,63.080413818359375,0.8520767688751221,4.725501537322998,42.0,16384.0,0.018167471513152122,0.03876236826181412,0.42415952682495117,0.43163496255874634,0.017543859779834747,151.39068603515625,0.8782685995101929,0.9087487459182739,1.0027105808258057,-0.01288857776671648,-0.4426857531070709,0.1772872358560562,0.1787109375,0.9012765884399414,0.9702127575874329,0.0,0.0007473335135728121,0.0,1.0,1.202165126800537,0.03963948413729668,0.032976020127534866,0.6659642457962036,0.7294766902923584,0.9590312242507935,0.9932944774627686,0.5004560351371765,11.273661613464355,0.8078672885894775,0.0,-0.0009428066550754011,0.26214131712913513,0.9472962617874146,0.9472227096557617,0.7037319540977478,0.1178392693400383,0.1479930579662323,-0.00043434093822725117,-0.0014333885628730059,0.9416767954826355,0.9582719206809998,0.7247857451438904,0.11460159718990326,0.16901667416095734,0.9482183456420898,0.956964910030365,0.719302237033844,0.1275639533996582,0.16348476707935333,4999,4.889256000518799,,,,,,,,,,,,,0.1425829529762268,0.06341084837913513,0.06079696863889694,0.610866367816925,0.08592719584703445,0.08483858406543732,0.0,0.00011703372001647949,0.00016504526138305664,0.14230087399482727,0.14241790771484375,0.1425829529762268
0.051513671875,0.2392403930425644,0.0,0.0,0.0,0.625,0.1263684332370758,0.7436310052871704,0.0,0.46147283911705017,0.05036492273211479,0.296875,3.5925345420837402,0,-0.41922134160995483,0.4559873044490814,21.364139556884766,0.3934434950351715,0.9743320345878601,0.6171095371246338,0.4849224090576172,0.009625118225812912,0.012887546792626381,56.42222213745117,0.0,0.28891226649284363,264659.0,0.03618697449564934,0.2012227326631546,1.0630906820297241,34.0,7.335294246673584,7.1616530418396,5.899221420288086,0.0,1674.0,264660.0,310.0,0.0013624277198687196,0.0,0.0,0.0,224422.59375,75153.578125,215.73333740234375,24.0,0.0,170.0,1247.0,264659.0,-0.015289306640625,-1.5606054067611694,0.026897704228758812,0.001320104580372572,83.0,2048.0,0.8970481157302856,0.18127501010894775,0.0,5.401872634887695,0.20046724379062653,,,-0.20888344943523407,222362.0,-0.029506606981158257,-0.05407067388296127,1.1396123170852661,-0.04356402903795242,1271.0,0.0,264660.0,52.26101303100586,46.0,0.03688853234052658,60.243309020996094,0.8046033978462219,4.728875160217285,45.0,16384.0,0.02061007358133793,0.03932911902666092,0.41102224588394165,0.41828611493110657,0.017543859779834747,155.2334747314453,0.8897387981414795,0.9196529388427734,1.0204203128814697,-0.009084373712539673,-0.4438263475894928,0.12427325546741486,0.1015625,0.8965517282485962,0.8676824569702148,0.0,0.0011682400945574045,0.0,1.0,1.352468729019165,0.048024486750364304,0.040508467704057693,0.5711709260940552,0.6039751172065735,0.9401991367340088,0.8842366337776184,0.4780713617801666,11.694744110107422,0.8747624158859253,0.0,-0.0012229166459292173,0.26147377490997314,0.9463241696357727,0.9437741637229919,0.7001227140426636,0.12137457728385925,0.1479153037071228,-0.0007826347136870027,-0.0010995948687195778,0.9440761804580688,0.9571394324302673,0.7220555543899536,0.12043581157922745,0.16664846241474152,0.947375476360321,0.9540971517562866,0.7161369919776917,0.1312142163515091,0.16308677196502686,5499,4.761692047119141,,,,,,,,,,,,,0.14404171705245972,0.06560423970222473,0.06333199143409729,0.5916604399681091,0.08921287953853607,0.08783772587776184,0.0,9.986758232116699e-05,0.00010804831981658936,0.14383380115032196,0.14393366873264313,0.14404171705245972
0.037109375,0.2266554981470108,0.0,0.0,0.0,0.46875,0.1271304488182068,0.8554810285568237,0.0,0.4731784164905548,0.05113726854324341,0.32421875,3.8402891159057617,0,-0.46719890832901,0.4439779818058014,13.577228546142578,0.4330121576786041,0.9774242043495178,0.573833703994751,0.4847986102104187,0.010339111089706421,0.01374132838100195,116.5434799194336,4.0,0.31865984201431274,288613.0,0.036837413907051086,0.20471177995204926,0.9860846996307373,38.0,7.391061305999756,7.4209794998168945,5.59801721572876,0.0,1811.0,288614.0,175.0,0.0005716520827263594,0.0,0.0,0.0,248376.5,84748.8203125,275.4347839355469,24.0,0.0,179.0,1323.0,288613.0,-0.45709991455078125,-1.393992304801941,0.037183161824941635,0.0014018919318914413,82.0,2048.0,1.031819224357605,0.20205041766166687,0.0,5.2677083015441895,0.19990253448486328,,,-0.2016899287700653,246011.0,-0.029012439772486687,-0.03868645057082176,1.1396900415420532,-0.03776216134428978,1347.0,0.0,288614.0,51.94495391845703,50.0,0.03779289498925209,92.53539276123047,0.7570396065711975,4.858554840087891,46.0,16384.0,0.022931363433599472,0.03936270624399185,0.39996999502182007,0.4070044457912445,0.02631578966975212,159.6010284423828,0.8953651189804077,0.9173436760902405,1.0427358150482178,-0.0046834214590489864,-0.4443022906780243,0.156840518116951,0.14453125,0.8994709253311157,0.9644746780395508,0.0,0.000830572796985507,0.0,1.0,1.3686048984527588,0.04875016584992409,0.03816082701086998,0.6594171524047852,0.673743486404419,0.9597316980361938,0.9746972918510437,0.4758760333061218,12.109923362731934,0.7909455299377441,0.0,-0.0007408157107420266,0.26117080450057983,0.9454622268676758,0.9405196905136108,0.6974564790725708,0.1238049864768982,0.14733512699604034,-0.00033687634277157485,-0.0008756938623264432,0.9452148675918579,0.9553489089012146,0.7191426157951355,0.12532809376716614,0.1652328222990036,0.9466226100921631,0.9513742923736572,0.7138105034828186,0.13394977152347565,0.16244874894618988,5999,4.552426338195801,,,,,,,,,,,,,0.1482008695602417,0.06842441856861115,0.0659024715423584,0.580350935459137,0.09355178475379944,0.09148711711168289,0.0,2.962350845336914e-05,0.00011935830116271973,0.14829060435295105,0.14832022786140442,0.1482008695602417
0.045166015625,0.23988479375839233,0.0,0.0,0.0,0.4375,0.12765733897686005,0.8255128860473633,0.0,0.48709598183631897,0.052308619022369385,0.337890625,4.031324863433838,0,-0.5146053433418274,0.45479318499565125,13.583274841308594,0.4716792702674866,0.9793643951416016,0.5320901274681091,0.48455628752708435,0.011018303222954273,0.014600226655602455,86.5199966430664,3.0,0.3303234577178955,312563.0,0.04019193723797798,0.21524794399738312,1.004093885421753,44.0,7.059701442718506,7.512417316436768,4.992770195007324,0.0,1910.0,312564.0,740.0,0.0026448105927556753,0.0,0.0,0.0,272326.5,94868.796875,270.6000061035156,25.0,0.0,201.0,1419.0,312563.0,-0.5688552856445312,-1.5278255939483643,0.04598654434084892,0.001432529417797923,79.0,2048.0,1.013573169708252,0.20611195266246796,0.0,5.069355487823486,0.17094005644321442,,,-0.19310535490512848,269622.0,-0.028236612677574158,-0.02103002928197384,1.1286382675170898,-0.04211357235908508,1444.0,0.0,312564.0,50.139122009277344,48.0,0.033826638013124466,89.26962280273438,0.7056007981300354,4.7093505859375,50.0,16384.0,0.024818619713187218,0.03969677910208702,0.3885824382305145,0.3948926031589508,0.035087719559669495,156.1666259765625,0.8946578502655029,0.9147512316703796,1.0586472749710083,-0.00878590252250433,-0.4438251852989197,0.1628127247095108,0.140625,0.897110641002655,0.9281184077262878,0.0,0.000761506031267345,1.0,1.0,1.4275541305541992,0.04991820827126503,0.05014215037226677,0.5607884526252747,0.6741703152656555,0.9522228240966797,0.9860421419143677,0.48940715193748474,12.528823852539062,0.7827048301696777,1.0,-0.0006391618517227471,0.26066040992736816,0.9446622133255005,0.9381690621376038,0.6957963109016418,0.12610262632369995,0.14681822061538696,-0.00028811360243707895,-0.0006542376358993351,0.9456231594085693,0.9533673524856567,0.7166922688484192,0.12924924492835999,0.16388632357120514,0.9459271430969238,0.9494267106056213,0.7122653126716614,0.13629336655139923,0.16159525513648987,6499,4.698927402496338,,,,,,,,,,,,,0.1500367522239685,0.07043428719043732,0.06844591349363327,0.5652881860733032,0.09517382085323334,0.0927535742521286,0.0,7.371604442596436e-05,0.0003532916307449341,0.1504637598991394,0.15039004385471344,0.1500367522239685
0.0400390625,0.23000924289226532,0.0,0.0,0.0,0.65625,0.13127657771110535,0.7933764457702637,0.0,0.49568846821784973,0.05213164538145065,0.34765625,4.119202613830566,0,-0.5619216561317444,0.4745819568634033,21.04157829284668,0.5080790519714355,0.9820417165756226,0.49009859561920166,0.48434871435165405,0.01159727107733488,0.015266051515936852,152.87754821777344,0.0,0.3444083333015442,336636.0,0.03942595049738884,0.21190416812896729,0.9320251941680908,49.0,6.720524311065674,7.43513298034668,4.421942234039307,1.0,2004.0,336637.0,9.0,0.00075064244447276,0.0,0.0,0.0,296399.5,104394.0234375,348.7755126953125,25.0,0.0,229.0,1539.0,336636.0,0.17767715454101562,-1.5701931715011597,0.05403105542063713,0.002811131067574024,88.0,2048.0,1.1607391834259033,0.2145765870809555,0.0,4.748688697814941,0.1700245887041092,,,-0.1834218055009842,293466.0,-0.027224421501159668,-0.01583896018564701,1.1167141199111938,-0.04620964825153351,1564.0,0.020408162847161293,336637.0,52.97431182861328,56.0,0.03638726472854614,79.43431091308594,0.6514429450035095,4.4918622970581055,49.0,16384.0,0.026733409613370895,0.039934299886226654,0.37965208292007446,0.38187721371650696,0.035087719559669495,162.2484588623047,0.8933752179145813,0.901117205619812,1.0725023746490479,-0.0022122792433947325,-0.453000545501709,0.22336232662200928,0.189453125,0.8660598397254944,0.904421329498291,0.0,0.0008736765594221652,1.0,1.0,1.480970859527588,0.04420064389705658,0.0651281401515007,0.671485960483551,0.6862182021141052,0.9024108648300171,0.9878977537155151,0.4941191077232361,12.947959899902344,0.8354846835136414,1.0,-0.0006263215327635407,0.26002582907676697,0.9437789916992188,0.9351966977119446,0.6936970949172974,0.12913724780082703,0.1477058082818985,-0.00016951430006884038,-0.0005453931516967714,0.9455922245979309,0.9513099193572998,0.7144882082939148,0.13260489702224731,0.16309641301631927,0.9451597929000854,0.9469204545021057,0.7104697823524475,0.1393560916185379,0.16227750480175018,6999,4.77673864364624,,,,,,,,,,,,,0.1505742073059082,0.07163660228252411,0.07006126642227173,0.5521661639213562,0.10003563016653061,0.09600291401147842,0.0,0.00033189356327056885,0.0009332746267318726,0.15183937549591064,0.15150748193264008,0.1505742073059082
0.0267333984375,0.2455764263868332,0.0,0.0,0.0,0.4375,0.1309676170349121,0.8266858458518982,0.0,0.49942535161972046,0.0536920428276062,0.36328125,4.2889084815979,0,-0.609113335609436,0.46323224902153015,18.382678985595703,0.5446444153785706,0.9846332669258118,0.44992518424987793,0.4840967357158661,0.012066385708749294,0.015849770978093147,141.25454711914062,0.0,0.35302871465682983,360677.0,0.04314195364713669,0.2234514355659485,0.8725784420967102,60.0,6.588932991027832,7.853633403778076,3.954361915588379,1.0,2147.0,360678.0,100.0,0.0002835439518094063,0.0,0.0,0.0,320440.5,113325.8359375,363.8908996582031,25.0,0.0,253.0,1667.0,360677.0,-0.0356903076171875,-1.5616708993911743,0.059949468821287155,0.0028763297013938427,94.0,2048.0,0.950589656829834,0.19798225164413452,0.0,4.681529521942139,0.15417395532131195,,,-0.17608855664730072,317308.0,-0.026480143889784813,-0.005785982124507427,1.1087080240249634,-0.040641266852617264,1692.0,0.0,360678.0,58.90271759033203,58.0,0.03479304164648056,71.36038208007812,0.6016010046005249,4.071715354919434,55.0,16384.0,0.02826094813644886,0.039787787944078445,0.36917269229888916,0.37065190076828003,0.02631578966975212,161.98141479492188,0.8999090194702148,0.9003096222877502,1.0855952501296997,-0.0050816466100513935,-0.4590880572795868,0.168472558259964,0.12060546875,0.9040191769599915,0.9100179672241211,0.0,0.0008625201880931854,1.0,1.0,1.472041130065918,0.051342952996492386,0.07999525219202042,0.5996912717819214,0.5861032009124756,0.9401306509971619,0.9720736145973206,0.5203174352645874,13.364150047302246,0.797843337059021,1.0,-0.000851668301038444,0.2596054971218109,0.9429082274436951,0.9330195784568787,0.6924048066139221,0.13154783844947815,0.14793206751346588,-0.0004797991132363677,-0.00040941889164969325,0.9452652335166931,0.9492093324661255,0.7127943634986877,0.13571946322917938,0.1627855896949768,0.9444074034690857,0.9452143311500549,0.7092708945274353,0.14152738451957703,0.16236160695552826,7499,4.609012603759766,,,,,,,,,,,,,0.15304981172084808,0.07258135825395584,0.07215119898319244,0.5350764393806458,0.10239896178245544,0.09806229174137115,0.0,0.0005146563053131104,0.001315489411354065,0.15487995743751526,0.15436530113220215,0.15304981172084808
0.040771484375,0.22314453125,0.0,0.0,0.0,0.65625,0.13387157022953033,0.8539738655090332,0.0,0.5150941014289856,0.054075222462415695,0.365234375,4.437885761260986,0,-0.6564732193946838,0.46634140610694885,15.37784481048584,0.5798022150993347,0.9874290227890015,0.41027629375457764,0.48387059569358826,0.012520566582679749,0.01636119745671749,185.5490264892578,0.0,0.36394163966178894,384724.0,0.04345085099339485,0.22687959671020508,0.7732512354850769,60.0,6.430107593536377,7.5813069343566895,3.6168265342712402,0.0,2254.0,384725.0,11.0,0.00016425510693807155,0.0,0.0,0.0,344063.0,121935.1953125,425.4313659667969,27.0,0.0,279.0,1794.0,384724.0,0.4627532958984375,-1.4331148862838745,0.061834607273340225,0.007457226049154997,94.0,2049.0,1.0715097188949585,0.2227521389722824,0.0,4.513031005859375,0.13951337337493896,,,-0.1676369607448578,341300.0,-0.025501396507024765,-0.0011782931396737695,1.1014575958251953,-0.0400821752846241,1821.0,0.019607843831181526,384725.0,61.161258697509766,59.0,0.032887402921915054,72.23816680908203,0.5591803193092346,3.8195674419403076,51.0,16384.0,0.029637979343533516,0.03969587758183479,0.3572657108306885,0.3587513566017151,0.02631578966975212,161.59986877441406,0.9015591740608215,0.900606632232666,1.0980383157730103,0.0033731404691934586,-0.46574831008911133,0.15095162391662598,0.11474609375,0.8204126954078674,0.8025655150413513,0.0,0.0007283099694177508,1.0,1.0,1.2898845672607422,0.03971495479345322,0.08017107099294662,0.6633410453796387,0.6744997501373291,0.9220923185348511,0.9397492408752441,0.5116586089134216,13.778974533081055,0.8565406203269958,1.0,-0.000541888119187206,0.2591911256313324,0.9421520829200745,0.9308185577392578,0.6908706426620483,0.1334618330001831,0.14821083843708038,-0.00013534659228753299,-0.00035579182440415025,0.9447872042655945,0.9472389817237854,0.7110887765884399,0.13848285377025604,0.16268450021743774,0.9437426924705505,0.9433901309967041,0.7081390023231506,0.14344385266304016,0.16259360313415527,7999,4.464272975921631,,,,,,,,,,,,,0.15472659468650818,0.07373375445604324,0.07286418974399567,0.5212788581848145,0.10344630479812622,0.0987522080540657,0.0,0.0005704164505004883,0.001405969262123108,0.15670298039913177,0.1561325639486313,0.15472659468650818
0.043212890625,0.22053606808185577,0.0,0.0,0.0,0.71875,0.1362818479537964,0.9490275979042053,0.0,0.5131431818008423,0.05542605370283127,0.37890625,4.594910621643066,0,-0.7034276127815247,0.4898633658885956,13.655160903930664,0.6139310002326965,0.9893609285354614,0.3725285530090332,0.48362284898757935,0.012862403877079487,0.016753515228629112,198.53334045410156,0.0,0.37503841519355774,408742.0,0.04235938563942909,0.21953533589839935,0.7879589796066284,66.0,6.068965435028076,7.462797164916992,3.1527252197265625,0.0,2361.0,408743.0,143.0,0.00045837077777832747,0.0,0.0,0.0,364679.90625,130330.0,472.3333435058594,28.0,0.0,319.0,1936.0,408742.0,-0.7232933044433594,-1.5806679725646973,0.06330231577157974,0.0016768364002928138,95.0,2048.0,1.2107261419296265,0.23178856074810028,0.0,4.538748741149902,0.14724010229110718,,,-0.16291344165802002,365281.0,-0.025084974244236946,-0.0008742319187149405,1.100809097290039,-0.03710372373461723,1964.0,0.0,408743.0,64.05892944335938,61.0,0.03150826320052147,59.847599029541016,0.5176998972892761,3.5638186931610107,45.0,16384.0,0.03062150999903679,0.03944504261016846,0.3494902551174164,0.3510667085647583,0.02631578966975212,162.09242248535156,0.8955408334732056,0.9044432044029236,1.1061662435531616,-0.011700579896569252,-0.4752030372619629,0.14824379980564117,0.1181640625,0.9096074104309082,0.8837810158729553,0.0,0.0008767198887653649,1.0,1.0,1.5224337577819824,0.03897640481591225,0.11666132509708405,0.6787768602371216,0.7022333741188049,0.931820809841156,0.9669221639633179,0.4665062129497528,14.194164276123047,0.8708557486534119,1.0,-0.0006157716852612793,0.25878435373306274,0.9414171576499939,0.9288596510887146,0.6898655295372009,0.13476049900054932,0.14884646236896515,-0.00021511997329071164,-0.0002847661671694368,0.944240927696228,0.9453867673873901,0.7097790241241455,0.14070376753807068,0.16278612613677979,0.9430950284004211,0.941835343837738,0.7072351574897766,0.1446581482887268,0.1629917025566101,8499,4.323619365692139,,,,,,,,,,,,,0.15565374493598938,0.07424807548522949,0.07380327582359314,0.5110801458358765,0.10418719053268433,0.0990862175822258,0.0,0.0007461607456207275,0.001750856637954712,0.15815076231956482,0.1574046015739441,0.15565374493598938
0.052490234375,0.24828052520751953,0.0,0.0,0.0,0.53125,0.1372874230146408,0.9440782070159912,0.0,0.5265335440635681,0.05569609999656677,0.3984375,4.7617669105529785,0,-0.7500064969062805,0.4846140742301941,13.788747787475586,0.6460485458374023,0.9907147884368896,0.3364759087562561,0.4836076498031616,0.013238932937383652,0.017212869599461555,248.69564819335938,0.0,0.3862683176994324,432936.0,0.04714449122548103,0.24288170039653778,0.7816623449325562,72.0,5.766197204589844,7.345315456390381,2.8248977661132812,0.0,2456.0,432937.0,353.0,0.0013558909995481372,0.0,0.0,0.0,388873.90625,139881.203125,538.54345703125,38.0,0.0,355.0,2047.0,432936.0,-0.3674793243408203,-1.9689146280288696,0.06982263922691345,0.0032180126290768385,94.0,2049.0,1.0777171850204468,0.20876716077327728,0.0,4.459012508392334,0.15334253013134003,,,-0.15632592141628265,389440.0,-0.02433963306248188,-0.0002538573171477765,1.094881534576416,-0.03681064769625664,2085.0,0.0,432937.0,61.294918060302734,57.0,0.027845628559589386,60.41276168823242,0.4896041750907898,3.4928252696990967,46.0,16384.0,0.03167487680912018,0.039721596986055374,0.3433763086795807,0.34321972727775574,0.02631578966975212,165.58685302734375,0.898144543170929,0.9089151620864868,1.1174644231796265,8.312178397318348e-05,-0.4829838275909424,0.14698338508605957,0.11181640625,0.8676111102104187,0.8285295367240906,0.0,0.0010471770074218512,1.0,1.0,1.4870104789733887,0.04118391126394272,0.14060263335704803,0.6575431227684021,0.6511434316635132,0.9136199951171875,0.9721185564994812,0.4769802689552307,14.607550621032715,0.8989822864532471,1.0,-0.00024610530817881227,0.2586396634578705,0.9408658146858215,0.9278393387794495,0.6893333196640015,0.13647635281085968,0.1500536948442459,0.00012983060150872916,-0.00022495741723105311,0.9436923265457153,0.9438347816467285,0.7085844874382019,0.14265140891075134,0.16314443945884705,0.9426178336143494,0.9412063956260681,0.7068310976028442,0.14636795222759247,0.16430988907814026,8999,4.463437080383301,,,,,,,,,,,,,0.15886180102825165,0.07636573910713196,0.07525984942913055,0.506172776222229,0.1091269701719284,0.10212403535842896,0.0,0.0010730177164077759,0.0023597925901412964,0.16229461133480072,0.16122159361839294,0.15886180102825165
0.032958984375,0.22097009420394897,0.0,0.0,0.0,0.53125,0.1377468854188919,1.0916637182235718,0.0,0.5252540111541748,0.055214863270521164,0.408203125,4.940625190734863,0,-0.7965747714042664,0.49653512239456177,16.66925048828125,0.6784548163414001,0.9921454191207886,0.3019198775291443,0.4835700988769531,0.01354207843542099,0.017592841759324074,303.5333251953125,0.0,0.39862799644470215,456821.0,0.04539395496249199,0.2376987189054489,0.6539486646652222,74.0,5.473958492279053,6.8546528816223145,2.6090362071990967,0.0,2524.0,456822.0,175.0,0.0007063555531203747,0.0,0.0,0.0,412758.90625,147031.890625,612.2888793945312,113.0,0.0,384.0,2102.0,456821.0,-0.2690448760986328,-2.1132748126983643,0.07387537509202957,0.0019156138878315687,89.0,2049.0,1.1790907382965088,0.23196402192115784,0.0,4.224923610687256,0.15789996087551117,,,-0.14806045591831207,413388.0,-0.023300085216760635,0.000485098862554878,1.094018816947937,-0.04040567949414253,2215.0,0.0,456822.0,60.21519470214844,56.0,0.026641294360160828,65.30733489990234,0.47703641653060913,3.5630064010620117,45.0,16384.0,0.03260805085301399,0.03976628556847572,0.33633726835250854,0.3305957019329071,0.02631578966975212,173.19659423828125,0.8900419473648071,0.8987256288528442,1.1306190490722656,0.005918576382100582,-0.4973847568035126,0.15412405133247375,0.091796875,0.9067554473876953,0.8101807832717896,0.0,0.000828476797323674,1.0,1.0,1.4573700428009033,0.036560915410518646,0.17080067098140717,0.6453007459640503,0.6476355791091919,0.9350129961967468,0.9614765644073486,0.4898151755332947,15.0133638381958,0.831118643283844,1.0,-0.0008935254882089794,0.25831255316734314,0.9402210116386414,0.9263644218444824,0.6877845525741577,0.13899816572666168,0.1505972295999527,-0.0004899544874206185,-0.00020931004837621003,0.9431531429290771,0.9425771236419678,0.7076936960220337,0.14457830786705017,0.16362079977989197,0.9420532584190369,0.940057635307312,0.705405056476593,0.14904718101024628,0.16485249996185303,9499,4.270085334777832,,,,,,,,,,,,,0.15857230126857758,0.0759892612695694,0.07575129717588425,0.4939940869808197,0.1094464585185051,0.10200335085391998,0.0,0.0014898627996444702,0.0030453354120254517,0.1631074994802475,0.16161763668060303,0.15857230126857758
0.0267333984375,0.2152877002954483,0.0,0.0,0.0,0.6875,0.1391395479440689,1.0028703212738037,0.0,0.5461635589599609,0.056447744369506836,0.4140625,5.03642463684082,0,-0.8425759673118591,0.5189919471740723,13.35013198852539,0.7086987495422363,0.9937644004821777,0.26943957805633545,0.483679860830307,0.013805576600134373,0.017878210172057152,324.7659606933594,0.0,0.4078797996044159,480609.0,0.04421907663345337,0.23095999658107758,0.5767766237258911,75.0,5.333333492279053,6.583178520202637,2.460798740386963,0.0,2597.0,480610.0,148.0,0.0005478394450619817,0.0,0.0,0.0,436546.90625,156468.0625,656.9786987304688,159.0,0.0,408.0,2176.0,480609.0,-0.7391872406005859,-2.062256097793579,0.07669030874967575,0.0041054049506783485,89.0,2051.0,1.2164735794067383,0.2510949373245239,0.0,4.148068904876709,0.15660583972930908,,,-0.14285489916801453,437214.0,-0.022721394896507263,0.005704909563064575,1.097900629043579,-0.03623222932219505,2335.0,0.0,480610.0,65.51387786865234,60.0,0.02757352963089943,61.84678649902344,0.4608553647994995,3.299121141433716,47.0,16384.0,0.03338707983493805,0.03999653831124306,0.3300412595272064,0.3236815631389618,0.02631578966975212,174.90188598632812,0.8785650134086609,0.907677173614502,1.1346309185028076,-0.03174113854765892,-0.5001343488693237,0.14826516807079315,0.06982421875,0.8998161554336548,0.6930146813392639,0.0,0.0007655212539248168,1.0,1.0,1.3971772193908691,0.0261550173163414,0.19447822868824005,0.6858211159706116,0.6084439754486084,0.9621849060058594,0.9393887519836426,0.4800487756729126,15.418298721313477,0.8882739543914795,1.0,-0.0002389759465586394,0.25803765654563904,0.9396116137504578,0.9252750873565674,0.687162458896637,0.1411946415901184,0.15177515149116516,0.00012131527910241857,-0.0002108672633767128,0.9426164627075195,0.9414312839508057,0.7065801024436951,0.1468546986579895,0.1644715964794159,0.941515326499939,0.9393484592437744,0.7048547267913818,0.15111571550369263,0.16606712341308594,9999,4.325114727020264,,,,,,,,,,,,,0.16130730509757996,0.07730239629745483,0.07741983979940414,0.48701030015945435,0.11238227784633636,0.10376693308353424,0.0,0.001948133111000061,0.003860071301460266,0.16711550951004028,0.16516737639904022,0.16130730509757996
,,,,,,,,,,,,,0,,,,,,,,,,,,,,,,,,,,,,,,,,,,,,,,,,,,,,,,,,,,,,,,0.0046762400306761265,0.40548449754714966,,,,,,,,,,,,,,,,,,,,,,,,,,,,,,,,,,,,,,,,,,,,,,,,,,,,,,,,,,,,,,,,,,,9999,,0.8372513651847839,328.5194091796875,354.4861145019531,25.966711044311523,2.1671063899993896,330.6864929199219,325.9726257324219,328.1673889160156,356.9778137207031,2.0195250511169434,361.773193359375,359.753662109375,,,,,,,,,,,,
0.0267333984375,0.20651943981647491,0.0,0.0,0.0,0.53125,0.13950477540493011,1.1248852014541626,0.0,0.5450250506401062,0.05723997578024864,0.43359375,5.220033168792725,0,-0.8883574604988098,0.507177472114563,15.296117782592773,0.7387301921844482,0.9952435493469238,0.2388746440410614,0.48379001021385193,0.014038430526852608,0.01821681298315525,323.5531921386719,0.0,0.4162568747997284,504696.0,0.04138745740056038,0.21532000601291656,0.5330341458320618,75.0,5.3262410163879395,6.341202735900879,2.369555950164795,0.0,2708.0,504697.0,43.0,0.00010014750296249986,0.0,0.0,0.0,460633.90625,164079.953125,675.0425415039062,203.0,0.0,423.0,2253.0,504696.0,0.8489494323730469,-1.562235713005066,0.08120990544557571,0.0037034638226032257,95.0,2054.0,1.1687772274017334,0.24827492237091064,0.0,4.018589973449707,0.15838751196861267,,,-0.13675206899642944,461260.0,-0.0219825878739357,0.0055625843815505505,1.1009083986282349,-0.033844444900751114,2456.0,0.042553190141916275,504697.0,72.5679931640625,67.0,0.029738126322627068,59.50015640258789,0.44531485438346863,3.102961301803589,47.0,16384.0,0.034260574728250504,0.040311913937330246,0.3240278959274292,0.3179666996002197,0.02631578966975212,169.24652099609375,0.8697617650032043,0.9010971784591675,1.146737813949585,-0.020473329350352287,-0.5026236176490784,0.13399599492549896,0.07080078125,0.9329187273979187,0.7387827634811401,0.0,0.0008663710323162377,1.0,1.0,1.3065831661224365,0.019591601565480232,0.1843150407075882,0.7080894708633423,0.6341148614883423,0.9614435434341431,0.9485518932342529,0.4784405827522278,15.820249557495117,0.845859169960022,1.0,-0.0007054688176140189,0.25798481702804565,0.9389718174934387,0.9241250157356262,0.6862117052078247,0.14337079226970673,0.15230092406272888,-0.0002481380943208933,-0.00015364981663879007,0.9420591592788696,0.9404386281967163,0.705845832824707,0.14893634617328644,0.16512201726436615,0.9409586787223816,0.9385690093040466,0.7042442560195923,0.15333600342273712,0.16667160391807556,10499,4.349599838256836,,,,,,,,,,,,,0.16109786927700043,0.07669659703969955,0.07740868628025055,0.46980634331703186,0.11318298429250717,0.10390375554561615,0.0,0.002402469515800476,0.0045313239097595215,0.16803166270256042,0.16562919318675995,0.16109786927700043
0.025390625,0.2406185418367386,0.0,0.0,0.0,0.40625,0.14318795502185822,1.152823805809021,0.0,0.5487419962882996,0.05782365798950195,0.4296875,5.292695045471191,0,-0.9335896372795105,0.5176959037780762,14.898361206054688,0.7675540447235107,0.9961260557174683,0.21127042174339294,0.4839441180229187,0.014291258528828621,0.018546288833022118,302.5957336425781,0.0,0.42539212107658386,528790.0,0.0402127206325531,0.20597070455551147,0.501815915107727,75.0,5.395402431488037,6.419295310974121,2.306065559387207,0.0,2844.0,528791.0,97.0,0.00038417978794313967,0.0,0.0,0.0,484727.90625,172433.96875,672.6383056640625,221.0,0.0,435.0,2347.0,528790.0,-0.12520408630371094,-2.3787636756896973,0.0832880437374115,0.004478354938328266,95.0,2048.0,1.1896642446517944,0.24934272468090057,0.0,4.009693622589111,0.16546402871608734,,,-0.13310246169567108,485353.0,-0.021620508283376694,0.007751889992505312,1.1024080514907837,-0.029801076278090477,2568.0,0.0,528791.0,66.66046905517578,61.0,0.025990625843405724,57.66954803466797,0.4270077049732208,3.1593353748321533,47.0,16384.0,0.034863706678152084,0.04077845439314842,0.3169362545013428,0.3086550831794739,0.02631578966975212,174.3541717529297,0.8578147292137146,0.91322261095047,1.161413311958313,-0.009336673654615879,-0.5055776238441467,0.1367304027080536,0.06787109375,0.9433318972587585,0.7507456541061401,0.0,0.000796575506683439,1.0,1.0,1.25667142868042,0.020160308107733727,0.19415779411792755,0.6466662883758545,0.6024661064147949,0.9598652124404907,0.9676609039306641,0.5088565349578857,16.2198543548584,0.8754721879959106,1.0,-0.0005256589502096176,0.25759291648864746,0.9383896589279175,0.9228556156158447,0.6854033470153809,0.1454778015613556,0.1537306010723114,-0.00012236685142852366,-0.00016377460269723088,0.9415237307548523,0.9395146369934082,0.7050211429595947,0.15118396282196045,0.1661350429058075,0.9404321908950806,0.9376674294471741,0.7034429311752319,0.15543417632579803,0.1681760996580124,10999,4.086372375488281,,,,,,,,,,,,,0.16270510852336884,0.07721320539712906,0.07815545797348022,0.46398937702178955,0.11187571287155151,0.10263818502426147,0.0,0.002544581890106201,0.004708766937255859,0.1699584573507309,0.1674138754606247,0.16270510852336884
0.0296630859375,0.22202183306217194,0.0,0.0,0.0,0.59375,0.1434178650379181,1.135280728340149,0.0,0.553356945514679,0.058594994246959686,0.447265625,5.364837646484375,0,-0.9791282415390015,0.5235745906829834,14.434961318969727,0.79583340883255,0.9967908263206482,0.1882466822862625,0.48414450883865356,0.014509270898997784,0.018832774832844734,186.36956787109375,0.0,0.43161243200302124,552900.0,0.03725459799170494,0.19004829227924347,0.49785542488098145,39.0,5.262114524841309,5.753932952880859,2.2028965950012207,0.0,2958.0,552901.0,93.0,0.0003995220467913896,0.0,0.0,0.0,508837.90625,180381.484375,598.7825927734375,285.0,0.0,454.0,2389.0,552900.0,-1.113931655883789,-2.453747034072876,0.08259888738393784,0.0020754432771354914,76.0,2050.0,1.3275666236877441,0.26098355650901794,0.0,4.056642532348633,0.1802121251821518,,,-0.13023945689201355,509494.0,-0.021387480199337006,0.012628464959561825,1.1045061349868774,-0.028734657913446426,2674.0,0.0,552901.0,53.51277542114258,49.0,0.02051067352294922,85.26142883300781,0.4190707802772522,3.5877487659454346,46.0,16384.0,0.03557857125997543,0.041092075407505035,0.3120793402194977,0.3034132122993469,0.02631578966975212,170.873291015625,0.8517884016036987,0.9061827659606934,1.1648917198181152,-0.009304659441113472,-0.5078624486923218,0.15685170888900757,0.08203125,0.9196316599845886,0.7521975636482239,0.0,0.0008125139866024256,1.0,1.0,1.3162262439727783,0.023641908541321754,0.24182051420211792,0.6505762338638306,0.6822504997253418,0.9056439399719238,0.9655213356018066,0.48876601457595825,16.615236282348633,0.9953174591064453,1.0,-0.00041569353197701275,0.2573619782924652,0.9378719925880432,0.9221463203430176,0.6857014298439026,0.14710389077663422,0.15435487031936646,-2.5202274628099985e-05,-8.60981090227142e-05,0.9409996867179871,0.9386802315711975,0.7044890522956848,0.1531822234392166,0.1669899970293045,0.9399886131286621,0.9372711181640625,0.7037009596824646,0.15698739886283875,0.16870224475860596,11499,4.252592086791992,,,,,,,,,,,,,0.1656883955001831,0.07853163033723831,0.07949762046337128,0.4617738723754883,0.11654306203126907,0.10560543835163116,0.0,0.003080040216445923,0.005621612071990967,0.17439004778862,0.17131000757217407,0.1656883955001831
0.0198974609375,0.24168017506599426,0.0,0.0,0.0,0.53125,0.14509253203868866,1.2355791330337524,0.0,0.5612621307373047,0.058126531541347504,0.44921875,5.487121105194092,0,-1.0242691040039062,0.5176244378089905,14.71081829071045,0.8237454891204834,0.9976006150245667,0.1647336333990097,0.48437947034835815,0.014703424647450447,0.01911259815096855,236.02438354492188,0.0,0.43994396924972534,576951.0,0.037435419857501984,0.19793114066123962,0.49442946910858154,40.0,5.305555820465088,6.0148468017578125,2.137223482131958,0.0,3124.0,576952.0,334.0,0.0017143191071227193,0.0,1.0,0.0021367522422224283,532888.875,188722.1875,649.0244140625,297.0,0.0,468.0,2483.0,576951.0,-0.8176784515380859,-2.690609931945801,0.0877193957567215,0.004719767719507217,90.0,2049.0,1.2637146711349487,0.2616971731185913,0.0,4.039793014526367,0.17303460836410522,,,-0.1300206184387207,533550.0,-0.021586773917078972,0.013219503685832024,1.1136993169784546,-0.028617126867175102,2780.0,0.0,576952.0,58.122310638427734,57.0,0.02295610122382641,71.33073425292969,0.40302351117134094,3.3906078338623047,41.0,16384.0,0.03635113313794136,0.04091048613190651,0.30941110849380493,0.2992420792579651,0.02631578966975212,165.16806030273438,0.8528451919555664,0.8943644165992737,1.1687284708023071,-0.00403351616114378,-0.5133962035179138,0.158301442861557,0.068359375,0.9403946995735168,0.7148610353469849,0.0,0.0008487049490213394,1.0,1.0,1.3513591289520264,0.02811041660606861,0.2571718394756317,0.706615686416626,0.6330546140670776,0.9651839733123779,0.9587841033935547,0.47856712341308594,17.007352828979492,0.910968542098999,1.0,-0.0004327621718402952,0.2570371925830841,0.9374974966049194,0.9211724996566772,0.6855904459953308,0.14886857569217682,0.15561337769031525,-1.4069736607780214e-05,-6.440797005780041e-05,0.9405375719070435,0.9380433559417725,0.7041316032409668,0.15507565438747406,0.16793915629386902,0.939660906791687,0.9366388320922852,0.7035438418388367,0.1587212234735489,0.1698884218931198,11999,4.250244617462158,,,,,,,,,,,,,0.1629597544670105,0.07642490416765213,0.07797229290008545,0.45634981989860535,0.11725132912397385,0.10487405210733414,0.0,0.0038314014673233032,0.006681114435195923,0.17347227036952972,0.16964086890220642,0.1629597544670105
0.031982421875,0.23837415874004364,0.0,0.0,0.0,0.78125,0.14495402574539185,1.2807519435882568,0.0,0.5701578855514526,0.058931127190589905,0.46484375,5.565829753875732,0,-1.0685417652130127,0.5328686237335205,13.888089179992676,0.8506277203559875,0.99812251329422,0.1460055559873581,0.48453184962272644,0.014852359890937805,0.01934133656322956,291.1000061035156,0.0,0.4482806921005249,601156.0,0.03703758493065834,0.1859245002269745,0.5094777345657349,40.0,5.233128547668457,6.049221515655518,2.047828197479248,0.0,3183.0,601157.0,15.0,0.0002570869110058993,0.0,0.0,0.0,557093.875,200277.5625,709.739990234375,310.0,0.0,489.0,2559.0,601156.0,0.45294189453125,-2.2861990928649902,0.09295359998941422,0.00516477832570672,101.0,2048.0,1.2822216749191284,0.26765143871307373,0.0,4.100595474243164,0.17343692481517792,,,-0.12426874041557312,557673.0,-0.020853202790021896,0.011807250790297985,1.107994556427002,-0.022874824702739716,2869.0,0.019999999552965164,601157.0,67.44164276123047,65.0,0.025400547310709953,65.94590759277344,0.39191755652427673,3.09039044380188,50.0,16384.0,0.0368807353079319,0.040918175131082535,0.3003681004047394,0.2899302840232849,0.035087719559669495,171.7576904296875,0.8453189134597778,0.9029398560523987,1.1773287057876587,-0.016124742105603218,-0.5185209512710571,0.1544419527053833,0.061767578125,0.9206411242485046,0.6336982250213623,0.0,0.0007349142688326538,1.0,1.0,1.2011666297912598,0.025687646120786667,0.2443946748971939,0.5979557037353516,0.6090855598449707,0.8805345296859741,0.8695411682128906,0.5087176561355591,17.394899368286133,0.9294332265853882,1.0,-0.0005641483585350215,0.25717103481292725,0.9370682835578918,0.9207576513290405,0.6848987340927124,0.149226114153862,0.15586842596530914,-4.125017221667804e-05,-7.0410875196103e-05,0.9401201605796814,0.9374354481697083,0.7037737369537354,0.1566796600818634,0.16886691749095917,0.9392790794372559,0.9364949464797974,0.7031009793281555,0.15938423573970795,0.1703723669052124,12499,4.139869689941406,,,,,,,,,,,,,0.16631866991519928,0.07746578752994537,0.08005236089229584,0.4397633969783783,0.11623615771532059,0.10394331067800522,0.0,0.0042575448751449585,0.00715385377407074,0.17773006856441498,0.17347252368927002,0.16631866991519928
0.026611328125,0.23620420694351196,0.0,0.0,0.0,0.59375,0.1464625597000122,1.2650201320648193,0.0,0.5784514546394348,0.06010347232222557,0.4765625,5.749968528747559,0,-1.1125544309616089,0.5177200436592102,12.937198638916016,0.8766184449195862,0.9985063076019287,0.12948428094387054,0.4847598075866699,0.014955549500882626,0.01947343908250332,345.4791564941406,0.0,0.460879921913147,625125.0,0.0371338427066803,0.18874694406986237,0.4621759057044983,40.0,5.3575758934021,6.181746482849121,2.020432949066162,1.0,3253.0,625126.0,1317.0,0.007574501447379589,0.0,0.0,0.0,581062.875,211123.9375,762.0208129882812,316.0,0.0,495.0,2652.0,625125.0,-0.9847278594970703,-2.938237190246582,0.09752897173166275,0.0029261026065796614,94.0,2048.0,1.3202276229858398,0.26344555616378784,0.0,4.049477577209473,0.19243913888931274,,,-0.11735842376947403,581630.0,-0.01988963596522808,0.010264022275805473,1.1056593656539917,-0.02300349250435829,2968.0,0.0,625126.0,61.788944244384766,59.0,0.02224736101925373,74.42964935302734,0.3772483766078949,3.108304500579834,48.0,16384.0,0.0373472161591053,0.041400253772735596,0.2948286235332489,0.2840993404388428,0.02631578966975212,176.86514282226562,0.8429123163223267,0.9106894135475159,1.1903659105300903,0.00023629635688848794,-0.5225182175636292,0.1797935515642166,0.06884765625,0.9426847696304321,0.6651583909988403,0.0,0.000929716625250876,1.0,1.0,1.2758970260620117,0.020683715119957924,0.2694486677646637,0.6751792430877686,0.623873770236969,0.9568381309509277,0.9416033029556274,0.4982706308364868,17.778942108154297,0.9473134279251099,1.0,-0.0005351299187168479,0.2571137249469757,0.9365842938423157,0.9201377630233765,0.6843302249908447,0.15145395696163177,0.15691642463207245,-0.00011506593727972358,-9.0347311925143e-05,0.9397039413452148,0.9370306730270386,0.7033541798591614,0.1581864058971405,0.169656440615654,0.9388523101806641,0.9361965656280518,0.7024254202842712,0.1616794764995575,0.1714988350868225,12999,4.213108062744141,,,,,,,,,,,,,0.16770675778388977,0.0777638852596283,0.08044843375682831,0.43310850858688354,0.1210373267531395,0.10673972964286804,0.0,0.005339324474334717,0.008621886372566223,0.1816679686307907,0.176328644156456,0.16770675778388977
0.036376953125,0.2200784534215927,0.0,0.0,0.0,0.5625,0.14726494252681732,1.287442922592163,0.0,0.5830132365226746,0.059693098068237305,0.486328125,5.890042304992676,0,-1.156475305557251,0.5260509252548218,14.48603343963623,0.9021164774894714,0.9987903833389282,0.11404895037412643,0.4849536418914795,0.015120627358555794,0.019723135977983475,372.24444580078125,0.0,0.4706750214099884,649074.0,0.03689539059996605,0.18751725554466248,0.4315090477466583,44.0,5.384000301361084,6.284228324890137,2.000178813934326,0.0,3331.0,649075.0,512.0,0.002396702766418457,0.0,0.0,0.0,605011.875,224737.96875,793.3333129882812,342.0,0.0,500.0,2692.0,649074.0,-0.6342124938964844,-2.5225160121917725,0.10216590762138367,0.0036951876245439053,86.0,2051.0,1.3517173528671265,0.28007298707962036,0.0,3.916910171508789,0.16365289688110352,,,-0.11191686242818832,605590.0,-0.019139328971505165,0.008959583938121796,1.0994961261749268,-0.020635776221752167,3034.0,0.0,649075.0,61.72218704223633,57.0,0.02117384783923626,68.69198608398438,0.37168484926223755,3.0397932529449463,45.0,16384.0,0.03776591271162033,0.04161398112773895,0.29572635889053345,0.2811957001686096,0.02631578966975212,180.28372192382812,0.8316575884819031,0.9096843600273132,1.1885120868682861,-0.0068586524575948715,-0.520200252532959,0.16264626383781433,0.0654296875,0.8569836616516113,0.5820950865745544,0.0,0.0009548959787935019,1.0,1.0,1.1872668266296387,0.023625735193490982,0.2835627496242523,0.6380155086517334,0.6226312518119812,0.9275621771812439,0.9059000611305237,0.5006521940231323,18.16048240661621,1.0589760541915894,1.0,-0.00048304168740287423,0.2570478618144989,0.9361972808837891,0.919338047504425,0.6846499443054199,0.15236546099185944,0.15716631710529327,-6.558478162332904e-06,-2.301353742950596e-05,0.9392951130867004,0.9365916848182678,0.7031692266464233,0.15975986421108246,0.1704118549823761,0.9385125637054443,0.9357107281684875,0.7029545307159424,0.16259421408176422,0.17173360288143158,13499,4.2064290046691895,,,,,,,,,,,,,0.168483704328537,0.07802073657512665,0.08050957322120667,0.4398868680000305,0.12305083870887756,0.10796660929918289,0.0,0.005760759115219116,0.00930437445640564,0.18354883790016174,0.17778807878494263,0.168483704328537
0.037841796875,0.22668543457984924,0.0,0.0,0.0,0.5,0.1495322585105896,1.3055129051208496,0.0,0.5810664296150208,0.06085255369544029,0.4921875,5.955899238586426,0,-1.2004799842834473,0.522201657295227,11.609318733215332,0.9255935549736023,0.9990103244781494,0.10114673525094986,0.4850732982158661,0.015215075574815273,0.01990538276731968,424.5625,0.0,0.480413556098938,672956.0,0.034922223538160324,0.17751450836658478,0.4087831974029541,49.0,5.478000164031982,6.472813129425049,2.000178813934326,1.0,3373.0,672957.0,126.0,0.0005440667737275362,0.0,0.0,0.0,628893.875,238457.78125,841.625,349.0,0.0,500.0,2739.0,672956.0,-0.33867835998535156,-2.8357338905334473,0.10487472265958786,0.003453221870586276,94.0,2048.0,1.4231879711151123,0.28890663385391235,0.0,3.9164199829101562,0.1684231460094452,,,-0.10375705361366272,629478.0,-0.017923448234796524,0.007276394870132208,1.0896931886672974,-0.016978107392787933,3088.0,0.0,672957.0,68.57013702392578,63.0,0.02300109528005123,68.39217376708984,0.36568787693977356,2.8949286937713623,48.0,16384.0,0.03823558986186981,0.04120241850614548,0.28783032298088074,0.27497655153274536,0.02631578966975212,176.28466796875,0.8250114917755127,0.9048106670379639,1.199159860610962,-0.009004794992506504,-0.5293750166893005,0.19574891030788422,0.0712890625,0.8667396903038025,0.6900328397750854,0.0,0.0009211819269694388,1.0,1.0,1.1747944355010986,0.012590349651873112,0.2606307566165924,0.6796014308929443,0.6387897729873657,0.9365655779838562,0.9741086363792419,0.5070950388908386,18.53977394104004,0.969989001750946,1.0,-0.00051773467566818,0.25691187381744385,0.9357785582542419,0.9186654686927795,0.6838905811309814,0.15314458310604095,0.1578303575515747,-5.606621925835498e-05,-7.091420411597937e-05,0.9389171600341797,0.9361522793769836,0.7028932571411133,0.16107547283172607,0.1711449921131134,0.9381471276283264,0.9352838397026062,0.7021987438201904,0.1634272187948227,0.17250563204288483,13999,4.045312404632568,,,,,,,,,,,,,0.16867731511592865,0.07728923857212067,0.08000919222831726,0.4231124818325043,0.12105798721313477,0.106016144156456,0.0,0.006315365433692932,0.009782060980796814,0.1847747415304184,0.17845937609672546,0.16867731511592865
0.0186767578125,0.20644605159759521,0.0,0.0,0.0,0.5,0.15183791518211365,1.446882724761963,0.0,0.5898343324661255,0.06099603325128555,0.5,6.118886947631836,0,-1.243804693222046,0.5270034074783325,13.40002727508545,0.9518569707870483,0.9990882873535156,0.10000000149011612,0.4853176772594452,0.015386957675218582,0.020115742459893227,401.3846130371094,0.0,0.4834332764148712,696966.0,0.03532686084508896,0.18006327748298645,0.3868514597415924,54.0,5.580000400543213,6.581049919128418,2.000178813934326,0.0,3439.0,696967.0,425.0,0.001944777206517756,0.0,0.0,0.0,652903.875,246562.5625,824.5576782226562,369.0,0.0,500.0,2790.0,696966.0,-1.2565784454345703,-2.720410108566284,0.10645251721143723,0.003245903877541423,107.0,2049.0,1.2350821495056152,0.26547202467918396,0.0,4.070809841156006,0.19772352278232574,,,-0.09487468004226685,653499.0,-0.01658550649881363,0.0032183462753891945,1.0811030864715576,-0.007961247116327286,3159.0,0.0,696967.0,71.4203109741211,70.0,0.025089606642723083,75.13445281982422,0.35875219106674194,2.917349338531494,52.0,16384.0,0.03861802816390991,0.04160981997847557,0.2882661521434784,0.2748008370399475,0.02631578966975212,171.93377685546875,0.8195000886917114,0.905101478099823,1.2098499536514282,-0.009053042158484459,-0.5271326899528503,0.17642249166965485,0.04833984375,0.8577060699462891,0.5892472863197327,0.0,0.001077141729183495,1.0,1.0,1.2318131923675537,0.012926005758345127,0.28199994564056396,0.6445010900497437,0.624232828617096,0.8999318480491638,0.9133120775222778,0.47581422328948975,18.913299560546875,1.0242353677749634,1.0,-0.0006394609226845205,0.2568138837814331,0.9355801343917847,0.9184276461601257,0.6834884881973267,0.15486253798007965,0.15907298028469086,-0.00018509010260459036,-6.606617534998804e-05,0.9385749101638794,0.9358319640159607,0.7025611400604248,0.16229544579982758,0.1718619167804718,0.9379721283912659,0.9352986216545105,0.7017790079116821,0.16523651778697968,0.17384730279445648,14499,4.207758903503418,,,,,,,,,,,,,0.17019063234329224,0.07832188904285431,0.08104517310857773,0.4333673119544983,0.12534862756729126,0.10753265023231506,0.0,0.007444396615028381,0.011432558298110962,0.18906758725643158,0.1816231906414032,0.17019063234329224
0.02783203125,0.24764414131641388,0.0,0.0,0.0,0.65625,0.1519327312707901,1.3535279035568237,0.0,0.5970840454101562,0.06074400991201401,0.51953125,6.248788833618164,0,-1.2868553400039673,0.535883903503418,10.755805969238281,0.976116418838501,0.9990584850311279,0.10000000149011612,0.48551639914512634,0.015447530895471573,0.020235558971762657,496.2449035644531,0.0,0.4952814280986786,720751.0,0.033588871359825134,0.1743980348110199,0.3437705338001251,56.0,5.660000324249268,6.605123519897461,2.000178813934326,0.0,3467.0,720752.0,158.0,0.0007204479188658297,0.0,0.0,0.0,676688.875,257397.1875,913.3877563476562,384.0,0.0,500.0,2830.0,720751.0,-1.5371131896972656,-4.437385082244873,0.11033716797828674,0.008566207252442837,112.0,2051.0,1.3450464010238647,0.29191187024116516,0.0,4.309385299682617,0.18787330389022827,,,-0.08864882588386536,677288.0,-0.015674524009227753,0.0018961385358124971,1.074925422668457,0.001422228990122676,3214.0,0.0,720752.0,80.21826934814453,77.0,0.02720848098397255,77.73782348632812,0.3540278375148773,2.7362594604492188,49.0,16384.0,0.038989461958408356,0.041724979877471924,0.28326112031936646,0.2668675184249878,0.02631578966975212,177.60047912597656,0.8187751770019531,0.9033528566360474,1.213112235069275,0.0005631778622046113,-0.5241326689720154,0.18726810812950134,0.050537109375,0.9109540581703186,0.6091873049736023,0.0,0.0007017025491222739,1.0,1.0,0.9813299179077148,0.0002840723027475178,0.2828887104988098,0.6695841550827026,0.5660167336463928,0.9574270248413086,0.9290758371353149,0.5286657214164734,19.284635543823242,0.9741233587265015,1.0,-0.0003658301429823041,0.2567248046398163,0.9351603388786316,0.917511522769928,0.6831778287887573,0.1562185138463974,0.15933574736118317,8.166024781530723e-05,-8.29992932267487e-05,0.9382677674293518,0.9354764819145203,0.7021408081054688,0.16380536556243896,0.17281018197536469,0.9375938773155212,0.9346728324890137,0.70147305727005,0.16662831604480743,0.17431962490081787,14999,4.118453025817871,,,,,,,,,,,,,0.1710892915725708,0.07778815925121307,0.08133329451084137,0.4279339909553528,0.12976832687854767,0.10958977043628693,0.0,0.008756905794143677,0.013036787509918213,0.1928829848766327,0.184126079082489,0.1710892915725708
0.036376953125,0.2364487498998642,0.0,0.0,0.0,0.5625,0.15097437798976898,1.387355923652649,0.0,0.6016029715538025,0.06250083446502686,0.52734375,6.300899028778076,0,-1.329766869544983,0.535671591758728,9.406892776489258,0.9954540133476257,0.9990541934967041,0.10000000149011612,0.48564624786376953,0.015580332837998867,0.020485427230596542,599.7083129882812,0.0,0.5129648447036743,744629.0,0.033089540898799896,0.173794224858284,0.3265397548675537,61.0,5.758000373840332,6.673868656158447,2.000178813934326,0.0,3495.0,744630.0,28.0,0.002715775277465582,0.0,0.0,0.0,700566.875,267744.25,1004.2291870117188,391.0,0.0,500.0,2879.0,744629.0,0.37398529052734375,-5.6161017417907715,0.11490681767463684,0.004814698826521635,119.0,2048.0,1.5363435745239258,0.3134824335575104,0.0,4.284640789031982,0.19320131838321686,,,-0.07422298192977905,701146.0,-0.013207598589360714,0.0018740082159638405,1.0642622709274292,-0.0008776484755799174,3270.0,0.02083333395421505,744630.0,91.06502532958984,88.0,0.030566168949007988,71.37140655517578,0.3476966917514801,2.5286381244659424,48.0,16384.0,0.039507295936346054,0.041508693248033524,0.28396013379096985,0.26528066396713257,0.02631578966975212,187.55018615722656,0.8147661685943604,0.9125491976737976,1.219541311264038,-0.0017016400815919042,-0.5334482789039612,0.18165826797485352,0.06298828125,0.8731757998466492,0.6417651176452637,0.0,0.0009205332025885582,1.0,1.0,1.04840087890625,0.011814259923994541,0.2984147071838379,0.6907193660736084,0.6608282327651978,0.8763447999954224,0.9665955901145935,0.5002684593200684,19.651905059814453,1.0265464782714844,1.0,-0.0003408050397410989,0.25664618611335754,0.9348110556602478,0.9169801473617554,0.6836675405502319,0.15676797926425934,0.15950098633766174,0.00012048859207425267,-1.4434677723329514e-05,0.9379385113716125,0.935097336769104,0.7019819617271423,0.16508184373378754,0.17350301146507263,0.9372889399528503,0.9343767762184143,0.7019715309143066,0.16702386736869812,0.17432960867881775,15499,4.0605058670043945,,,,,,,,,,,,,0.16992434859275818,0.07691743969917297,0.07891114056110382,0.43139708042144775,0.12443884462118149,0.10672837495803833,0.0,0.00837448239326477,0.01250767707824707,0.19080650806427002,0.18243202567100525,0.16992434859275818
0.0198974609375,0.23450759053230286,0.0,0.0,0.0,0.53125,0.15390099585056305,1.4424799680709839,0.0,0.5992639660835266,0.062079012393951416,0.5390625,6.436519145965576,0,-1.3718804121017456,0.5483559370040894,8.48694896697998,1.0207276344299316,0.9990738034248352,0.10000000149011612,0.48583984375,0.015706151723861694,0.020678814500570297,592.3829956054688,0.0,0.5241564512252808,768681.0,0.03395875170826912,0.17993274331092834,0.326649010181427,72.0,5.824000358581543,6.9222002029418945,2.000178813934326,1.0,3541.0,768682.0,204.0,0.0010052036959677935,0.0,0.0,0.0,724618.875,279897.6875,995.9361572265625,394.0,0.0,500.0,2912.0,768681.0,-2.1130027770996094,-5.182091236114502,0.11762595176696777,0.0031105659436434507,113.0,2049.0,1.4284906387329102,0.2899128198623657,0.0,4.26482629776001,0.19129036366939545,,,-0.06691403687000275,725053.0,-0.012050370685756207,0.0021396635565906763,1.0566496849060059,-0.0014663469046354294,3306.0,0.0,768682.0,89.4692153930664,83.0,0.028502747416496277,72.51367950439453,0.34372463822364807,2.523610830307007,47.0,16384.0,0.040093518793582916,0.04143071174621582,0.27856969833374023,0.2594793140888214,0.02631578966975212,183.9169464111328,0.8092266917228699,0.8974401950836182,1.2168428897857666,-0.010604224167764187,-0.5281820297241211,0.23123067617416382,0.059326171875,0.8976648449897766,0.6466346383094788,0.0,0.0008762307115830481,1.0,1.0,1.0569682121276855,-0.007903842255473137,0.28200432658195496,0.6350423097610474,0.547061562538147,0.8907307386398315,0.9469218254089355,0.5496184229850769,20.012821197509766,1.0508854389190674,1.0,-0.000770524435210973,0.2565999925136566,0.9345623254776001,0.9166946411132812,0.6830329895019531,0.1581847220659256,0.1608879417181015,-0.00032291997922584414,-3.725773422047496e-05,0.937641441822052,0.9348157048225403,0.7019363045692444,0.1660689115524292,0.17401456832885742,0.9370720386505127,0.9343496561050415,0.7012760639190674,0.1685011088848114,0.17584748566150665,15999,4.249959945678711,,,,,,,,,,,,,0.17160537838935852,0.07675093412399292,0.0802638977766037,0.42549359798431396,0.1261378526687622,0.10663336515426636,0.0,0.009568512439727783,0.013884007930755615,0.19505789875984192,0.18548938632011414,0.17160537838935852
0.0184326171875,0.2298465371131897,0.0,0.0,0.0,0.5625,0.1564963310956955,1.495607614517212,0.0,0.6094301342964172,0.0622895285487175,0.53515625,6.45458984375,0,-1.4141701459884644,0.5544237494468689,9.31573486328125,1.044905185699463,0.9991178512573242,0.10000000149011612,0.4860321283340454,0.015804288908839226,0.020898394286632538,553.2083129882812,0.0,0.5392239689826965,792666.0,0.03306322917342186,0.1772289127111435,0.32996612787246704,75.0,5.884000301361084,7.01176643371582,2.000178813934326,0.0,3567.0,792667.0,398.0,0.0020325591322034597,0.0,0.0,0.0,748603.875,290239.75,961.3958129882812,401.0,0.0,500.0,2942.0,792666.0,-1.085794448852539,-6.261103630065918,0.12167457491159439,0.007623164914548397,116.0,2048.0,1.3932538032531738,0.3017675578594208,0.0,4.268280982971191,0.21366146206855774,,,-0.05776020139455795,749039.0,-0.01048309076577425,0.0022979641798883677,1.0502413511276245,-0.0013669347390532494,3343.0,0.0,792667.0,90.89231872558594,85.0,0.0288919098675251,60.37388610839844,0.34032610058784485,2.4587864875793457,48.0,16384.0,0.04056460037827492,0.041604459285736084,0.2754417955875397,0.2548624873161316,0.02631578966975212,186.13978576660156,0.8036543726921082,0.9036608338356018,1.2194581031799316,0.006618148181587458,-0.5350276827812195,0.23321719467639923,0.0576171875,0.9371176362037659,0.6216859221458435,0.0,0.0009489982621744275,1.0,1.0,0.9383969306945801,-0.009008275344967842,0.2777186334133148,0.7355000972747803,0.6205319166183472,0.9600134491920471,0.9359837770462036,0.502372145652771,20.371355056762695,1.0516471862792969,1.0,-0.00047778728185221553,0.2563830316066742,0.9343690276145935,0.916480541229248,0.6827983856201172,0.15852832794189453,0.16160860657691956,7.991505117388442e-05,-4.920067294733599e-05,0.9373796582221985,0.9346275925636292,0.7015963196754456,0.16712969541549683,0.17494212090969086,0.9368970394134521,0.9343430399894714,0.7012313604354858,0.16881081461906433,0.1765272319316864,16499,4.008946418762207,,,,,,,,,,,,,0.17371809482574463,0.0779217854142189,0.08109523355960846,0.41519519686698914,0.13086703419685364,0.10934682935476303,0.0,0.01078064739704132,0.01516936719417572,0.19966810941696167,0.18888746201992035,0.17371809482574463
0.030517578125,0.22947517037391663,0.0,0.0,0.0,0.53125,0.1557188183069229,1.4753912687301636,0.0,0.6145076155662537,0.06284023821353912,0.55078125,6.579730033874512,0,-1.4555772542953491,0.5429831147193909,12.540481567382812,1.0654088258743286,0.9990847110748291,0.10000000149011612,0.4862409234046936,0.01585932821035385,0.021010205149650574,623.8038940429688,0.0,0.5600989460945129,816557.0,0.03191053122282028,0.17267365753650665,0.3264123797416687,77.0,5.942000389099121,7.055082321166992,2.000178813934326,0.0,3606.0,816558.0,2056.0,0.010683240368962288,0.0,0.0,0.0,772494.875,301069.25,1021.9607543945312,401.0,0.0,500.0,2971.0,816557.0,-2.381288528442383,-6.1058855056762695,0.1252668797969818,0.003587445942685008,118.0,2048.0,1.5501885414123535,0.3101051449775696,0.0,4.464456081390381,0.24263182282447815,,,-0.05194653570652008,772928.0,-0.009520785883069038,0.0016667250311002135,1.0454381704330444,-0.0015223444206640124,3372.0,0.0,816558.0,96.54933166503906,88.0,0.02961965650320053,59.145938873291016,0.33662334084510803,2.359121084213257,51.0,16384.0,0.040944527834653854,0.04158082976937294,0.27341675758361816,0.25342583656311035,0.02631578966975212,182.25743103027344,0.7978847026824951,0.8994277715682983,1.22845458984375,-0.0052805449813604355,-0.5302822589874268,0.24243731796741486,0.06884765625,0.9458094835281372,0.6526421904563904,0.0,0.0010278025874868035,1.0,1.0,0.9995999336242676,-0.012249388732016087,0.27252626419067383,0.662839412689209,0.6305598020553589,0.8888444900512695,0.9368298649787903,0.5233651995658875,20.727819442749023,1.0691249370574951,1.0,-0.0005108495242893696,0.25658974051475525,0.934130072593689,0.9162060022354126,0.6831833720207214,0.15919046103954315,0.16215075552463531,-6.216454494278878e-05,-3.4433003293088404e-06,0.9371536374092102,0.9345132112503052,0.7015514969825745,0.16800816357135773,0.17571750283241272,0.9366896152496338,0.9342935681343079,0.7014543414115906,0.16978920996189117,0.17723417282104492,16999,3.9838995933532715,,,,,,,,,,,,,0.17406964302062988,0.07716012746095657,0.08103974908590317,0.4177872836589813,0.1330086588859558,0.11030665040016174,0.0,0.011997818946838379,0.016730040311813354,0.20279750227928162,0.19079968333244324,0.17406964302062988
0.01953125,0.22835572063922882,0.0,0.0,0.0,0.75,0.1560870260000229,1.5614625215530396,0.0,0.6190858483314514,0.06304171681404114,0.5703125,6.7433552742004395,0,-1.4969171285629272,0.5524083971977234,10.47079849243164,1.087037444114685,0.9990866780281067,0.10000000149011612,0.48650500178337097,0.01596236787736416,0.021208515390753746,662.313720703125,0.0,0.5750927329063416,840849.0,0.031100185588002205,0.16877639293670654,0.31162527203559875,78.0,6.014000415802002,7.136362075805664,2.000178813934326,0.0,3636.0,840850.0,326.0,0.0018995320424437523,0.0,0.0,0.0,796786.875,311234.40625,1062.0,403.0,0.0,500.0,3007.0,840849.0,-4.469024658203125,-7.188986301422119,0.13103340566158295,0.003904998768121004,119.0,2048.0,1.466761589050293,0.28960585594177246,0.0,4.465450763702393,0.22108052670955658,,,-0.0484708771109581,797212.0,-0.008985931053757668,0.001233999035321176,1.0433475971221924,-0.0022572751622647047,3410.0,0.0,840850.0,95.87584686279297,89.0,0.029597606509923935,52.34357452392578,0.33279329538345337,2.3570916652679443,51.0,16384.0,0.041288573294878006,0.04202251136302948,0.2692330479621887,0.24777473509311676,0.02631578966975212,182.63143920898438,0.7929533123970032,0.8995441198348999,1.2282993793487549,-0.002598720835521817,-0.5415798425674438,0.27185526490211487,0.07080078125,0.9151978492736816,0.6597937941551208,0.0,0.0009295019553974271,1.0,1.0,1.0843195915222168,-0.002537607215344906,0.2706082761287689,0.7223479747772217,0.5838634967803955,0.9194579124450684,0.9398394823074341,0.530352771282196,21.078584671020508,1.045132040977478,1.0,-0.00039124529575929046,0.25651049613952637,0.9338979721069336,0.9156097769737244,0.6827871203422546,0.160580575466156,0.1631636768579483,8.707267261343077e-05,-3.242122329538688e-05,0.936934232711792,0.9343602657318115,0.7013747692108154,0.16898828744888306,0.17658261954784393,0.9364836812019348,0.9339580535888672,0.7011663913726807,0.1712053418159485,0.1784372180700302,17499,4.127350807189941,,,,,,,,,,,,,0.1755654662847519,0.0775548666715622,0.08140247315168381,0.4201725125312805,0.1334293633699417,0.10932925343513489,0.0,0.012483999133110046,0.017234742641448975,0.2052842080593109,0.19280020892620087,0.1755654662847519
0.03125,0.2159193605184555,0.0,0.0,0.0,0.46875,0.15694467723369598,1.5672966241836548,0.0,0.6163743138313293,0.06324438750743866,0.5703125,6.897510051727295,0,-1.5379784107208252,0.5491935014724731,12.150753021240234,1.1112453937530518,0.9990706443786621,0.10000000149011612,0.48672112822532654,0.016010789200663567,0.021326079964637756,601.0238037109375,0.0,0.5853307247161865,864957.0,0.031986989080905914,0.17289875447750092,0.3096533417701721,79.0,6.054000377655029,7.194066524505615,2.000178813934326,0.0,3655.0,864958.0,882.0,0.004868523683398962,0.0,0.0,0.0,820894.875,323279.65625,1008.3571166992188,404.0,0.0,500.0,3027.0,864957.0,-4.132171630859375,-6.2370686531066895,0.13428688049316406,0.005785152316093445,110.0,2048.0,1.7171390056610107,0.339812695980072,0.0,4.471770763397217,0.19461555778980255,,,-0.046689677983522415,821317.0,-0.008756954222917557,0.0006592934369109571,1.0424273014068604,-0.0027919055428355932,3431.0,0.0,864958.0,90.89322662353516,82.0,0.027089526876807213,53.44515609741211,0.3304852545261383,2.4149656295776367,42.0,16384.0,0.041723642498254776,0.04171786457300186,0.2708311080932617,0.24868042767047882,0.02631578966975212,187.18580627441406,0.7937873601913452,0.9086305499076843,1.2302745580673218,0.0016220600809901953,-0.546069324016571,0.25218862295150757,0.08203125,0.9174099564552307,0.6904525756835938,0.0,0.001015491783618927,1.0,1.0,1.0674595832824707,-0.007008426822721958,0.2625497579574585,0.6833107471466064,0.6482369899749756,0.9393827319145203,0.973281979560852,0.5231302380561829,21.425771713256836,1.1418038606643677,1.0,-0.000602272804826498,0.25641509890556335,0.9336875081062317,0.9153075814247131,0.6819487810134888,0.16172827780246735,0.1640438288450241,-0.00017262906476389617,-7.685444870730862e-05,0.9367165565490723,0.9341990351676941,0.7011706829071045,0.1701064556837082,0.17747581005096436,0.9363002181053162,0.9339051246643066,0.7003033757209778,0.1724317967891693,0.17937621474266052,17999,3.9604265689849854,,,,,,,,,,,,,0.17509955167770386,0.0771111473441124,0.08072087168693542,0.42150136828422546,0.13329681754112244,0.10930179804563522,0.0,0.013658836483955383,0.01856754720211029,0.20732593536376953,0.19366709887981415,0.17509955167770386
0.045654296875,0.22341124713420868,0.0,0.0,0.0,0.5,0.15787887573242188,1.6886098384857178,0.0,0.6278506517410278,0.06462572515010834,0.57421875,6.953672885894775,0,-1.578605055809021,0.5467193722724915,9.134573936462402,1.1333682537078857,0.9991020560264587,0.10000000149011612,0.48684975504875183,0.01615622639656067,0.021552905440330505,500.6734619140625,0.0,0.603070855140686,889085.0,0.03094528056681156,0.16822871565818787,0.2923005521297455,79.0,6.104000091552734,7.253579616546631,2.000178813934326,0.0,3690.0,889086.0,38.0,0.0011577713303267956,0.0,0.0,0.0,845022.875,329204.96875,929.3673706054688,409.0,0.0,500.0,3052.0,889085.0,0.10316848754882812,-6.811534881591797,0.13835611939430237,0.0020820745266973972,101.0,2048.0,1.7621773481369019,0.3252916932106018,0.0,4.464527606964111,0.16519492864608765,,,-0.04606759920716286,845321.0,-0.008728650398552418,0.00012027678894810379,1.040120005607605,-0.0034466758370399475,3461.0,0.020408162847161293,889086.0,86.46363830566406,78.0,0.025557011365890503,54.253028869628906,0.3282283544540405,2.495194435119629,49.0,16384.0,0.042050231248140335,0.041958048939704895,0.26567062735557556,0.24450238049030304,0.02631578966975212,186.00079345703125,0.7904783487319946,0.904890239238739,1.2384815216064453,0.002157817827537656,-0.5381798148155212,0.3126331567764282,0.09521484375,0.8692231774330139,0.6886267066001892,0.0,0.0008747418178245425,1.0,1.0,0.9481782913208008,-0.006883061490952969,0.265438973903656,0.6838822960853577,0.6647993326187134,0.8540061712265015,0.9487743377685547,0.5511552095413208,21.769763946533203,1.0985618829727173,1.0,-0.0005064796423539519,0.2565937042236328,0.9335180521011353,0.9151162505149841,0.6817731261253357,0.16208408772945404,0.1635330319404602,-4.1743995097931474e-05,-6.547792145283893e-05,0.9365223050117493,0.9340861439704895,0.7007792592048645,0.17118076980113983,0.17821620404720306,0.9361357688903809,0.9338684678077698,0.70014488697052,0.17296043038368225,0.17915372550487518,18499,4.0549187660217285,,,,,,,,,,,,,0.17760345339775085,0.0771464854478836,0.08141931891441345,0.4209939241409302,0.13671229779720306,0.10992826521396637,0.0,0.015049457550048828,0.020102500915527344,0.21275541186332703,0.1977059543132782,0.17760345339775085
0.0289306640625,0.21056486666202545,0.0,0.0,0.0,0.6875,0.16010576486587524,1.7527399063110352,0.0,0.6259278059005737,0.06423595547676086,0.59375,7.0961079597473145,0,-1.6189837455749512,0.5433976650238037,11.190648078918457,1.1548492908477783,0.9990988373756409,0.10000000149011612,0.4871765077114105,0.016255144029855728,0.021743841469287872,544.6041870117188,0.0,0.6177250146865845,913321.0,0.03071271814405918,0.16697515547275543,0.2891923487186432,80.0,6.142000198364258,7.4172682762146,2.000178813934326,0.0,3732.0,913322.0,438.0,0.0023934440687298775,0.0,0.0,0.0,869258.875,339363.21875,965.625,409.0,0.0,500.0,3071.0,913321.0,-2.4449195861816406,-5.682760715484619,0.13697798550128937,0.004917777143418789,101.0,2048.0,1.549203872680664,0.3054405152797699,0.0,4.622210502624512,0.2010970413684845,,,-0.04584429785609245,869510.0,-0.008796194568276405,-3.627480327850208e-05,1.0406761169433594,-0.0008238315931521356,3480.0,0.0,913322.0,86.19766998291016,75.0,0.024422012269496918,49.40602493286133,0.3258160948753357,2.457561492919922,48.0,16384.0,0.04247172921895981,0.04192611202597618,0.26547181606292725,0.24308928847312927,0.02631578966975212,184.74546813964844,0.7852826118469238,0.9034134745597839,1.239102840423584,-0.0037133556324988604,-0.5399987697601318,0.2535208463668823,0.0703125,0.9055682420730591,0.6675350069999695,0.0,0.000847118441015482,1.0,1.0,1.034050464630127,-0.007413717918097973,0.2609197795391083,0.6128035187721252,0.6270167827606201,0.8271027207374573,0.94190514087677,0.5314254760742188,22.10822105407715,1.0951415300369263,1.0,-0.000595535384491086,0.25627467036247253,0.9334155917167664,0.9150431156158447,0.6813847422599792,0.1642909198999405,0.1653609424829483,-7.624370482517406e-05,-6.539328023791313e-05,0.9363565444946289,0.9340319037437439,0.7004612684249878,0.17227265238761902,0.17892953753471375,0.9360328912734985,0.9339628219604492,0.6997944712638855,0.17513155937194824,0.18102146685123444,18999,4.030035495758057,,,,,,,,,,,,,0.17915740609169006,0.07802438735961914,0.08250579982995987,0.4192606508731842,0.13815850019454956,0.11038200557231903,0.0,0.01650339365005493,0.02175968885421753,0.21742048859596252,0.2009170949459076,0.17915740609169006
0.0274658203125,0.22960373759269714,0.0,0.0,0.0,0.6875,0.15888671576976776,1.6710140705108643,0.0,0.6310595870018005,0.06480361521244049,0.59765625,7.190398693084717,0,-1.658646821975708,0.5422110557556152,9.118328094482422,1.1698620319366455,0.9991196990013123,0.10000000149011612,0.48737019300460815,0.01635700650513172,0.02191120758652687,689.4418334960938,0.0,0.6317141652107239,937118.0,0.029437948018312454,0.15974918007850647,0.2886407673358917,87.0,6.1620001792907715,7.607595443725586,2.000178813934326,0.0,3797.0,937119.0,94.0,0.00042908627074211836,0.0,0.0,0.0,893055.875,345213.28125,1090.1163330078125,424.0,0.0,500.0,3081.0,937118.0,-4.862314224243164,-6.471679210662842,0.14239315688610077,0.0028066486120224,128.0,2051.0,1.5808790922164917,0.32014918327331543,0.0,4.680249214172363,0.21390984952449799,,,-0.04454344883561134,893283.0,-0.008642632514238358,0.0011034720810130239,1.0400118827819824,-0.0011190359946340322,3505.0,0.0,937119.0,118.84075164794922,112.0,0.03635183349251747,38.942840576171875,0.32504692673683167,2.1685476303100586,43.0,16384.0,0.04296760633587837,0.04247862845659256,0.2655187249183655,0.2424631118774414,0.02631578966975212,192.82835388183594,0.7791566848754883,0.9140926599502563,1.242801547050476,-0.0060686152428388596,-0.5354062914848328,0.26615750789642334,0.06884765625,0.8386887311935425,0.6475170254707336,0.0,0.0009879652643576264,1.0,1.0,0.9833111763000488,0.006153063848614693,0.26048845052719116,0.6895282864570618,0.6295922994613647,0.9267875552177429,0.94486403465271,0.5232800245285034,22.44536018371582,1.1116148233413696,1.0,-0.00045269602560438216,0.25620636343955994,0.933184027671814,0.9142947793006897,0.6818628907203674,0.16450108587741852,0.1653919667005539,8.867180440574884e-05,-5.73881061427528e-06,0.9361878037452698,0.9339148998260498,0.7003301382064819,0.17355579137802124,0.17976798117160797,0.9358338713645935,0.9335256814956665,0.7003651261329651,0.1753886491060257,0.1808309108018875,19499,3.6327803134918213,,,,,,,,,,,,,0.1768304407596588,0.07627785950899124,0.0809556245803833,0.41360536217689514,0.13473528623580933,0.10880972445011139,0.0,0.016191914677619934,0.021238699555397034,0.21426105499267578,0.19806914031505585,0.1768304407596588
0.024658203125,0.21745723485946655,0.0,0.0,0.0,0.6875,0.1614622324705124,1.744662880897522,0.0,0.6351203918457031,0.06491506099700928,0.6015625,7.250276565551758,0,-1.697436809539795,0.5398074984550476,11.482078552246094,1.186448574066162,0.9991269111633301,0.10000000149011612,0.4874989986419678,0.016381507739424706,0.02208700403571129,630.1521606445312,0.0,0.652291476726532,960934.0,0.030203940346837044,0.16273538768291473,0.2882276773452759,88.0,6.198000431060791,7.640126705169678,2.000178813934326,0.0,3843.0,960935.0,677.0,0.003669759491458535,0.0,0.0,0.0,916871.875,350568.65625,1039.45654296875,436.0,0.0,500.0,3099.0,960934.0,-2.1846275329589844,-11.858854293823242,0.14794455468654633,0.0028129126876592636,119.0,2051.0,1.5597708225250244,0.3064292371273041,0.0,4.870841026306152,0.1637873500585556,,,-0.04207788407802582,916948.0,-0.00822436809539795,0.0003635553875938058,1.0385422706604004,-0.0013947411207482219,3535.0,0.0,960935.0,103.46023559570312,98.0,0.031623102724552155,49.077003479003906,0.3228556215763092,2.2900447845458984,46.0,16384.0,0.04313415288925171,0.04228295013308525,0.2610606849193573,0.23815403878688812,0.02631578966975212,188.7312469482422,0.7733007669448853,0.9021701812744141,1.2484339475631714,0.0015413743676617742,-0.5407365560531616,0.3193671405315399,0.08056640625,0.8341400623321533,0.7424975633621216,0.0,0.0012707591522485018,1.0,1.0,0.9983105659484863,-0.007069097366183996,0.24911876022815704,0.6813811659812927,0.6208641529083252,0.8665540218353271,0.9797526001930237,0.539597749710083,22.77539825439453,1.143404245376587,1.0,-0.00046903701149858534,0.2562406659126282,0.9330087900161743,0.9141517281532288,0.6822986006736755,0.1647041290998459,0.16509608924388885,9.596699965186417e-05,3.699381340993568e-05,0.9360281825065613,0.9337636232376099,0.7004510760307312,0.17426639795303345,0.18014943599700928,0.9356649518013,0.9335286021232605,0.7008790969848633,0.1754692792892456,0.180575892329216,19999,3.893656015396118,,,,,,,,,,,,,0.17633502185344696,0.07528215646743774,0.07937299460172653,0.4192444086074829,0.1406554877758026,0.1110059842467308,0.0,0.01835763454437256,0.02357661724090576,0.21826927363872528,0.19991163909435272,0.17633502185344696
,,,,,,,,,,,,,0,,,,,,,,,,,,,,,,,,,,,,,,,,,,,,,,,,,,,,,,,,,,,,,,0.0032528690062463284,0.3281345069408417,,,,,,,,,,,,,,,,,,,,,,,,,,,,,,,,,,,,,,,,,,,,,,,,,,,,,,,,,,,,,,,,,,,19999,,0.8372513651847839,188.95492553710938,212.2049560546875,23.250030517578125,5.221817970275879,194.17674255371094,185.8203582763672,191.0432586669922,213.44602966308594,5.280187606811523,221.11924743652344,215.8390655517578,,,,,,,,,,,,
0.0181884765625,0.24292348325252533,0.0,0.0,0.0,0.53125,0.16213785111904144,1.7227805852890015,0.0,0.6327697038650513,0.06518222391605377,0.609375,7.384422302246094,0,-1.7359237670898438,0.5623010396957397,11.889345169067383,1.2077579498291016,0.9991294145584106,0.10000000149011612,0.48780617117881775,0.016489949077367783,0.022235199809074402,623.5098266601562,0.0,0.6703516244888306,985066.0,0.029958561062812805,0.1626046746969223,0.2885463535785675,88.0,6.208000183105469,7.638417720794678,2.000178813934326,0.0,3883.0,985067.0,68.0,0.00024069419305305928,0.0,0.0,0.0,941003.875,358248.71875,1032.4705810546875,459.0,0.0,500.0,3104.0,985066.0,-4.562835693359375,-6.6214680671691895,0.15197403728961945,0.0024985368363559246,121.0,2049.0,1.5925700664520264,0.3013404309749603,0.0,4.928593635559082,0.1727292239665985,,,-0.04103714972734451,940969.0,-0.008104470558464527,0.00042751076398417354,1.0377849340438843,-0.003393592545762658,3563.0,0.0,985067.0,113.14774322509766,105.0,0.033827319741249084,35.81494903564453,0.32230499386787415,2.1359975337982178,51.0,16384.0,0.043427541851997375,0.04266684129834175,0.2617691159248352,0.23694485425949097,0.02631578966975212,186.81597900390625,0.7715029120445251,0.9084405303001404,1.2519227266311646,-0.003633931279182434,-0.5442115664482117,0.33285680413246155,0.083984375,0.8708118796348572,0.6791236996650696,0.0,0.0010822918266057968,1.0,1.0,1.0556974411010742,-0.0165133997797966,0.24195106327533722,0.6600983738899231,0.5620427131652832,0.8748403787612915,0.9344601035118103,0.5648487210273743,23.10243034362793,1.1540460586547852,1.0,-0.000617647310718894,0.25595515966415405,0.9328181147575378,0.9139764904975891,0.6817193031311035,0.16718639433383942,0.1669384390115738,-0.00014043653209228069,-1.1142482435388956e-05,0.9358437061309814,0.933673620223999,0.7004536390304565,0.1751910150051117,0.180657759308815,0.9354861378669739,0.933500349521637,0.7002133131027222,0.1778695434331894,0.18253494799137115,20499,4.000441551208496,,,,,,,,,,,,,0.17727522552013397,0.07596375048160553,0.0808214396238327,0.42173677682876587,0.13969315588474274,0.10922926664352417,0.0,0.01934652030467987,0.024554967880249023,0.22117671370506287,0.201830193400383,0.17727522552013397
0.025634765625,0.26652494072914124,0.0,0.0,0.0,0.625,0.16244466602802277,1.7188267707824707,0.0,0.6316395998001099,0.06544303148984909,0.625,7.519093036651611,0,-1.7746713161468506,0.5491703152656555,10.513998031616211,1.2286491394042969,0.999112606048584,0.10000000149011612,0.48809847235679626,0.016565022990107536,0.0224197655916214,649.8541870117188,0.0,0.692232608795166,1009271.0,0.03032219596207142,0.16628925502300262,0.29045501351356506,88.0,6.266000270843506,7.701550006866455,2.000178813934326,0.0,3930.0,1009272.0,850.0,0.004810977261513472,0.0,0.0,0.0,965208.875,363962.625,1056.6875,468.0,0.0,500.0,3133.0,1009271.0,-1.5582160949707031,-5.893091201782227,0.15832702815532684,0.003081635572016239,139.0,2049.0,1.659388542175293,0.31603145599365234,0.0,5.360550403594971,0.16243238747119904,,,-0.03912786766886711,965064.0,-0.007789721712470055,-1.8018545233644545e-05,1.0361517667770386,-0.00027535963454283774,3601.0,0.0,1009272.0,117.19931030273438,110.0,0.035110119730234146,31.611980438232422,0.31934764981269836,2.0770156383514404,48.0,16384.0,0.04385819658637047,0.0426299087703228,0.25726959109306335,0.23409758508205414,0.02631578966975212,181.68414306640625,0.7685495018959045,0.8989368677139282,1.2577884197235107,-0.009716699831187725,-0.5401889681816101,0.33556097745895386,0.0810546875,0.9285030364990234,0.6945419907569885,0.0,0.000864620553329587,1.0,1.0,0.9868123531341553,-0.004070321097970009,0.24531042575836182,0.7075716853141785,0.5768074989318848,0.9401774406433105,0.917881965637207,0.5606047511100769,23.425321578979492,1.1676899194717407,1.0,-0.0006870726938359439,0.25586628913879395,0.9326738119125366,0.9135919809341431,0.6816180944442749,0.16802813112735748,0.16771340370178223,-0.00012735046038869768,-4.620536401489517e-06,0.9356814622879028,0.9336045384407043,0.7004799246788025,0.17649240791797638,0.18161004781723022,0.9353687167167664,0.9333877563476562,0.7003105878829956,0.17892484366893768,0.1834668517112732,20999,3.881033420562744,,,,,,,,,,,,,0.17802612483501434,0.07486188411712646,0.08038236200809479,0.4133656620979309,0.14209559559822083,0.10934502631425858,0.0,0.021344318985939026,0.026523098349571228,0.2258935421705246,0.20454922318458557,0.17802612483501434
0.021484375,0.24380548298358917,0.0,0.0,0.0,0.46875,0.1635981947183609,1.7633097171783447,0.0,0.6368708610534668,0.06552692502737045,0.61328125,7.5776286125183105,0,-1.812574028968811,0.5571341514587402,10.537111282348633,1.2462613582611084,0.9991635084152222,0.10000000149011612,0.4881771504878998,0.016643712297081947,0.02255503460764885,721.75,0.0,0.7114848494529724,1033274.0,0.02992851473391056,0.16335132718086243,0.2797558307647705,89.0,6.298000335693359,7.851910591125488,2.000178813934326,0.0,3991.0,1033275.0,1185.0,0.006757885683327913,0.0,0.0,0.0,989211.875,367895.6875,1124.95458984375,474.0,0.0,500.0,3149.0,1033274.0,-4.631013870239258,-6.774806022644043,0.16420765221118927,0.0032540084794163704,140.0,2048.0,1.682586669921875,0.3369441032409668,0.0,5.409465312957764,0.18477855622768402,,,-0.04027865454554558,988866.0,-0.008120672777295113,0.00023052701726555824,1.0366363525390625,-0.0016700556734576821,3623.0,0.0,1033275.0,131.37771606445312,122.0,0.03874245658516884,31.109416961669922,0.31762784719467163,1.9617290496826172,44.0,16384.0,0.04426826164126396,0.0426519513130188,0.25729358196258545,0.23299840092658997,0.02631578966975212,184.96974182128906,0.7645029425621033,0.9056777358055115,1.2549000978469849,-0.008325186558067799,-0.5425477623939514,0.3280208110809326,0.06689453125,0.8932994604110718,0.7430930733680725,0.0,0.0010094548342749476,1.0,1.0,1.0867772102355957,-0.007013716734945774,0.2323974370956421,0.670734167098999,0.5986942648887634,0.9104019403457642,0.9652713537216187,0.5317685008049011,23.743751525878906,1.1934700012207031,1.0,-0.0005442220135591924,0.2560393810272217,0.9323871731758118,0.9132168292999268,0.6810351610183716,0.16764813661575317,0.16690173745155334,1.60230410983786e-05,-5.751172284362838e-05,0.935519278049469,0.933458685874939,0.7002477049827576,0.1774527132511139,0.18224354088306427,0.9351249933242798,0.9332003593444824,0.6997460722923279,0.17885102331638336,0.1828385293483734,21499,3.9812045097351074,,,,,,,,,,,,,0.18264177441596985,0.07709112763404846,0.08180844038724899,0.42280465364456177,0.14531636238098145,0.11140704154968262,0.0,0.02264690399169922,0.02843107283115387,0.23371975123882294,0.21107284724712372,0.18264177441596985
0.020263671875,0.24402238428592682,0.0,0.0,0.0,0.75,0.16530875861644745,1.7617298364639282,0.0,0.6372529864311218,0.06532218307256699,0.62890625,7.606154918670654,0,-1.850165843963623,0.5553213357925415,10.080994606018066,1.2681313753128052,0.9991336464881897,0.10000000149011612,0.48814916610717773,0.016732744872570038,0.022757915779948235,446.05126953125,1.0,0.7279881238937378,1056781.0,0.028894459828734398,0.15942060947418213,0.2863922119140625,87.0,6.330000400543213,8.063445091247559,2.000178813934326,0.0,4041.0,1056782.0,592.0,0.003293912159278989,0.0,0.0,0.0,1012718.875,375153.875,882.1025390625,475.0,0.0,500.0,3165.0,1056781.0,-1.1405220031738281,-3.4310154914855957,0.1705920398235321,0.006432080175727606,130.0,2049.0,1.7859467267990112,0.3506734073162079,0.0,5.5261101722717285,0.28847771883010864,,,-0.03945142775774002,1011882.0,-0.008031308650970459,0.0010206091683357954,1.0365244150161743,-0.0008243423071689904,3640.0,0.0,1056782.0,118.0377197265625,113.0,0.03570300340652466,37.51029968261719,0.3160519003868103,2.0848116874694824,39.0,16384.0,0.044619977474212646,0.042834922671318054,0.25459638237953186,0.22906659543514252,0.035087719559669495,185.66201782226562,0.7570803165435791,0.89028400182724,1.263369083404541,-0.008148184046149254,-0.5491023063659668,0.3487756848335266,0.0771484375,0.8802527785301208,0.7611374258995056,0.0,0.0009361901902593672,1.0,1.0,0.964730978012085,-0.006280718371272087,0.2261587679386139,0.6310083866119385,0.6156834363937378,0.8124579787254333,0.9743990898132324,0.5593951344490051,24.059995651245117,1.2170289754867554,1.0,-0.000570773147046566,0.2558377981185913,0.9322655200958252,0.9127698540687561,0.6812585592269897,0.16763316094875336,0.16679973900318146,-1.9024135326617397e-05,-8.268222700280603e-06,0.9353466033935547,0.9333212375640869,0.7001439332962036,0.17795617878437042,0.18239490687847137,0.935014009475708,0.9328972697257996,0.7000494599342346,0.1784510761499405,0.1823895424604416,21999,4.0732903480529785,,,,,,,,,,,,,0.1793692708015442,0.0750826969742775,0.080634705722332,0.41392096877098083,0.14445002377033234,0.1092948168516159,0.0,0.02440066635608673,0.02950190007686615,0.23327183723449707,0.20887117087841034,0.1793692708015442
0.018798828125,0.2366212159395218,0.0,0.0,0.0,0.625,0.16845516860485077,1.9009052515029907,0.0,0.6510224938392639,0.06611036509275436,0.64453125,7.744598388671875,0,-1.8876757621765137,0.5512343049049377,11.061155319213867,1.28233802318573,0.9991602897644043,0.10000000149011612,0.4882827699184418,0.01685757376253605,0.02298879250884056,439.875,6.0,0.736945390701294,1080562.0,0.029656967148184776,0.16440927982330322,0.2950478494167328,88.0,6.380000114440918,8.2091646194458,2.000178813934326,0.0,4089.0,1080563.0,760.0,0.004925407003611326,0.0,0.0,0.0,1036499.875,381285.9375,875.0208129882812,477.0,0.0,500.0,3190.0,1080562.0,-2.3976821899414062,-4.7130351066589355,0.17428098618984222,0.002529955469071865,125.0,2048.0,1.6590445041656494,0.31843698024749756,0.0,5.590969085693359,0.20231342315673828,,,-0.044875502586364746,1035387.0,-0.009243832901120186,0.0010856265434995294,1.0435124635696411,-0.004765619989484549,3667.0,0.0,1080563.0,101.44364929199219,97.0,0.03040752373635769,52.76137161254883,0.313724160194397,2.2798399925231934,48.0,16384.0,0.044902727007865906,0.042862970381975174,0.25362274050712585,0.22777755558490753,0.02631578966975212,187.70217895507812,0.7570725083351135,0.9043588638305664,1.264052391052246,0.002911265939474106,-0.5529135465621948,0.3421532213687897,0.0771484375,0.9197492003440857,0.7003135085105896,0.0,0.0008633465622551739,1.0,1.0,1.0312557220458984,0.0033792490139603615,0.22460298240184784,0.6174517869949341,0.6140291690826416,0.849187970161438,0.9276357889175415,0.5455293655395508,24.3693904876709,1.2220208644866943,1.0,-0.0003933664702344686,0.2558706998825073,0.9320614337921143,0.9124301075935364,0.6811972260475159,0.1686328798532486,0.1675807237625122,0.00016510159184690565,-1.0877783097384963e-05,0.9351787567138672,0.9331068396568298,0.7000195384025574,0.17839451134204865,0.18260334432125092,0.9348298907279968,0.9328050017356873,0.7000864148139954,0.17963343858718872,0.18334752321243286,22499,3.8988780975341797,,,,,,,,,,,,,0.18088164925575256,0.0752740353345871,0.08122189342975616,0.4116625189781189,0.14569322764873505,0.11036543548107147,0.0,0.025396287441253662,0.030160143971443176,0.2364380806684494,0.21104179322719574,0.18088164925575256
0.0269775390625,0.22787222266197205,0.0,0.0,0.0,0.625,0.16520361602306366,1.8380454778671265,0.0,0.6480514407157898,0.06616631895303726,0.640625,7.81043815612793,0,-1.9244699478149414,0.5580397844314575,11.871564865112305,1.2958502769470215,0.9991384744644165,0.10000000149011612,0.48834818601608276,0.01686655916273594,0.023068487644195557,736.5999755859375,0.0,0.7540066242218018,1104610.0,0.02981429733335972,0.1657060831785202,0.26372861862182617,88.0,6.438000202178955,8.405680656433105,2.000178813934326,0.0,4134.0,1104611.0,404.0,0.0023518444504588842,0.0,0.0,0.0,1060547.875,387257.28125,1143.5777587890625,482.0,0.0,500.0,3219.0,1104610.0,-3.9893875122070312,-8.279231071472168,0.18016794323921204,0.004031582269817591,149.0,2049.0,1.8174842596054077,0.35271501541137695,0.0,5.819028377532959,0.227940171957016,,,-0.04569465294480324,1059405.0,-0.009493774734437466,-0.0012211137218400836,1.0448722839355469,-0.0028387734200805426,3701.0,0.0,1104611.0,149.31024169921875,140.0,0.04349176585674286,29.3342227935791,0.31096193194389343,1.8240810632705688,45.0,16384.0,0.04519997164607048,0.04295693710446358,0.25555768609046936,0.22897493839263916,0.02631578966975212,191.33465576171875,0.7563850283622742,0.9033089876174927,1.2633713483810425,-0.0004922805819660425,-0.545166015625,0.315839558839798,0.08251953125,0.8098788261413574,0.743087887763977,0.0,0.0010843643685802817,1.0,1.0,1.055859088897705,0.00012327211152296513,0.2141336053609848,0.6020443439483643,0.5779301524162292,0.8154383301734924,0.9363396167755127,0.5620478391647339,24.671911239624023,1.2110018730163574,1.0,-0.0007476568571291864,0.2560153901576996,0.9320538640022278,0.9126317501068115,0.6800651550292969,0.16892381012439728,0.16815365850925446,-0.0002485385921318084,-8.759192132856697e-05,0.9350349307060242,0.9330496191978455,0.6998046040534973,0.1789567768573761,0.1829984486103058,0.9347968101501465,0.9331188797950745,0.6987667679786682,0.1800563484430313,0.18401078879833221,22999,3.622704267501831,,,,,,,,,,,,,0.18092583119869232,0.07458958774805069,0.08103704452514648,0.405973345041275,0.14195387065410614,0.10937601327896118,0.0,0.024837195873260498,0.029744520783424377,0.2355075478553772,0.2106703519821167,0.18092583119869232
0.02294921875,0.22900238633155823,0.0,0.0,0.0,0.5625,0.16849403083324432,1.889671802520752,0.0,0.6423723101615906,0.06628575176000595,0.6484375,7.850632190704346,0,-1.9606375694274902,0.5575073957443237,10.847563743591309,1.3161739110946655,0.9991795420646667,0.10000000149011612,0.4886312186717987,0.01694132387638092,0.023239292204380035,662.760009765625,0.0,0.776802659034729,1128626.0,0.0303176436573267,0.16890592873096466,0.2719792425632477,89.0,6.502000331878662,8.678515434265137,2.000178813934326,0.0,4191.0,1128627.0,73.0,0.0003012196102645248,0.0,0.0,0.0,1084563.875,395876.40625,1074.219970703125,482.0,0.0,500.0,3251.0,1128626.0,-6.678714752197266,-9.960518836975098,0.18561282753944397,0.0028299379628151655,146.0,2048.0,1.6146758794784546,0.3091006577014923,0.0,5.8933610916137695,0.29285451769828796,,,-0.045794013887643814,1083415.0,-0.009618908166885376,-0.0015710553852841258,1.0438451766967773,-0.005011678673326969,3733.0,0.0,1128627.0,134.37030029296875,127.0,0.03906490281224251,31.517366409301758,0.3079242408275604,1.9011629819869995,50.0,16384.0,0.04556825011968613,0.04302836209535599,0.25128474831581116,0.22692567110061646,0.035087719559669495,185.7859344482422,0.754253625869751,0.9076494574546814,1.2646634578704834,-0.00989454798400402,-0.5389136672019958,0.3179118037223816,0.080078125,0.8025223016738892,0.7425407767295837,0.0,0.001126816961914301,1.0,1.0,1.0090899467468262,-0.018795128911733627,0.2199418544769287,0.6182769536972046,0.6057009696960449,0.798115611076355,0.9613199830055237,0.5494809150695801,24.97265625,1.3018678426742554,1.0,-0.00039668646058999,0.2557069957256317,0.9318859577178955,0.912173330783844,0.6806719899177551,0.1707550436258316,0.16946083307266235,0.00013416624278761446,-3.522994666127488e-05,0.9349108338356018,0.9330471754074097,0.699476957321167,0.17972663044929504,0.18366621434688568,0.9346421360969543,0.9328594207763672,0.6992921233177185,0.18186987936496735,0.18534961342811584,23499,4.079547882080078,,,,,,,,,,,,,0.1866135448217392,0.07690191268920898,0.0820070207118988,0.4281279146671295,0.1503545045852661,0.11144586652517319,0.0,0.028510823845863342,0.03399735689163208,0.24912172555923462,0.22061090171337128,0.1866135448217392
0.0341796875,0.24719242751598358,0.0,0.0,0.0,0.59375,0.16778597235679626,1.8587956428527832,0.0,0.6568883061408997,0.06710212677717209,0.66015625,7.965493679046631,0,-1.996004581451416,0.5650128126144409,9.958513259887695,1.3204126358032227,0.9991827607154846,0.10000000149011612,0.48875588178634644,0.01704583317041397,0.023394688963890076,518.1591186523438,1.0,0.7951263785362244,1152807.0,0.030108746141195297,0.16816140711307526,0.2731417417526245,89.0,6.5460004806518555,8.769360542297363,2.000178813934326,0.0,4219.0,1152808.0,290.0,0.0016335166292265058,0.0,0.0,0.0,1108744.875,402984.28125,946.3636474609375,485.0,0.0,500.0,3273.0,1152807.0,-2.390972137451172,-8.73781681060791,0.1901857852935791,0.004225781187415123,136.0,2048.0,1.6397250890731812,0.3203350007534027,0.0,5.825538158416748,0.3013657331466675,,,-0.0423097163438797,1107595.0,-0.008947372436523438,-0.0006660767248831689,1.0400173664093018,-0.005335231311619282,3758.0,0.0,1152808.0,116.97196197509766,110.0,0.03360830992460251,34.648406982421875,0.305696964263916,2.027214288711548,44.0,16384.0,0.04596087709069252,0.04291132092475891,0.2512078583240509,0.2273486703634262,0.02631578966975212,187.0216827392578,0.7512343525886536,0.9039289355278015,1.2641137838363647,-0.0035509257577359676,-0.5500316619873047,0.31448593735694885,0.08154296875,0.6978307366371155,0.6926367282867432,0.0,0.0010180686367675662,1.0,1.0,0.9155316352844238,-0.0030729216523468494,0.23009571433067322,0.6664758920669556,0.6028409004211426,0.8273155093193054,0.9638150334358215,0.543769121170044,25.269987106323242,1.3021912574768066,1.0,-0.0006532110273838043,0.25573134422302246,0.9317905902862549,0.9120811223983765,0.681384265422821,0.1703289896249771,0.16912955045700073,-0.00010842168558156118,4.427952444530092e-05,0.9348002076148987,0.9329751133918762,0.699672281742096,0.18045838177204132,0.18424178659915924,0.9345577955245972,0.9329069256782532,0.6999611854553223,0.18130753934383392,0.18503206968307495,23999,3.726973295211792,,,,,,,,,,,,,0.18366162478923798,0.07536186277866364,0.07998465746641159,0.41768017411231995,0.14544305205345154,0.10983678698539734,0.0,0.028098583221435547,0.03307254612445831,0.24483275413513184,0.2167341709136963,0.18366162478923798
0.0260009765625,0.2588086426258087,0.0,0.0,0.0,0.59375,0.16609704494476318,1.86076021194458,0.0,0.6615332961082458,0.06727004051208496,0.6640625,8.0160493850708,0,-2.0313127040863037,0.5408204793930054,9.69316291809082,1.3509540557861328,0.9991660118103027,0.10000000149011612,0.48891887068748474,0.017138175666332245,0.023571157827973366,517.4509887695312,0.0,0.7995734214782715,1176939.0,0.02967602014541626,0.16613736748695374,0.278742253780365,89.0,6.5960001945495605,8.754316329956055,2.000178813934326,0.0,4266.0,1176940.0,810.0,0.0048203133046627045,0.0,0.0,0.0,1132876.875,410306.90625,944.9607543945312,494.0,0.0,500.0,3298.0,1176939.0,-1.922882080078125,-5.0739264488220215,0.19501729309558868,0.002617624355480075,140.0,2050.0,1.963049292564392,0.3659423291683197,0.0,5.811568260192871,0.30463075637817383,,,-0.044957056641578674,1131425.0,-0.009612172842025757,-0.00013977599155623466,1.04216468334198,-0.006428916938602924,3792.0,0.0,1176940.0,114.32705688476562,112.0,0.03395997732877731,40.52183151245117,0.3033170998096466,2.0650365352630615,51.0,16384.0,0.04609520360827446,0.04296982288360596,0.24878762662410736,0.22344890236854553,0.035087719559669495,187.6747283935547,0.7503534555435181,0.9073789119720459,1.272465467453003,-0.008589353412389755,-0.5443167090415955,0.30622726678848267,0.09765625,0.8292904496192932,0.7534869909286499,0.0,0.0011210680240765214,1.0,1.0,0.9224658012390137,-0.00019036151934415102,0.22113598883152008,0.49358054995536804,0.6237050294876099,0.761404275894165,0.9606376886367798,0.5793293118476868,25.562522888183594,1.3006905317306519,1.0,-0.0006002009613439441,0.2555166482925415,0.9315466284751892,0.9117713570594788,0.6804946660995483,0.17175516486167908,0.16970929503440857,-7.38763264962472e-05,-4.072026422363706e-05,0.9346520900726318,0.9329171180725098,0.6995498538017273,0.180998295545578,0.1846499741077423,0.9343360662460327,0.9327892065048218,0.6991081833839417,0.1827666312456131,0.18570339679718018,24499,3.6729812622070312,,,,,,,,,,,,,0.18427276611328125,0.07531372457742691,0.08091706037521362,0.41445547342300415,0.15145370364189148,0.1120007261633873,0.0,0.03151990473270416,0.03579668700695038,0.2515893578529358,0.22006945312023163,0.18427276611328125
0.028564453125,0.2422710657119751,0.0,0.0,0.0,0.5,0.17098724842071533,1.9922940731048584,0.0,0.650200366973877,0.0673518031835556,0.67578125,8.060251235961914,0,-2.0669496059417725,0.5607036352157593,7.880496978759766,1.365859866142273,0.9992098212242126,0.10000000149011612,0.48922356963157654,0.017194334417581558,0.023730460554361343,517.3829956054688,0.0,0.810945987701416,1200914.0,0.029763132333755493,0.16614165902137756,0.28154462575912476,87.0,6.610000133514404,8.489171028137207,2.000178813934326,0.0,4315.0,1200915.0,1423.0,0.007986129261553288,0.0,0.0,0.0,1156851.875,417244.4375,943.9786987304688,517.0,0.0,500.0,3305.0,1200914.0,-1.8902206420898438,-5.427555561065674,0.19849063456058502,0.004687163047492504,145.0,2049.0,1.7393320798873901,0.3382214903831482,0.0,5.904166221618652,0.29446446895599365,,,-0.04502633586525917,1155259.0,-0.009742196649312973,-0.00037998423795215786,1.043038249015808,-0.005849073175340891,3822.0,0.0,1200915.0,124.28662109375,125.0,0.03782148286700249,40.007930755615234,0.3026271462440491,2.0305161476135254,47.0,16384.0,0.046435464173555374,0.04307415336370468,0.2491486519575119,0.2233070582151413,0.035087719559669495,184.78726196289062,0.7453526258468628,0.8945971131324768,1.275189757347107,0.0010076245525851846,-0.5506718754768372,0.271860808134079,0.0703125,0.8087745904922485,0.6586989164352417,0.0,0.0011721596820279956,1.0,1.0,0.9411661624908447,0.01008133590221405,0.2140970528125763,0.6337918043136597,0.58088618516922,0.8577670454978943,0.9124408960342407,0.5251755714416504,25.85173797607422,1.2983964681625366,1.0,-0.00045537843834608793,0.2552978992462158,0.9314916729927063,0.9115023612976074,0.6803849339485168,0.17393438518047333,0.17133954167366028,7.841319165891036e-05,-4.311143857194111e-05,0.9345278739929199,0.9328678846359253,0.6993262767791748,0.1822684109210968,0.18552149832248688,0.934271514415741,0.9326637387275696,0.6990140676498413,0.18480850756168365,0.1872638761997223,24999,3.9308042526245117,,,,,,,,,,,,,0.18347184360027313,0.07507297396659851,0.08023694157600403,0.42442357540130615,0.15210843086242676,0.11225851625204086,0.0,0.0313774049282074,0.03619585931301117,0.2510451078414917,0.2196677029132843,0.18347184360027313
0.03076171875,0.23235604166984558,0.0,0.0,0.0,0.6875,0.16996906697750092,2.0080535411834717,0.0,0.6624859571456909,0.06687898188829422,0.671875,8.090888023376465,0,-2.1019415855407715,0.5738980770111084,11.630502700805664,1.379995584487915,0.9991893768310547,0.10000000149011612,0.4894596040248871,0.017247576266527176,0.023809954524040222,506.06121826171875,0.0,0.8312662839889526,1224849.0,0.028839915990829468,0.1629362255334854,0.28345417976379395,89.0,6.6620001792907715,8.511677742004395,2.000178813934326,0.0,4364.0,1224850.0,910.0,0.00478798383846879,0.0,0.0,0.0,1180786.875,422732.84375,933.8571166992188,525.0,0.0,500.0,3331.0,1224849.0,-2.8940658569335938,-4.769441604614258,0.20285972952842712,0.003940179478377104,136.0,2048.0,1.7936261892318726,0.33868202567100525,0.0,5.902626037597656,0.30798211693763733,,,-0.0421445295214653,1179141.0,-0.009180489927530289,-0.00034685287391766906,1.0395601987838745,-0.005061260890215635,3856.0,0.0,1224850.0,112.55989074707031,109.0,0.03272290527820587,38.030052185058594,0.3002691864967346,2.0957765579223633,49.0,16384.0,0.04668543115258217,0.042811982333660126,0.24654699862003326,0.21888409554958344,0.035087719559669495,195.45858764648438,0.7419646978378296,0.9019810557365417,1.2758712768554688,-0.008179081603884697,-0.5455393195152283,0.29500338435173035,0.09423828125,0.7910537123680115,0.6847793459892273,0.0,0.001097867963835597,1.0,1.0,0.8927087783813477,-0.0019025045912712812,0.2262561023235321,0.5971077680587769,0.5761770606040955,0.8008123636245728,0.9363236427307129,0.5632984042167664,26.136503219604492,1.2317396402359009,1.0,-0.0007233507931232452,0.255286306142807,0.9314209222793579,0.9112684726715088,0.6801367402076721,0.1749776154756546,0.1717837005853653,-0.00018534572154749185,-1.7149290215456858e-05,0.93442302942276,0.9327541589736938,0.6992563605308533,0.1835004836320877,0.18626417219638824,0.9342057108879089,0.9325712323188782,0.6989133954048157,0.18584494292736053,0.18761175870895386,25499,3.948202610015869,,,,,,,,,,,,,0.1848098486661911,0.07548920810222626,0.08125367760658264,0.4184090197086334,0.15536534786224365,0.11215931177139282,0.0,0.035201892256736755,0.0390433669090271,0.25905510783195496,0.2238532155752182,0.1848098486661911
0.0279541015625,0.24202300608158112,0.0,0.0,0.0,0.4375,0.1717870831489563,2.059465169906616,0.0,0.6574621796607971,0.0683736652135849,0.6796875,8.144981384277344,0,-2.136319160461426,0.5669969320297241,8.842273712158203,1.3944307565689087,0.9992066025733948,0.10000000149011612,0.48978108167648315,0.017359400168061256,0.024021729826927185,726.022216796875,0.0,0.8477736115455627,1248627.0,0.028999755159020424,0.1639982908964157,0.24256974458694458,90.0,6.694000244140625,8.585089683532715,2.000178813934326,0.0,4404.0,1248628.0,752.0,0.003794649848714471,0.0,0.0,0.0,1204564.875,427598.46875,1137.7110595703125,527.0,0.0,500.0,3347.0,1248627.0,-3.9792137145996094,-5.31826639175415,0.2046653926372528,0.004551518242806196,162.0,2048.0,2.0141026973724365,0.3700360059738159,0.0,6.071500778198242,0.3093012273311615,,,-0.040239546447992325,1202905.0,-0.008829096332192421,0.00029782866477034986,1.0372772216796875,-0.003926337230950594,3874.0,0.0,1248628.0,156.67796325683594,157.0,0.04690767824649811,27.134733200073242,0.29886171221733093,1.7988392114639282,45.0,16384.0,0.04715626686811447,0.04314856231212616,0.24566827714443207,0.22073952853679657,0.04385964944958687,187.61163330078125,0.7324889302253723,0.9005698561668396,1.280977725982666,0.00018470223585609347,-0.5485727190971375,0.3034247159957886,0.11181640625,0.7176576256752014,0.7505228519439697,0.0,0.0011919433018192649,1.0,1.0,0.8553440570831299,-0.0020442078821361065,0.22533097863197327,0.5361558794975281,0.6495317220687866,0.7132066488265991,0.9595482349395752,0.5679493546485901,26.41838264465332,1.2361540794372559,1.0,-0.000402238016249612,0.25537073612213135,0.9312620162963867,0.9112447500228882,0.6805456280708313,0.1757255643606186,0.17256571352481842,0.00013949656568001956,-1.2403067557897884e-05,0.93430495262146,0.9327071309089661,0.6991485357284546,0.18458031117916107,0.18695883452892303,0.9340602159500122,0.9326421618461609,0.69917231798172,0.18684540688991547,0.18864236772060394,25999,3.9414169788360596,,,,,,,,,,,,,0.18812289834022522,0.07586793601512909,0.080928735435009,0.42219337821006775,0.15742656588554382,0.11280989646911621,0.0,0.037526026368141174,0.041222646832466125,0.2668715715408325,0.22934554517269135,0.18812289834022522
0.0216064453125,0.24642977118492126,0.0,0.0,0.0,0.5625,0.16885295510292053,1.998824954032898,0.0,0.666871190071106,0.06808369606733322,0.6796875,8.210984230041504,0,-2.1696298122406006,0.5684937238693237,12.888492584228516,1.410997986793518,0.9992074966430664,0.10000000149011612,0.4899873733520508,0.017467664554715157,0.02424018830060959,658.4000244140625,0.0,0.8657488822937012,1272717.0,0.030375855043530464,0.1699899137020111,0.24890148639678955,90.0,6.7260003089904785,8.643630981445312,2.000178813934326,0.0,4443.0,1272718.0,376.0,0.0018739622319117188,0.0,0.0,0.0,1228654.875,434497.25,1076.5400390625,530.0,0.0,500.0,3363.0,1272717.0,-4.514308929443359,-6.606263160705566,0.20755624771118164,0.0032432470470666885,133.0,2049.0,1.602414608001709,0.30394697189331055,0.0,6.065704822540283,0.27431759238243103,,,-0.03885277733206749,1226775.0,-0.008582749404013157,0.0006153879803605378,1.0348025560379028,-0.0039047617465257645,3893.0,0.0,1272718.0,122.89125061035156,120.0,0.035682424902915955,37.97774124145508,0.2975175082683563,1.9913514852523804,50.0,16384.0,0.04753739386796951,0.04302673041820526,0.24318955838680267,0.216824471950531,0.035087719559669495,193.52752685546875,0.7372389435768127,0.8995405435562134,1.2811903953552246,-0.0017996670212596655,-0.549525797367096,0.3035050630569458,0.078125,0.7650907039642334,0.6503122448921204,0.0,0.0011522872373461723,1.0,1.0,0.8862476348876953,0.002489366801455617,0.2267458587884903,0.6277271509170532,0.6038364171981812,0.7904440760612488,0.9009087085723877,0.540413498878479,26.69466209411621,1.3666154146194458,1.0,-0.0005952440551482141,0.2551264464855194,0.9310871958732605,0.9107175469398499,0.6801353693008423,0.1765458732843399,0.1731850653886795,-9.826568566495553e-05,-1.5539544619969092e-05,0.93418288230896,0.9326090812683105,0.6990764737129211,0.18565140664577484,0.18774297833442688,0.9338966012001038,0.9322771430015564,0.6988335847854614,0.18758194148540497,0.1891932487487793,26499,3.916553020477295,,,,,,,,,,,,,0.1846124827861786,0.07366742193698883,0.08048714697360992,0.41598695516586304,0.15373818576335907,0.11130873113870621,0.0,0.03662592172622681,0.04012492299079895,0.26136332750320435,0.22473740577697754,0.1846124827861786
0.0198974609375,0.2511424422264099,0.0,0.0,0.0,0.6875,0.17179308831691742,2.0026895999908447,0.0,0.6646279096603394,0.06732825934886932,0.67578125,8.246193885803223,0,-2.203054666519165,0.5625136494636536,11.538519859313965,1.417608380317688,0.99919193983078,0.10000000149011612,0.49021920561790466,0.017540697008371353,0.02436983399093151,687.3877563476562,0.0,0.8674901723861694,1296733.0,0.029365308582782745,0.1649383157491684,0.25728633999824524,91.0,6.758000373840332,8.688522338867188,2.000178813934326,0.0,4497.0,1296734.0,81.0,0.0003065005294047296,0.0,0.0,0.0,1252670.875,441721.40625,1100.346923828125,533.0,0.0,500.0,3379.0,1296733.0,-2.5257949829101562,-4.817074775695801,0.21174262464046478,0.00689980573952198,148.0,2048.0,1.8003480434417725,0.3531334400177002,0.0,6.072366237640381,0.29458293318748474,,,-0.038150932639837265,1250684.0,-0.008494952693581581,0.0008081246051006019,1.0334380865097046,-0.002912592375651002,3912.0,0.0,1296734.0,136.32931518554688,133.0,0.039360757917165756,27.247074127197266,0.29633384943008423,1.8823622465133667,49.0,16384.0,0.04773077741265297,0.04290669411420822,0.24512536823749542,0.21653254330158234,0.035087719559669495,195.59312438964844,0.7282119393348694,0.8966262340545654,1.2874010801315308,-0.01132064126431942,-0.5542848110198975,0.28543949127197266,0.08447265625,0.7451908588409424,0.6590707302093506,0.0,0.0009531802497804165,1.0,1.0,0.8098158836364746,0.005006049759685993,0.22253961861133575,0.6018431186676025,0.6043511033058167,0.7854785919189453,0.9383295774459839,0.5363176465034485,26.967153549194336,1.2662566900253296,1.0,-0.00044553735642693937,0.2549996078014374,0.9309743642807007,0.9105294942855835,0.6799575686454773,0.1777661144733429,0.17380554974079132,7.033011934254318e-05,-3.011508124473039e-05,0.9340527653694153,0.9324952960014343,0.6989392638206482,0.18669210374355316,0.18851350247859955,0.9337911605834961,0.9322625994682312,0.6987339854240417,0.18874509632587433,0.18980567157268524,26999,3.7438342571258545,,,,,,,,,,,,,0.1868477761745453,0.07462779432535172,0.08086946606636047,0.4138539135456085,0.15495635569095612,0.11224047839641571,0.0,0.03722448647022247,0.04077167809009552,0.2648439407348633,0.2276194542646408,0.1868477761745453
0.0238037109375,0.2579205334186554,0.0,0.0,0.0,0.75,0.17297258973121643,2.023513078689575,0.0,0.6621485352516174,0.06793312728404999,0.6875,8.287276268005371,0,-2.2350480556488037,0.5657819509506226,11.094721794128418,1.4326369762420654,0.9992207884788513,0.10000000149011612,0.4903557002544403,0.017598994076251984,0.024472828954458237,605.5,0.0,0.8808425068855286,1320791.0,0.02961891144514084,0.16727355122566223,0.25279995799064636,91.0,6.800000190734863,8.697775840759277,2.000178813934326,0.0,4536.0,1320792.0,2032.0,0.010267096571624279,0.0,0.0,0.0,1276728.875,449438.75,1028.477294921875,533.0,0.0,500.0,3400.0,1320791.0,-2.7814102172851562,-7.011300563812256,0.21663181483745575,0.006948716938495636,140.0,2048.0,1.7937357425689697,0.3360353410243988,0.0,6.199712753295898,0.2764369547367096,,,-0.039179425686597824,1274725.0,-0.008772327564656734,0.00043549781548790634,1.0334841012954712,-0.0030189251992851496,3933.0,0.0,1320792.0,130.32151794433594,126.0,0.03705882281064987,36.909210205078125,0.29413917660713196,1.920661211013794,44.0,16384.0,0.04809735715389252,0.04317251220345497,0.24325384199619293,0.21712413430213928,0.02631578966975212,192.572265625,0.7247202396392822,0.8895096778869629,1.2862964868545532,-0.004542437847703695,-0.5607587695121765,0.28755515813827515,0.0927734375,0.6988235116004944,0.7058823704719543,0.0,0.0012689052382484078,1.0,1.0,0.9160721302032471,0.012540730647742748,0.22344398498535156,0.5874185562133789,0.6021174192428589,0.7710095643997192,0.942653238773346,0.5523251295089722,27.23404884338379,1.6018149852752686,1.0,-0.0005380776710808277,0.25483083724975586,0.9308668971061707,0.9103777408599854,0.6801283359527588,0.17810550332069397,0.1738215684890747,3.584230216802098e-05,7.778512554068584e-07,0.9339286088943481,0.9323856234550476,0.6989175081253052,0.18754760921001434,0.18898139894008636,0.9336891174316406,0.9321917295455933,0.6989560723304749,0.1889088898897171,0.18958234786987305,27499,3.8132529258728027,,,,,,,,,,,,,0.18665795028209686,0.07440448552370071,0.08035439252853394,0.42011427879333496,0.15915235877037048,0.11308831721544266,0.0,0.04099658131599426,0.04403464496135712,0.27168917655944824,0.23069259524345398,0.18665795028209686
0.0255126953125,0.23396728932857513,0.0,0.0,0.0,0.65625,0.17567357420921326,2.100032091140747,0.0,0.675697922706604,0.06814569234848022,0.68359375,8.278552055358887,0,-2.2674620151519775,0.5717988014221191,10.829756736755371,1.4453901052474976,0.9992011189460754,0.10000000149011612,0.4904160499572754,0.01768234558403492,0.02461419254541397,624.7999877929688,0.0,0.8912875652313232,1345063.0,0.02945300005376339,0.1669512242078781,0.2627447545528412,91.0,6.87000036239624,8.712801933288574,2.000178813934326,1.0,4566.0,1345064.0,1284.0,0.005975679960101843,0.0,0.0,0.0,1301000.875,457194.84375,1042.5333251953125,533.0,0.0,500.0,3435.0,1345063.0,-1.3482551574707031,-5.246985912322998,0.22304677963256836,0.0039433641359210014,139.0,2048.0,1.9702590703964233,0.36897048354148865,0.0,6.166521072387695,0.23836112022399902,,,-0.038651760667562485,1298962.0,-0.008703884668648243,0.000860111671499908,1.0320500135421753,-0.003610659623518586,3968.0,0.0,1345064.0,123.24017333984375,119.0,0.03464337810873985,40.662410736083984,0.29125526547431946,1.9634486436843872,45.0,16384.0,0.04822853207588196,0.04284439980983734,0.24168798327445984,0.2147330492734909,0.05263157933950424,205.859375,0.7262369990348816,0.9046264290809631,1.2830071449279785,-0.00040924386121332645,-0.5651319622993469,0.2918941080570221,0.087890625,0.7403202056884766,0.7286754250526428,0.0,0.001075048465281725,1.0,1.0,0.8084516525268555,0.0076821851544082165,0.22705332934856415,0.5570467710494995,0.6148838400840759,0.7279229164123535,0.9399653673171997,0.5680232048034668,27.497089385986328,1.347283959388733,1.0,-0.0007539047510363162,0.2549488842487335,0.9307312965393066,0.910136878490448,0.6795491576194763,0.17782023549079895,0.17434494197368622,-0.00012002695439150557,-2.3066168068908155e-05,0.9338189959526062,0.9323115348815918,0.698833167552948,0.18803803622722626,0.1893060952425003,0.9335857629776001,0.9321377277374268,0.6985013484954834,0.18870136141777039,0.19016239047050476,27999,3.718092918395996,,,,,,,,,,,,,0.18509933352470398,0.0728110820055008,0.07958971709012985,0.4126947522163391,0.15601986646652222,0.11204643547534943,0.0,0.04050189256668091,0.04266658425331116,0.26826781034469604,0.22776591777801514,0.18509933352470398
0.0155029296875,0.25311750173568726,0.0,0.0,0.0,0.46875,0.1728944033384323,2.075839042663574,0.0,0.6653472185134888,0.06896796822547913,0.6875,8.320340156555176,0,-2.299370288848877,0.567340612411499,14.557044982910156,1.4611361026763916,0.9992132186889648,0.10000000149011612,0.4905414283275604,0.017790818586945534,0.024792391806840897,421.1400146484375,0.0,0.8902660012245178,1368943.0,0.02842090092599392,0.16202694177627563,0.2622937560081482,93.0,6.89400053024292,8.713818550109863,2.000178813934326,0.0,4588.0,1368944.0,702.0,0.0034429142251610756,0.0,0.0,0.0,1324880.875,464914.15625,864.97998046875,540.0,0.0,500.0,3447.0,1368943.0,-0.8903388977050781,-2.721714973449707,0.22858445346355438,0.005861885845661163,116.0,2048.0,1.7824701070785522,0.3496626317501068,0.0,6.262277126312256,0.22333845496177673,,,-0.04253409430384636,1322781.0,-0.009688363410532475,0.0002895586658269167,1.035043716430664,-0.004190105013549328,3987.0,0.0,1368944.0,97.3314437866211,94.0,0.027270089834928513,57.69925308227539,0.29018712043762207,2.2679131031036377,50.0,16384.0,0.048633474856615067,0.04304592311382294,0.23915381729602814,0.21329578757286072,0.05263157933950424,196.5469207763672,0.7207503318786621,0.8976707458496094,1.2872377634048462,-0.003476203652098775,-0.548363983631134,0.2653575539588928,0.0693359375,0.8297069668769836,0.7058311700820923,0.0,0.0010438081808388233,1.0,1.0,0.8071308135986328,-0.004247306380420923,0.2196626365184784,0.5513613224029541,0.653610110282898,0.7655671834945679,0.9458339214324951,0.5417506694793701,27.757997512817383,1.3267407417297363,1.0,-0.0004259510897099972,0.2549484372138977,0.9306310415267944,0.9099391102790833,0.6800159215927124,0.1785496026277542,0.17446626722812653,5.878472438780591e-05,-4.798723693966167e-06,0.9337078332901001,0.9322014451026917,0.6987757086753845,0.18842315673828125,0.18968890607357025,0.9334881901741028,0.9320529103279114,0.6987867951393127,0.1894388198852539,0.19042986631393433,28499,3.8491766452789307,,,,,,,,,,,,,0.18558768928050995,0.07282127439975739,0.07948589324951172,0.4137668311595917,0.15788546204566956,0.11232435703277588,0.0,0.04339304566383362,0.04525892436504364,0.2742396593093872,0.2308466136455536,0.18558768928050995
0.0223388671875,0.2602384686470032,0.0,0.0,0.0,0.625,0.17308852076530457,2.21808123588562,0.0,0.6750093102455139,0.06921088695526123,0.6875,8.369146347045898,0,-2.3302083015441895,0.5667173862457275,23.70482635498047,1.4641364812850952,0.9992303252220154,0.10000000149011612,0.4906657934188843,0.017870664596557617,0.02495426870882511,580.5399780273438,0.0,0.9083347320556641,1392814.0,0.028696587309241295,0.1630554348230362,0.2599947452545166,92.0,6.938000202178955,8.745004653930664,2.000178813934326,0.0,4630.0,1392815.0,2897.0,0.01437298208475113,0.0,0.0,0.0,1348751.875,469566.53125,1004.780029296875,542.0,0.0,500.0,3469.0,1392814.0,-4.418800354003906,-6.038030624389648,0.23248976469039917,0.004945002496242523,135.0,2048.0,1.6963051557540894,0.33381378650665283,0.0,6.206304550170898,0.35832202434539795,,,-0.040869154036045074,1346103.0,-0.009379886090755463,-7.934024324640632e-06,1.0335001945495605,-0.0041804444044828415,4011.0,0.0,1392815.0,134.53854370117188,122.0,0.035168636590242386,29.735279083251953,0.28829100728034973,1.8327759504318237,50.0,16384.0,0.048975709825754166,0.043788425624370575,0.23888881504535675,0.21297596395015717,0.05263157933950424,199.35508728027344,0.7206970453262329,0.8935751914978027,1.3001809120178223,-1.1105852308901376e-06,-0.5524469017982483,0.2596479654312134,0.072265625,0.7053906321525574,0.5941193699836731,0.0,0.00095370999770239,1.0,1.0,0.751075267791748,0.0210725124925375,0.22655117511749268,0.6510841846466064,0.5938557386398315,0.8422765731811523,0.90357506275177,0.5336325168609619,28.014585494995117,1.3931975364685059,1.0,-0.0004951289156451821,0.2550531327724457,0.9305298328399658,0.9097773432731628,0.6806086897850037,0.1788950264453888,0.17448684573173523,7.768321665935218e-05,4.083486055606045e-05,0.9336111545562744,0.9321794509887695,0.6989118456840515,0.1890082210302353,0.190066397190094,0.9333776831626892,0.9320243000984192,0.6993534564971924,0.189906045794487,0.1905316412448883,28999,3.9496536254882812,,,,,,,,,,,,,0.18559937179088593,0.07292239367961884,0.07915406674146652,0.424912691116333,0.16208931803703308,0.11366236954927444,0.0,0.04501628875732422,0.04750613868236542,0.27812179923057556,0.23310551047325134,0.18559937179088593
0.0213623046875,0.2740727961063385,0.0,0.0,0.0,0.4375,0.1743326187133789,2.1386172771453857,0.0,0.6826284527778625,0.06968243420124054,0.69140625,8.453314781188965,0,-2.361098289489746,0.5750340223312378,14.295682907104492,1.4819097518920898,0.9992150664329529,0.10000000149011612,0.4907533526420593,0.01792418584227562,0.02506999671459198,627.872314453125,0.0,0.916374921798706,1416849.0,0.028811248019337654,0.16342613101005554,0.2545730471611023,92.0,6.984000205993652,8.834922790527344,2.000178813934326,0.0,4686.0,1416850.0,2016.0,0.010021385736763477,0.0,0.0,0.0,1372786.875,475055.25,1049.74462890625,542.0,0.0,500.0,3492.0,1416849.0,-3.8258819580078125,-8.851400375366211,0.23736485838890076,0.004550429992377758,132.0,2048.0,1.9105823040008545,0.3536865711212158,0.0,6.093570232391357,0.3993017077445984,,,-0.03955316171050072,1370026.0,-0.009142480790615082,-0.0001788912486517802,1.0320138931274414,-0.004134730435907841,4034.0,0.0,1416850.0,120.41764068603516,123.0,0.03522336855530739,41.2530517578125,0.2864084243774414,2.0377211570739746,47.0,16384.0,0.04933275282382965,0.04384288936853409,0.23829153180122375,0.21243253350257874,0.04385964944958687,194.494384765625,0.7197871804237366,0.8995071649551392,1.301686406135559,-0.004962954204529524,-0.5490040183067322,0.28482067584991455,0.08251953125,0.7193585634231567,0.6314433217048645,0.0,0.0010039955377578735,1.0,1.0,0.7201416492462158,0.023209547623991966,0.20238496363162994,0.5959587693214417,0.5937799215316772,0.7946344017982483,0.9028992652893066,0.5686546564102173,28.26453399658203,1.4077380895614624,1.0,-0.00037162305670790374,0.25514158606529236,0.930487871170044,0.9092787504196167,0.6808755397796631,0.17885898053646088,0.17430710792541504,0.0001677905092947185,3.871806984534487e-05,0.9335015416145325,0.9320213794708252,0.6991257667541504,0.18924769759178162,0.1901751160621643,0.9333246946334839,0.9316344857215881,0.6996381282806396,0.18983794748783112,0.1905139833688736,29499,3.7328293323516846,,,,,,,,,,,,,0.1856118142604828,0.07272206991910934,0.07889609038829803,0.41262131929397583,0.15929415822029114,0.11196525394916534,0.0,0.04680061340332031,0.04765734076499939,0.2800697684288025,0.23326915502548218,0.1856118142604828
0.0203857421875,0.23984551429748535,0.0,0.0,0.0,0.59375,0.1748497486114502,2.185580253601074,0.0,0.6713070869445801,0.06918735802173615,0.70703125,8.492205619812012,0,-2.391406774520874,0.5583572387695312,10.893500328063965,1.4962304830551147,0.9992215037345886,0.10000000149011612,0.49085891246795654,0.018022002652287483,0.025241529569029808,497.24444580078125,0.0,0.9219570159912109,1440724.0,0.029912732541561127,0.16780011355876923,0.25421518087387085,90.0,7.074000358581543,8.846074104309082,2.000178813934326,0.0,4742.0,1440725.0,49.0,0.00013629520253743976,0.0,0.0,0.0,1396661.875,473908.09375,932.5555419921875,542.0,0.0,500.0,3537.0,1440724.0,-1.956634521484375,-4.252152442932129,0.2416854053735733,0.004352997522801161,138.0,2048.0,1.9085911512374878,0.35875198245048523,0.0,6.164749622344971,0.31377068161964417,,,-0.03887210786342621,1393769.0,-0.009033805690705776,-0.0003677710483316332,1.0320897102355957,-0.0033929271157830954,4079.0,0.0,1440725.0,132.19602966308594,131.0,0.03703703731298447,40.95307540893555,0.283490389585495,1.9340002536773682,45.0,16384.0,0.04965808987617493,0.04405588284134865,0.23861466348171234,0.2109203338623047,0.04385964944958687,208.06253051757812,0.7127242088317871,0.8933233618736267,1.3094773292541504,-0.0009378278045915067,-0.5540043115615845,0.2780604958534241,0.080078125,0.7769296169281006,0.6853265762329102,0.0,0.0011330668348819017,1.0,1.0,0.8537323474884033,0.03277338296175003,0.20597033202648163,0.5848655104637146,0.5778727531433105,0.8276233673095703,0.8999214172363281,0.5551292300224304,28.509870529174805,1.3489925861358643,1.0,-0.0008106512250378728,0.2551106810569763,0.9303595423698425,0.9091433882713318,0.6803524494171143,0.17976807057857513,0.17517490684986115,-0.00024798852973617613,1.6298305126838386e-05,0.9334230422973633,0.9318786859512329,0.6992982625961304,0.18971526622772217,0.19052402675151825,0.9332097172737122,0.931631863117218,0.6991956830024719,0.1908946931362152,0.19140684604644775,29999,3.9265005588531494,,,,,,,,,,,,,0.18768350780010223,0.07285601645708084,0.07794901728630066,0.4258091449737549,0.16543275117874146,0.1132054552435875,0.0,0.05040690302848816,0.05151207745075226,0.28960248827934265,0.2391955852508545,0.18768350780010223
,,,,,,,,,,,,,0,,,,,,,,,,,,,,,,,,,,,,,,,,,,,,,,,,,,,,,,,,,,,,,,0.003385266289114952,0.252101331949234,,,,,,,,,,,,,,,,,,,,,,,,,,,,,,,,,,,,,,,,,,,,,,,,,,,,,,,,,,,,,,,,,,,29999,,0.8372513651847839,145.171630859375,166.51905822753906,21.347431182861328,7.713630676269531,152.88525390625,142.19137573242188,149.80294799804688,167.50733947753906,8.54194164276123,178.00579833984375,169.4638671875,,,,,,,,,,,,
0.0252685546875,0.24894434213638306,0.0,0.0,0.0,0.59375,0.17753338813781738,2.200838088989258,0.0,0.6795485615730286,0.06828545778989792,0.6953125,8.430438995361328,0,-2.4223897457122803,0.569148063659668,13.935379028320312,1.5046967267990112,0.9992042183876038,0.10000000149011612,0.4910213351249695,0.018104374408721924,0.025401243939995766,595.1199951171875,0.0,0.9300591349601746,1464590.0,0.029765158891677856,0.16757017374038696,0.25679096579551697,89.0,7.13200044631958,8.881460189819336,2.000178813934326,0.0,4771.0,1464591.0,5136.0,0.02488255687057972,0.0,0.0,0.0,1420527.875,480859.5625,1016.5800170898438,542.0,0.0,500.0,3566.0,1464590.0,-2.0243072509765625,-3.4825291633605957,0.2456691414117813,0.005036553833633661,141.0,2048.0,1.9666802883148193,0.34291326999664307,0.0,6.480873107910156,0.24781368672847748,,,-0.04060884192585945,1417333.0,-0.009496594779193401,0.0006040181033313274,1.0327448844909668,-0.0020319814793765545,4108.0,0.0,1464591.0,132.56227111816406,131.0,0.036735840141773224,39.08077621459961,0.2804335951805115,1.8941984176635742,50.0,16384.0,0.04980393126606941,0.04412269592285156,0.2389037311077118,0.20946845412254333,0.061403509229421616,216.17828369140625,0.7075632214546204,0.8989911079406738,1.302176594734192,0.00022607632854487747,-0.5354184508323669,0.2755450904369354,0.11083984375,0.648625910282135,0.7145260572433472,0.0,0.0013417141744866967,1.0,1.0,0.7713098526000977,0.03285566717386246,0.2049967348575592,0.5848936438560486,0.5861321687698364,0.7518011331558228,0.9134699106216431,0.5786709785461426,28.752859115600586,1.6454561948776245,1.0,-0.0003411961952224374,0.25494521856307983,0.9303497672080994,0.9092841148376465,0.6810575127601624,0.17988696694374084,0.17540143430233002,0.00019868530216626823,2.8682439733529463e-05,0.9333299398422241,0.9318016767501831,0.6993817090988159,0.19019916653633118,0.1908799260854721,0.9332014918327332,0.9318447709083557,0.6998380422592163,0.1909424066543579,0.1915135234594345,30499,3.812185287475586,,,,,,,,,,,,,0.1886480301618576,0.0727127194404602,0.079477459192276,0.41326725482940674,0.16090938448905945,0.11302275955677032,0.0,0.048568904399871826,0.049522414803504944,0.2867393493652344,0.23817044496536255,0.1886480301618576
0.015380859375,0.21212062239646912,0.0,0.0,0.0,0.625,0.17643848061561584,2.2592709064483643,0.0,0.6796178817749023,0.06875597685575485,0.7109375,8.523728370666504,0,-2.452366352081299,0.5733734369277954,15.684774398803711,1.5106680393218994,0.9992274641990662,0.10000000149011612,0.4911006689071655,0.01819053292274475,0.02550427056849003,647.0399780273438,0.0,0.9341065287590027,1488579.0,0.031050922349095345,0.17583876848220825,0.25669464468955994,89.0,7.168000221252441,8.899785995483398,2.000178813934326,0.0,4793.0,1488580.0,2126.0,0.009848720394074917,0.0,0.0,0.0,1444516.875,489886.625,1063.3399658203125,542.0,0.0,500.0,3584.0,1488579.0,-2.185882568359375,-4.533207416534424,0.25079014897346497,0.004954927135258913,147.0,2048.0,1.9439897537231445,0.35827454924583435,0.0,6.760964393615723,0.29721733927726746,,,-0.03750663250684738,1441259.0,-0.00883086770772934,0.0005733583238907158,1.029693603515625,-0.00017593828670214862,4126.0,0.0,1488580.0,133.6165008544922,130.0,0.0362723208963871,31.14240264892578,0.27904075384140015,1.852987289428711,50.0,16384.0,0.05017993226647377,0.04410417750477791,0.23672336339950562,0.20796442031860352,0.04385964944958687,211.08932495117188,0.7073068618774414,0.8968429565429688,1.3075565099716187,-0.012162473052740097,-0.546001672744751,0.3008335530757904,0.09228515625,0.7859932780265808,0.7946428656578064,0.0,0.0010611839825287461,1.0,1.0,0.8701515197753906,0.04468108341097832,0.20454354584217072,0.5810956954956055,0.5852880477905273,0.8166191577911377,0.9355878829956055,0.5781872868537903,28.99041175842285,1.3903305530548096,1.0,-0.0007766557391732931,0.25474807620048523,0.9303101301193237,0.9091868996620178,0.6801132559776306,0.1809358298778534,0.17605991661548615,-0.00034163345117121935,-3.451961310929619e-05,0.9332908987998962,0.9318414926528931,0.6993674635887146,0.1907113939523697,0.19124417006969452,0.933169424533844,0.9318262934684753,0.698714017868042,0.19189658761024475,0.19206446409225464,30999,3.923943281173706,,,,,,,,,,,,,0.18852463364601135,0.07298041880130768,0.07926730811595917,0.4262879490852356,0.16584068536758423,0.11395081877708435,0.0,0.051871806383132935,0.05287545919418335,0.29327189922332764,0.2414000928401947,0.18852463364601135
0.0184326171875,0.2479235976934433,0.0,0.0,0.0,0.53125,0.1734478771686554,2.1929545402526855,0.0,0.6793337464332581,0.0689234584569931,0.7109375,8.543455123901367,0,-2.482060194015503,0.557406485080719,26.15265655517578,1.5172173976898193,0.9992263317108154,0.10000000149011612,0.4911613464355469,0.018215302377939224,0.02561413124203682,669.1224365234375,4.0,0.9403867721557617,1512572.0,0.030905896797776222,0.17420373857021332,0.2626192271709442,88.0,7.210000514984131,8.941241264343262,2.000178813934326,0.0,4828.0,1512573.0,392.0,0.001760566490702331,0.0,0.0,0.0,1468509.875,490512.90625,1081.3673095703125,543.0,0.0,500.0,3605.0,1512572.0,-4.401973724365234,-5.695517539978027,0.2548355758190155,0.0076876431703567505,151.0,2048.0,2.0103039741516113,0.37954530119895935,0.0,7.002341270446777,0.3730827569961548,,,-0.03487353399395943,1464929.0,-0.008268841542303562,0.0011369818821549416,1.027714490890503,-0.0005955675733275712,4148.0,0.0,1512573.0,150.13046264648438,148.0,0.04105409234762192,33.210960388183594,0.27749162912368774,1.7759835720062256,49.0,16384.0,0.050401315093040466,0.04390320926904678,0.23455758392810822,0.2093082219362259,0.05263157933950424,201.43252563476562,0.7084503173828125,0.895965576171875,1.3025678396224976,-0.010260850191116333,-0.5511098504066467,0.2979542315006256,0.0830078125,0.7392510175704956,0.7528432607650757,0.0,0.0011555945966392756,1.0,1.0,0.8142995834350586,0.03275657817721367,0.19504335522651672,0.5234395861625671,0.5730084180831909,0.7271494269371033,0.9307671189308167,0.5791199803352356,29.220523834228516,1.4069374799728394,1.0,-0.000419134390540421,0.25469526648521423,0.9301242828369141,0.9087321758270264,0.6804692149162292,0.18092982470989227,0.1755620837211609,0.0001730466028675437,2.90337288788578e-06,0.9332026839256287,0.9317379593849182,0.699208676815033,0.1911359578371048,0.19142943620681763,0.9329967498779297,0.9315176010131836,0.6994055509567261,0.19179561734199524,0.19151262938976288,31499,3.699234962463379,,,,,,,,,,,,,0.1904807686805725,0.07261813431978226,0.07920417189598083,0.41321462392807007,0.16300000250339508,0.11296883225440979,0.0,0.05263909697532654,0.05267408490180969,0.29579395055770874,0.2431548535823822,0.1904807686805725
0.0159912109375,0.2246016263961792,0.0,0.0,0.0,0.59375,0.17911797761917114,2.2901673316955566,0.0,0.6846649646759033,0.06851036846637726,0.70703125,8.576090812683105,0,-2.51068377494812,0.5595862865447998,14.22964096069336,1.537913203239441,0.9992279410362244,0.10000000149011612,0.4913364350795746,0.018328042700886726,0.025727886706590652,518.0869750976562,0.0,0.9400281310081482,1536577.0,0.03107377141714096,0.174473837018013,0.25994226336479187,88.0,7.238000392913818,9.074251174926758,2.000178813934326,0.0,4858.0,1536578.0,292.0,0.0013415953144431114,0.0,0.0,0.0,1492514.875,495900.9375,950.6304321289062,544.0,0.0,500.0,3619.0,1536577.0,-1.0012702941894531,-4.147857666015625,0.25868529081344604,0.006552995648235083,121.0,2048.0,1.8856843709945679,0.35153090953826904,0.0,6.810523986816406,0.32435929775238037,,,-0.03520181030035019,1488793.0,-0.008412552066147327,0.0005815435433760285,1.0277830362319946,-0.002194344997406006,4163.0,0.0,1536578.0,113.65956115722656,107.0,0.02956617809832096,35.31913375854492,0.2765030562877655,2.0141208171844482,46.0,16383.0,0.0505291149020195,0.04374535754323006,0.23592354357242584,0.20614086091518402,0.04385964944958687,210.4113006591797,0.7031665444374084,0.8896607756614685,1.3062983751296997,-0.004930504132062197,-0.5486741662025452,0.2870267927646637,0.09130859375,0.7770102024078369,0.6330478191375732,0.0,0.001028543571010232,1.0,1.0,0.7387125492095947,0.04019133374094963,0.19592644274234772,0.5948338508605957,0.5910111665725708,0.8267278671264648,0.8826679587364197,0.5648558735847473,29.450559616088867,1.4002087116241455,1.0,-0.0005839373334310949,0.25446808338165283,0.9302071928977966,0.9087112545967102,0.6798031330108643,0.18230515718460083,0.17707504332065582,-6.402230792446062e-05,-3.98544616473373e-05,0.9331445693969727,0.9317004084587097,0.6991403102874756,0.19165509939193726,0.1918083131313324,0.9330491423606873,0.931550920009613,0.6987144947052002,0.19313828647136688,0.19307929277420044,31999,3.8956823348999023,,,,,,,,,,,,,0.18694894015789032,0.07111598551273346,0.07790215313434601,0.42540687322616577,0.16866709291934967,0.11389164626598358,0.0,0.056273818016052246,0.05580587685108185,0.2990286350250244,0.24275481700897217,0.18694894015789032
0.018798828125,0.2476349174976349,0.0,0.0,0.0,0.65625,0.17899450659751892,2.157538652420044,0.0,0.690313458442688,0.06919758021831512,0.71875,8.5761079788208,0,-2.5389156341552734,0.5672533512115479,14.518905639648438,1.5428109169006348,0.9992226362228394,0.10000000149011612,0.49143797159194946,0.018345357850193977,0.025790411978960037,694.8372192382812,0.0,0.9570335149765015,1560570.0,0.030338676646351814,0.1701347529888153,0.23544292151927948,86.0,7.250000476837158,9.175395011901855,2.000178813934326,0.0,4901.0,1560571.0,1531.0,0.007185375317931175,0.0,0.0,0.0,1516507.875,501058.40625,1111.3953857421875,551.0,0.0,500.0,3625.0,1560570.0,-2.70391845703125,-4.474181652069092,0.26114100217819214,0.006054793484508991,140.0,2049.0,2.0875003337860107,0.4117305874824524,0.0,7.410774230957031,0.416511207818985,,,-0.03883376345038414,1512765.0,-0.009348481893539429,-0.0009501408785581589,1.0293926000595093,-0.0017085510771721601,4176.0,0.0,1560571.0,144.668212890625,142.0,0.03917241469025612,42.09883117675781,0.2759169638156891,1.8256478309631348,43.0,16384.0,0.05075610429048538,0.04409419372677803,0.2355348765850067,0.20493227243423462,0.05263157933950424,212.21392822265625,0.7045637965202332,0.8859595656394958,1.3128716945648193,-0.005931633058935404,-0.5491511821746826,0.265206903219223,0.06884765625,0.7434482574462891,0.7622069120407104,0.0,0.0013209314784035087,1.0,1.0,0.8257083892822266,0.038593754172325134,0.1970706582069397,0.5354337692260742,0.6058980226516724,0.7195715308189392,0.9207966923713684,0.5546600818634033,29.672096252441406,1.4119236469268799,1.0,-0.0005838741781190038,0.2545713782310486,0.9300066232681274,0.9084280133247375,0.6798709630966187,0.18251417577266693,0.17709672451019287,-7.091749284882098e-05,-2.1726813429268077e-05,0.9330702424049377,0.9315832853317261,0.6989837288856506,0.19242708384990692,0.19239066541194916,0.9328561425209045,0.9313210844993591,0.6987155079841614,0.1935427486896515,0.19325385987758636,32499,3.691924810409546,,,,,,,,,,,,,0.18820419907569885,0.07143761217594147,0.0780876949429512,0.4205653965473175,0.16699153184890747,0.1140064001083374,0.0,0.05690568685531616,0.056097209453582764,0.3012070953845978,0.24430140852928162,0.18820419907569885
0.0272216796875,0.25691458582878113,0.0,0.0,0.0,0.5625,0.17794017493724823,2.2503764629364014,0.0,0.6875831484794617,0.06967465579509735,0.70703125,8.621614456176758,0,-2.567159414291382,0.5768193006515503,17.294498443603516,1.5378445386886597,0.9992625713348389,0.10000000149011612,0.4914968013763428,0.018417950719594955,0.025938091799616814,711.0599975585938,0.0,0.9581693410873413,1584554.0,0.030455512925982475,0.17208635807037354,0.2603815495967865,84.0,7.26800012588501,9.092938423156738,2.000178813934326,0.0,4930.0,1584555.0,582.0,0.0026079963427037,0.0,0.0,0.0,1540491.875,499831.65625,1118.0999755859375,563.0,0.0,500.0,3634.0,1584554.0,-1.8722152709960938,-3.900217056274414,0.2677978277206421,0.010490119457244873,159.0,2049.0,1.7222011089324951,0.3489214777946472,0.0,7.331923961639404,0.27190324664115906,,,-0.03748428449034691,1536757.0,-0.009070174768567085,-0.0007531439769081771,1.028037667274475,-0.0030772306490689516,4197.0,0.0,1584555.0,154.97486877441406,155.0,0.04265272244811058,30.807952880859375,0.2752944529056549,1.7343872785568237,50.0,16384.0,0.05111546441912651,0.04415960609912872,0.23492060601711273,0.20799680054187775,0.05263157933950424,205.7987823486328,0.6987220644950867,0.893421471118927,1.3109548091888428,-0.01544257253408432,-0.5519616007804871,0.29714158177375793,0.06884765625,0.7853604555130005,0.6447440981864929,0.0,0.0010505422251299024,1.0,1.0,0.7114048004150391,0.033329445868730545,0.19651572406291962,0.6311547756195068,0.5840013027191162,0.8869785070419312,0.8921657800674438,0.5357401967048645,29.891420364379883,1.47743821144104,1.0,-0.0005103457951918244,0.2544931173324585,0.9299860000610352,0.9081150889396667,0.6793028712272644,0.183005228638649,0.17726249992847443,6.771940388716757e-05,-5.315802991390228e-05,0.9329991340637207,0.9314584732055664,0.6987517476081848,0.1929890215396881,0.19283466041088104,0.932856023311615,0.9311363697052002,0.6983391642570496,0.19390760362148285,0.19334007799625397,32999,3.7970070838928223,,,,,,,,,,,,,0.18809041380882263,0.07149547338485718,0.077769935131073,0.42102062702178955,0.16727924346923828,0.11465348303318024,0.0,0.056609123945236206,0.05621388554573059,0.30091342329978943,0.24430429935455322,0.18809041380882263
0.0223388671875,0.22505934536457062,0.0,0.0,0.0,0.5,0.1782078891992569,2.3255228996276855,0.0,0.6872701048851013,0.06899400800466537,0.71484375,8.617202758789062,0,-2.595324993133545,0.5781117677688599,18.839946746826172,1.5590629577636719,0.9992398619651794,0.10000000149011612,0.4915609359741211,0.01847991533577442,0.026030970737338066,776.5625,0.0,0.9695742130279541,1608615.0,0.030487341806292534,0.17218545079231262,0.2625907063484192,83.0,7.2920002937316895,9.084701538085938,2.000178813934326,0.0,4954.0,1608616.0,1589.0,0.0075824074447155,0.0,0.0,0.0,1564552.875,506569.46875,1178.6041259765625,567.0,0.0,500.0,3646.0,1608615.0,-3.377349853515625,-5.497579574584961,0.2743928134441376,0.005212027579545975,156.0,2048.0,1.8806414604187012,0.3508525788784027,0.0,7.207726001739502,0.25034934282302856,,,-0.03583967685699463,1560800.0,-0.008737942203879356,2.1117995856911875e-05,1.0272433757781982,-0.0030931117944419384,4213.0,0.0,1608616.0,161.71282958984375,163.0,0.04470652714371681,29.1123046875,0.27432963252067566,1.697777271270752,48.0,16384.0,0.05127055570483208,0.044133227318525314,0.23424573242664337,0.2066008746623993,0.05263157933950424,205.41574096679688,0.6930621266365051,0.8877303004264832,1.30817449092865,0.0061360690742731094,-0.5476778149604797,0.2755759656429291,0.0791015625,0.7109161019325256,0.7298409342765808,0.0,0.0014834827743470669,1.0,1.0,0.8590579032897949,0.04837716743350029,0.17915576696395874,0.5077996253967285,0.5490304827690125,0.6891738176345825,0.884462833404541,0.5703646540641785,30.109943389892578,1.462790608406067,1.0,-0.00041968116420321167,0.2544904053211212,0.9298352003097534,0.9078399538993835,0.6795936822891235,0.1829613745212555,0.17728938162326813,6.224510434549302e-05,-1.254451763088582e-05,0.9329063296318054,0.9312827587127686,0.6986798644065857,0.19325049221515656,0.19296884536743164,0.9327130913734436,0.9309704303741455,0.6986261606216431,0.19388499855995178,0.19354483485221863,33499,3.6820430755615234,,,,,,,,,,,,,0.18867596983909607,0.07094304263591766,0.07705498486757278,0.4189864993095398,0.17000950872898102,0.11508139967918396,0.0,0.06031206250190735,0.05873739719390869,0.3077254295349121,0.24741336703300476,0.18867596983909607
0.027587890625,0.23395457863807678,0.0,0.0,0.0,0.625,0.1778176873922348,2.286951780319214,0.0,0.690497100353241,0.06949955224990845,0.71875,8.683460235595703,0,-2.6224803924560547,0.5828406810760498,13.826831817626953,1.569680094718933,0.9992495775222778,0.10000000149011612,0.4917033910751343,0.018558502197265625,0.026199037209153175,579.7111206054688,0.0,0.9739814400672913,1632729.0,0.030071398243308067,0.16929422318935394,0.2652403712272644,81.0,7.304000377655029,9.095770835876465,2.000178813934326,0.0,4991.0,1632730.0,633.0,0.002889563562348485,0.0,0.0,0.0,1588666.875,512494.4375,1001.888916015625,572.0,0.0,500.0,3652.0,1632729.0,-1.1993255615234375,-4.737629413604736,0.27749407291412354,0.00977340154349804,144.0,2050.0,1.707821249961853,0.35483989119529724,0.0,7.272994041442871,0.2555501461029053,,,-0.035475973039865494,1584790.0,-0.008718802593648434,0.00033252357388846576,1.0271605253219604,-0.0017415150068700314,4224.0,0.0,1632730.0,134.6995391845703,136.0,0.03723986819386482,36.93600082397461,0.27392321825027466,1.900501012802124,45.0,16384.0,0.051579609513282776,0.04459424689412117,0.23437005281448364,0.20534934103488922,0.04385964944958687,215.37950134277344,0.6954415440559387,0.8943919539451599,1.3151177167892456,-0.010068342089653015,-0.5442763566970825,0.27192291617393494,0.0625,0.6100766658782959,0.5177984833717346,0.0,0.0015057721175253391,1.0,1.0,0.7620596885681152,0.05441635474562645,0.18516947329044342,0.6356412172317505,0.5336084961891174,0.7785274386405945,0.8480665683746338,0.5427705645561218,30.322994232177734,1.4292707443237305,1.0,-0.0005696820444427431,0.25432056188583374,0.9297325611114502,0.9074417948722839,0.6802054643630981,0.18418143689632416,0.1778436303138733,-5.453646372188814e-05,4.919808998238295e-05,0.9328178763389587,0.9311166405677795,0.6988885402679443,0.19368807971477509,0.19330106675624847,0.9326119422912598,0.9306700825691223,0.6992738246917725,0.19500403106212616,0.19403089582920074,33999,3.735663890838623,,,,,,,,,,,,,0.19003979861736298,0.07145825028419495,0.07752041518688202,0.420224130153656,0.16969501972198486,0.114951953291893,0.0,0.06151242554187775,0.0591883659362793,0.31074059009552,0.24922816455364227,0.19003979861736298
0.015380859375,0.25574350357055664,0.0,0.0,0.0,0.71875,0.1775355190038681,2.333144426345825,0.0,0.6911430358886719,0.06933987140655518,0.73046875,8.725997924804688,0,-2.6494362354278564,0.5793893933296204,18.82925796508789,1.5789973735809326,0.9992380142211914,0.10000000149011612,0.4919436573982239,0.01858861744403839,0.026228073984384537,775.9607543945312,0.0,0.982555627822876,1657078.0,0.030186336487531662,0.16950391232967377,0.2387949377298355,81.0,7.336000442504883,9.086045265197754,2.000178813934326,0.0,5032.0,1657079.0,1359.0,0.006273769307881594,0.0,0.0,0.0,1613015.875,509523.53125,1184.176513671875,581.0,0.0,500.0,3668.0,1657078.0,-3.3202590942382812,-4.886135101318359,0.28089848160743713,0.008846975862979889,173.0,2050.0,1.750309944152832,0.34752196073532104,0.0,7.4981536865234375,0.3999430537223816,,,-0.03343208506703377,1609064.0,-0.008263824507594109,0.000309692055452615,1.0247503519058228,-0.0016994928009808064,4249.0,0.0,1657079.0,191.73944091796875,177.0,0.048255179077386856,25.13389015197754,0.2727082371711731,1.5003268718719482,51.0,16384.0,0.05195625498890877,0.04425767436623573,0.23224489390850067,0.20436076819896698,0.05263157933950424,209.08474731445312,0.6937059760093689,0.8940487504005432,1.3137834072113037,-0.00869688019156456,-0.5361945033073425,0.2750051021575928,0.068359375,0.6652126312255859,0.6123228073120117,0.0,0.0010994148906320333,1.0,1.0,0.6686081886291504,0.054650526493787766,0.18650729954242706,0.5624633431434631,0.5560445189476013,0.7424695491790771,0.8751068115234375,0.5745205879211426,30.53354263305664,1.4874264001846313,1.0,-0.000527182943187654,0.2541230618953705,0.9297983050346375,0.9075707793235779,0.6799554824829102,0.18523672223091125,0.17886660993099213,1.3524950190912932e-05,-2.1949604160909075e-06,0.932755172252655,0.9310004115104675,0.6989195942878723,0.19454863667488098,0.1938658207654953,0.9326568841934204,0.9308631420135498,0.6989105343818665,0.196250319480896,0.19524531066417694,34499,3.719573497772217,,,,,,,,,,,,,0.19002828001976013,0.07132139801979065,0.07743292301893234,0.41856813430786133,0.16868574917316437,0.11431284248828888,0.0,0.06192414462566376,0.05981488525867462,0.3117673099040985,0.24984316527843475,0.19002828001976013
0.0247802734375,0.26039552688598633,0.0,0.0,0.0,0.40625,0.1785449981689453,2.313081741333008,0.0,0.6949374079704285,0.06981038302183151,0.71875,8.714251518249512,0,-2.6756720542907715,0.5727177262306213,18.350292205810547,1.5845069885253906,0.9992440938949585,0.10000000149011612,0.49201712012290955,0.018659338355064392,0.026390859857201576,667.4285888671875,0.0,0.9837647676467896,1681098.0,0.030401231721043587,0.16964663565158844,0.26722264289855957,81.0,7.36400032043457,9.102814674377441,2.000178813934326,0.0,5078.0,1681099.0,1328.0,0.00614973483607173,0.0,0.0,0.0,1637035.875,510803.71875,1077.4285888671875,584.0,0.0,500.0,3682.0,1681098.0,-1.8327140808105469,-3.4502556324005127,0.2828388512134552,0.006155025213956833,142.0,2048.0,2.0013561248779297,0.3639225363731384,0.0,7.715347766876221,0.25280269980430603,,,-0.03368378430604935,1633052.0,-0.008385754190385342,0.0007185374852269888,1.0250357389450073,-0.0002569557982496917,4266.0,0.0,1681099.0,134.22328186035156,136.0,0.0369364470243454,36.60715103149414,0.2717365324497223,1.8742603063583374,42.0,16384.0,0.05210287868976593,0.04434831440448761,0.23291660845279694,0.20465177297592163,0.05263157933950424,211.18092346191406,0.6873851418495178,0.8896490335464478,1.314263105392456,-0.0094003826379776,-0.5407310128211975,0.27827098965644836,0.0986328125,0.6624117493629456,0.6366105079650879,0.0,0.001271568238735199,1.0,1.0,0.7023665904998779,0.04465799033641815,0.17206516861915588,0.5891786813735962,0.6082718968391418,0.777715802192688,0.8825480937957764,0.5696663856506348,30.73737144470215,1.5061136484146118,1.0,-0.000543161469977349,0.25422781705856323,0.9297038316726685,0.9073680639266968,0.6796534657478333,0.18492603302001953,0.17852897942066193,-6.27219696980319e-06,-1.6920761481742375e-05,0.9326965808868408,0.9308938980102539,0.6988346576690674,0.19517217576503754,0.19432562589645386,0.9325599670410156,0.9307031631469727,0.6986724138259888,0.19596949219703674,0.19482965767383575,34999,3.7146358489990234,,,,,,,,,,,,,0.1895027607679367,0.07089792937040329,0.07773686945438385,0.4185793399810791,0.17033572494983673,0.11572764813899994,0.0,0.06402868032455444,0.06068570911884308,0.31421715021133423,0.2501884698867798,0.1895027607679367
0.0223388671875,0.24530871212482452,0.0,0.0,0.0,0.625,0.18168321251869202,2.2925915718078613,0.0,0.6972874999046326,0.06925919651985168,0.72265625,8.726913452148438,0,-2.7020559310913086,0.5776445269584656,24.449848175048828,1.5902705192565918,0.9992061257362366,0.10000000149011612,0.4920591711997986,0.018711796030402184,0.026507798582315445,620.4347534179688,0.0,0.987622857093811,1705047.0,0.029949016869068146,0.1669483482837677,0.25283384323120117,80.0,7.418000221252441,9.179749488830566,2.000178813934326,0.0,5108.0,1705048.0,2342.0,0.010563340038061142,0.0,0.0,0.0,1660984.875,513550.21875,1040.7391357421875,584.0,0.0,500.0,3709.0,1705047.0,-2.0565185546875,-3.3923537731170654,0.2860701084136963,0.009008137509226799,149.0,2048.0,1.8540921211242676,0.3579327464103699,0.0,7.517721176147461,0.28944119811058044,,,-0.03373754769563675,1656996.0,-0.008442153222858906,0.0007259552367031574,1.0253573656082153,-0.002275880193337798,4293.0,0.0,1705048.0,141.4590301513672,147.0,0.03963332250714302,41.73470687866211,0.2696398198604584,1.8584563732147217,46.0,16384.0,0.05231127142906189,0.04464543238282204,0.2320699244737625,0.20241571962833405,0.04385964944958687,217.39920043945312,0.6870381236076355,0.8877164721488953,1.319098949432373,0.00021223952353466302,-0.5400216579437256,0.27806517481803894,0.07373046875,0.7511458396911621,0.7988676428794861,0.0,0.001338320318609476,1.0,1.0,0.7428464889526367,0.04923690855503082,0.16380901634693146,0.5934864282608032,0.5702778100967407,0.8321964144706726,0.9269239902496338,0.5598924160003662,30.93667221069336,1.4957489967346191,1.0,-0.000411312619689852,0.2542429268360138,0.9297052621841431,0.9071595668792725,0.6802687644958496,0.18471188843250275,0.17848706245422363,9.083825716516003e-05,3.157210085191764e-05,0.9326522946357727,0.9308010935783386,0.6989052295684814,0.195354625582695,0.19449801743030548,0.9325540065765381,0.9305889010429382,0.699277400970459,0.195536807179451,0.19465476274490356,35499,3.710373878479004,,,,,,,,,,,,,0.18762896955013275,0.06993770599365234,0.07637155055999756,0.41634401679039,0.17020857334136963,0.1142716035246849,0.0,0.06595458090305328,0.06162911653518677,0.3152126669883728,0.24925808608531952,0.18762896955013275
0.0205078125,0.2367333024740219,0.0,0.0,0.0,0.625,0.1791967898607254,2.4120237827301025,0.0,0.6890082955360413,0.0694546177983284,0.734375,8.76860523223877,0,-2.727848529815674,0.5910997986793518,27.289546966552734,1.5964486598968506,0.9992501735687256,0.10000000149011612,0.4921242594718933,0.018782980740070343,0.026562845334410667,851.5833129882812,0.0,0.9954248666763306,1729241.0,0.02978067845106125,0.16615043580532074,0.22285716235637665,79.0,7.448000431060791,9.18346118927002,2.000178813934326,0.0,5132.0,1729242.0,1518.0,0.007033944595605135,0.0,0.0,0.0,1685178.875,518884.4375,1259.4791259765625,584.0,0.0,500.0,3724.0,1729241.0,-4.043052673339844,-5.2812018394470215,0.2879257798194885,0.007010886445641518,170.0,2048.0,2.066906452178955,0.3916827440261841,0.0,7.3601179122924805,0.2319881021976471,,,-0.03403700143098831,1681116.0,-0.008585386909544468,0.000650778878480196,1.0250697135925293,-0.0034520807676017284,4308.0,0.0,1729242.0,192.29200744628906,176.0,0.047261010855436325,21.5856876373291,0.26856300234794617,1.4825257062911987,48.0,16384.0,0.05255119875073433,0.04503467306494713,0.23206843435764313,0.20256507396697998,0.04385964944958687,224.7393341064453,0.6865667700767517,0.8964537978172302,1.3216750621795654,-0.012149491347372532,-0.5382704734802246,0.27537593245506287,0.08349609375,0.6160042881965637,0.8300215005874634,0.0,0.001323239877820015,1.0,1.0,0.7484211921691895,0.05926869064569473,0.1726931929588318,0.5455554723739624,0.5925658941268921,0.6747853755950928,0.9376253485679626,0.5672612190246582,31.135347366333008,1.5604608058929443,1.0,-0.0006983999628573656,0.25410252809524536,0.92960125207901,0.9069087505340576,0.6793397665023804,0.18586604297161102,0.1792123168706894,-0.00016026533558033407,-3.895124245900661e-05,0.9325945377349854,0.9306865930557251,0.6988396048545837,0.1957092434167862,0.19468705356121063,0.9324559569358826,0.9304125308990479,0.6983274817466736,0.19681699573993683,0.19536738097667694,35999,3.799478054046631,,,,,,,,,,,,,0.18962335586547852,0.06997779756784439,0.07719462364912033,0.4219800531864166,0.17261774837970734,0.11613200604915619,0.0,0.06657642126083374,0.06342488527297974,0.319624662399292,0.25304824113845825,0.18962335586547852
0.020263671875,0.2408495545387268,0.0,0.0,0.0,0.34375,0.18015938997268677,2.4614155292510986,0.0,0.7031259536743164,0.06933768838644028,0.73046875,8.77880859375,0,-2.7526791095733643,0.589906632900238,32.0007438659668,1.6169465780258179,0.9992345571517944,0.10000000149011612,0.49217236042022705,0.018871111795306206,0.026722466573119164,939.6414794921875,0.0,1.001960277557373,1753467.0,0.029578737914562225,0.16471122205257416,0.2064153552055359,77.0,7.482000350952148,9.184028625488281,2.000178813934326,0.0,5174.0,1753468.0,774.0,0.003639602568000555,0.0,0.0,0.0,1709404.875,517472.6875,1341.3018798828125,584.0,0.0,500.0,3741.0,1753467.0,-3.2089767456054688,-4.938612937927246,0.2923525869846344,0.005259488709270954,188.0,2048.0,2.088067054748535,0.37484630942344666,0.0,7.89621114730835,0.4195549786090851,,,-0.033584631979465485,1704933.0,-0.008537594228982925,0.0005253131384961307,1.024882197380066,-0.0010145558044314384,4325.0,0.0,1753468.0,222.36744689941406,206.0,0.05506549030542374,20.277748107910156,0.2673807740211487,1.3827974796295166,53.0,16384.0,0.05274922028183937,0.04494836553931236,0.22919347882270813,0.1984153538942337,0.05263157933950424,219.81619262695312,0.6850695610046387,0.8918428421020508,1.319024920463562,-0.0048219310119748116,-0.5380948781967163,0.24674217402935028,0.09228515625,0.6070569157600403,0.6562416553497314,0.0,0.0012389298062771559,1.0,1.0,0.8464798927307129,0.03945940360426903,0.16573578119277954,0.46659722924232483,0.5597637891769409,0.6167078018188477,0.8774518370628357,0.5840583443641663,31.32928466796875,1.487464189529419,1.0,-0.0005001281970180571,0.25404760241508484,0.9295454025268555,0.9066119194030762,0.679555356502533,0.1855095773935318,0.17916296422481537,9.345189027953893e-05,-1.2760236131725833e-05,0.932536244392395,0.9305580258369446,0.6987011432647705,0.19609838724136353,0.19495125114917755,0.9324072599411011,0.9302405118942261,0.6986789107322693,0.19653552770614624,0.19540908932685852,36499,3.8419876098632812,,,,,,,,,,,,,0.19095942378044128,0.07087327539920807,0.07872053235769272,0.422027051448822,0.1765689253807068,0.11625541746616364,0.0,0.0717836320400238,0.06623929738998413,0.3289823532104492,0.2571987211704254,0.19095942378044128
0.031982421875,0.23381666839122772,0.0,0.0,0.0,0.5,0.18114618957042694,2.371729850769043,0.0,0.6973068714141846,0.06976129114627838,0.7265625,8.798345565795898,0,-2.7773499488830566,0.5887120962142944,34.99345016479492,1.60670006275177,0.9992432594299316,0.10000000149011612,0.4922332465648651,0.018899384886026382,0.026782480999827385,603.6889038085938,0.0,0.9964075684547424,1777686.0,0.030420491471886635,0.16767342388629913,0.25683292746543884,77.0,7.514000415802002,9.213663101196289,2.000178813934326,0.0,5221.0,1777687.0,343.0,0.0014784414088353515,0.0,0.0,0.0,1733623.875,512360.90625,1024.844482421875,584.0,0.0,500.0,3757.0,1777686.0,-4.135700225830078,-5.4936909675598145,0.2939918041229248,0.005582801997661591,140.0,2048.0,2.2487142086029053,0.39273446798324585,0.0,7.452426910400391,0.2451850026845932,,,-0.03296087682247162,1729102.0,-0.008434625342488289,0.00019980974320787936,1.0249104499816895,-0.003967676777392626,4341.0,0.0,1777687.0,144.48573303222656,141.0,0.037529945373535156,36.7901725769043,0.26639923453330994,1.7945325374603271,45.0,16383.0,0.053043220192193985,0.04519587382674217,0.23060373961925507,0.19940230250358582,0.05263157933950424,228.06594848632812,0.6853984594345093,0.8854689598083496,1.3266128301620483,-0.007741695269942284,-0.5362035632133484,0.27195900678634644,0.11328125,0.612989068031311,0.8583976626396179,0.0,0.0011467522708699107,1.0,1.0,0.7751801013946533,0.0481305867433548,0.15979792177677155,0.49733495712280273,0.6196895837783813,0.6792678236961365,0.9528908729553223,0.5998589992523193,31.519079208374023,1.5296337604522705,1.0,-0.0005627936334349215,0.2542398273944855,0.9295317530632019,0.9067113399505615,0.6799977421760559,0.18530453741550446,0.17935214936733246,1.66279078257503e-05,2.1876376194995828e-05,0.9324878454208374,0.9304593801498413,0.69884192943573,0.19625571370124817,0.19521144032478333,0.9323883652687073,0.9303728342056274,0.6990534067153931,0.19648273289203644,0.19563645124435425,36999,3.8522298336029053,,,,,,,,,,,,,0.19175449013710022,0.07038456201553345,0.07728280872106552,0.426399290561676,0.17528961598873138,0.11628104001283646,0.0,0.06986364722251892,0.066407710313797,0.32802584767341614,0.2581622004508972,0.19175449013710022
0.0179443359375,0.27164146304130554,0.0,0.0,0.0,0.71875,0.1801052689552307,2.395897150039673,0.0,0.6939864158630371,0.07021614909172058,0.73046875,8.80192756652832,0,-2.8019914627075195,0.5939788222312927,30.047391891479492,1.6199002265930176,0.9992414712905884,0.10000000149011612,0.49215635657310486,0.019000405445694923,0.026894275099039078,738.90478515625,0.0,0.9999746680259705,1801640.0,0.03056313656270504,0.1686248928308487,0.24647429585456848,77.0,7.544000148773193,9.320826530456543,2.000178813934326,0.0,5268.0,1801641.0,5852.0,0.02537643536925316,0.0,0.0,0.0,1757577.875,519963.65625,1150.0238037109375,585.0,0.0,500.0,3772.0,1801640.0,-2.491992950439453,-3.907302141189575,0.2956318259239197,0.008951753377914429,139.0,2048.0,2.009253978729248,0.38321778178215027,0.0,7.7312164306640625,0.23420830070972443,,,-0.032773133367300034,1753050.0,-0.008436158299446106,0.0005823886021971703,1.0249656438827515,-0.001733378041535616,4357.0,0.0,1801641.0,147.3126220703125,146.0,0.038706257939338684,40.62738800048828,0.26511549949645996,1.7865427732467651,42.0,16384.0,0.0532093271613121,0.04544829577207565,0.2317461520433426,0.20088988542556763,0.05263157933950424,215.2108612060547,0.6801245808601379,0.8885323405265808,1.329175591468811,-0.010395174846053123,-0.5330734848976135,0.26020678877830505,0.0771484375,0.6084305644035339,0.7953340411186218,0.0,0.0011594766983762383,1.0,1.0,0.7191348075866699,0.03217284381389618,0.16031357645988464,0.4250471889972687,0.5520569086074829,0.6310499906539917,0.9369629621505737,0.5885605812072754,31.70162582397461,1.4890843629837036,1.0,-0.0006530729588121176,0.2544544041156769,0.9293963313102722,0.9066030979156494,0.6790376305580139,0.18468014895915985,0.17892006039619446,-9.50231624301523e-05,-4.379578967927955e-05,0.9324308633804321,0.9304468035697937,0.6987168788909912,0.1962587684392929,0.1953640580177307,0.9322593808174133,0.9303440451622009,0.6982259154319763,0.19603285193443298,0.19544416666030884,37499,3.67317533493042,,,,,,,,,,,,,0.18920819461345673,0.06933439522981644,0.07586498558521271,0.42509520053863525,0.1770571619272232,0.11549386382102966,0.0,0.07452937960624695,0.06877036392688751,0.3325079381465912,0.25797855854034424,0.18920819461345673
0.021240234375,0.2569621801376343,0.0,0.0,0.0,0.5625,0.1789647787809372,2.6295313835144043,0.0,0.6997227072715759,0.07166291773319244,0.73046875,8.880266189575195,0,-2.82629656791687,0.5664676427841187,30.704235076904297,1.6340147256851196,0.999258279800415,0.10000000149011612,0.4921526312828064,0.019026018679142,0.027024608105421066,717.5111083984375,0.0,0.9933540225028992,1825545.0,0.03071887232363224,0.16949672996997833,0.25009796023368835,77.0,7.562000274658203,9.391195297241211,2.000178813934326,0.0,5312.0,1825546.0,499.0,0.0022162836976349354,0.0,0.0,0.0,1781482.875,527881.0,1131.4666748046875,594.0,0.0,500.0,3781.0,1825545.0,-3.4394569396972656,-4.763533592224121,0.2990019917488098,0.00765047874301672,157.0,2051.0,1.914973497390747,0.3616354465484619,0.0,8.102264404296875,0.26113346219062805,,,-0.03469442203640938,1776898.0,-0.008972891606390476,0.0006372260977514088,1.0255643129348755,-0.00012741051614284515,4375.0,0.0,1825546.0,157.99658203125,154.0,0.04072996601462364,30.828828811645508,0.2646530568599701,1.6853625774383545,45.0,16384.0,0.053362153470516205,0.04524757340550423,0.23085451126098633,0.2021823674440384,0.05263157933950424,205.62855529785156,0.6774716973304749,0.8892819285392761,1.3289800882339478,-0.007999714463949203,-0.5351500511169434,0.2737288475036621,0.07666015625,0.6212642192840576,0.8087807297706604,0.0,0.0015806307783350348,1.0,1.0,0.7784972190856934,0.05207886919379234,0.15784284472465515,0.4674273133277893,0.5437801480293274,0.6009303331375122,0.9135112762451172,0.5851815938949585,31.883020401000977,1.4733459949493408,1.0,-0.0005305742379277945,0.25446194410324097,0.9293293952941895,0.9060302972793579,0.6795918345451355,0.1849125325679779,0.17926664650440216,4.159715899731964e-05,2.5351780550408876e-06,0.9323554635047913,0.9302958846092224,0.6986395716667175,0.19617055356502533,0.19540336728096008,0.9322016835212708,0.9298565983772278,0.698702871799469,0.19623279571533203,0.1957424432039261,37999,3.629678249359131,,,,,,,,,,,,,0.1917853206396103,0.07033946365118027,0.07666463404893875,0.4292423129081726,0.18053558468818665,0.1168837696313858,0.0,0.07663071155548096,0.07048626244068146,0.3389022946357727,0.26227158308029175,0.1917853206396103
0.017333984375,0.24152860045433044,0.0,0.0,0.0,0.4375,0.17972202599048615,2.539973020553589,0.0,0.6990964412689209,0.07025951147079468,0.734375,8.869885444641113,0,-2.8499860763549805,0.5808576345443726,31.443557739257812,1.6324671506881714,0.999252438545227,0.10000000149011612,0.4922504425048828,0.019055968150496483,0.02707618847489357,828.0416870117188,9.0,1.0010485649108887,1849453.0,0.030695509165525436,0.16899792850017548,0.2292434126138687,77.0,7.5960001945495605,9.416055679321289,2.000178813934326,0.0,5341.0,1849454.0,1093.0,0.005094172898679972,0.0,0.0,0.0,1805390.875,534712.4375,1235.7916259765625,597.0,0.0,500.0,3798.0,1849453.0,-3.0458984375,-4.730234146118164,0.30134645104408264,0.014631202444434166,165.0,2049.0,2.0046205520629883,0.38077354431152344,0.0,7.927323818206787,0.4330728054046631,,,-0.035509515553712845,1800747.0,-0.009245622903108597,3.1279407266993076e-05,1.0262516736984253,-0.002705523744225502,4395.0,0.0,1849454.0,182.6638946533203,176.0,0.046340178698301315,28.759645462036133,0.26336008310317993,1.536557674407959,48.0,16384.0,0.053703129291534424,0.04543210193514824,0.22870290279388428,0.19916468858718872,0.04385964944958687,216.21902465820312,0.6753247380256653,0.8965636491775513,1.3326890468597412,-0.014172611758112907,-0.5346266031265259,0.2795138955116272,0.08642578125,0.7303844094276428,0.7640863656997681,0.0,0.001011015847325325,1.0,1.0,0.7055981159210205,0.06415057182312012,0.1664469987154007,0.5251528024673462,0.5751162171363831,0.7774363160133362,0.9081494808197021,0.5806179642677307,31.999961853027344,1.4916882514953613,1.0,-0.0005201702588237822,0.2541004717350006,0.9292173385620117,0.905629575252533,0.6797462701797485,0.1865115612745285,0.17967718839645386,5.074429645901546e-05,1.2151383998570964e-05,0.9322714805603027,0.9300574660301208,0.6986446976661682,0.19651252031326294,0.1956540048122406,0.9320815801620483,0.9295263886451721,0.6988024115562439,0.19770099222660065,0.19612134993076324,38499,3.7174365520477295,,,,,,,,,,,,,0.19207245111465454,0.06983232498168945,0.07687991857528687,0.4266278147697449,0.18199960887432098,0.11661838740110397,0.0,0.07938635349273682,0.07225382328033447,0.34371262788772583,0.264326274394989,0.19207245111465454
0.0194091796875,0.2741771340370178,0.0,0.0,0.0,0.6875,0.18127115070819855,2.4070398807525635,0.0,0.6986415982246399,0.06989997625350952,0.73828125,8.88021183013916,0,-2.873626470565796,0.5746710300445557,32.28047561645508,1.635276436805725,0.9992603659629822,0.10000000149011612,0.49238038063049316,0.019158147275447845,0.02719620056450367,640.8400268554688,0.0,1.0014070272445679,1873666.0,0.03109375759959221,0.17147813737392426,0.2564098536968231,77.0,7.62600040435791,9.41208267211914,2.000178813934326,0.0,5379.0,1873667.0,1958.0,0.009509807452559471,0.0,0.0,0.0,1829603.875,541235.625,1059.9200439453125,598.0,0.0,500.0,3813.0,1873666.0,-1.6213531494140625,-5.349874973297119,0.3036305904388428,0.009109966456890106,148.0,2048.0,2.07696533203125,0.3884124755859375,0.0,7.705953598022461,0.28162500262260437,,,-0.03481564298272133,1824781.0,-0.00914082769304514,0.00023082019470166415,1.025750994682312,-0.003811754286289215,4411.0,0.0,1873667.0,150.93099975585938,147.0,0.03855232149362564,27.102567672729492,0.2623002231121063,1.701954960823059,50.0,16384.0,0.05390050634741783,0.0451260469853878,0.22663845121860504,0.19829422235488892,0.04385964944958687,214.09341430664062,0.6801954507827759,0.8883428573608398,1.3313372135162354,-0.012165460735559464,-0.5345531105995178,0.26498982310295105,0.08837890625,0.6220823526382446,0.7925518155097961,0.0,0.00133709202054888,1.0,1.0,0.7910711765289307,0.04893726855516434,0.16108079254627228,0.41892215609550476,0.564434289932251,0.6434118151664734,0.9193598031997681,0.5969472527503967,32.0,1.5139180421829224,1.0,-0.0006123092607595026,0.25405147671699524,0.929301381111145,0.9059396386146545,0.679250955581665,0.18721267580986023,0.1801888793706894,-0.00012774494825862348,-4.13777343055699e-05,0.9322198033332825,0.9299203157424927,0.6986115574836731,0.19711749255657196,0.19594259560108185,0.9321606755256653,0.9298732280731201,0.6981073617935181,0.19841037690639496,0.1968720555305481,38999,3.7564048767089844,,,,,,,,,,,,,0.18963782489299774,0.06880410015583038,0.07621258497238159,0.4251669645309448,0.18159884214401245,0.11663974076509476,0.0,0.07962015271186829,0.07316844165325165,0.3424264192581177,0.2628062665462494,0.18963782489299774
0.0166015625,0.22274015843868256,0.0,0.0,0.0,0.5625,0.1809874325990677,2.3779306411743164,0.0,0.6950330138206482,0.07004532217979431,0.734375,8.831808090209961,0,-2.896693229675293,0.5934698581695557,25.544836044311523,1.6483237743377686,0.9992350339889526,0.10000000149011612,0.49244627356529236,0.01924857497215271,0.027328142896294594,573.6444702148438,0.0,0.9969961047172546,1897582.0,0.03209249675273895,0.17689523100852966,0.27130749821662903,77.0,7.648000240325928,9.428780555725098,2.000178813934326,0.0,5401.0,1897583.0,3608.0,0.016367504373192787,0.0,0.0,0.0,1853519.875,551293.875,995.3110961914062,599.0,0.0,500.0,3824.0,1897582.0,-1.0396194458007812,-2.859565496444702,0.30578285455703735,0.008133684284985065,143.0,2048.0,2.0992236137390137,0.3961661756038666,0.0,7.7330451011657715,0.22800135612487793,,,-0.036182403564453125,1848697.0,-0.009564908221364021,0.0008130950154736638,1.0270746946334839,-0.004165480379015207,4423.0,0.0,1897583.0,137.2201385498047,128.0,0.033472802489995956,31.616270065307617,0.261513352394104,1.7497864961624146,45.0,16384.0,0.05409735441207886,0.04512886703014374,0.22784480452537537,0.19682824611663818,0.04385964944958687,215.04544067382812,0.6793714761734009,0.8815719485282898,1.3356703519821167,-0.004927448462694883,-0.5381959676742554,0.2636391818523407,0.08154296875,0.6733786463737488,0.8067468404769897,0.0,0.001716950093396008,1.0,1.0,0.8132991790771484,0.048771798610687256,0.16070199012756348,0.39384493231773376,0.5261547565460205,0.6366996765136719,0.9050772190093994,0.6047378182411194,32.0,1.5796254873275757,1.0,-0.0006107406807132065,0.2541678249835968,0.929267942905426,0.9058381915092468,0.6791268587112427,0.18693098425865173,0.18027350306510925,-7.182175613706931e-05,-1.9794551917584613e-05,0.9321910738945007,0.9299134016036987,0.6984193325042725,0.1976335495710373,0.19635243713855743,0.9321150779724121,0.9298124313354492,0.6981656551361084,0.19826684892177582,0.19693470001220703,39499,3.6406688690185547,,,,,,,,,,,,,0.19250619411468506,0.06946312636137009,0.07735319435596466,0.4256504476070404,0.1801244169473648,0.11636138707399368,0.0,0.07931685447692871,0.0721929669380188,0.34401601552963257,0.26469916105270386,0.19250619411468506
0.01544189453125,0.24479272961616516,0.0,0.0,0.0,0.59375,0.18399769067764282,2.4517982006073,0.0,0.6952872276306152,0.0710352212190628,0.73828125,8.854755401611328,0,-2.919060230255127,0.5931669473648071,44.889686584472656,1.6505690813064575,0.9992613792419434,0.10000000149011612,0.49257585406303406,0.019266748800873756,0.02735212631523609,664.7555541992188,0.0,0.9995161890983582,1921564.0,0.03181856870651245,0.1756242960691452,0.2563561499118805,77.0,7.684000492095947,9.46844482421875,2.000178813934326,0.0,5425.0,1921565.0,4428.0,0.02122480422258377,0.0,0.0,0.0,1877501.875,559220.625,1080.2889404296875,599.0,0.0,500.0,3842.0,1921564.0,-1.7106094360351562,-3.272289752960205,0.30886897444725037,0.005323786288499832,155.0,2048.0,1.9067974090576172,0.3723229765892029,0.0,8.026007652282715,0.2540971338748932,,,-0.03547399491071701,1872679.0,-0.00944069866091013,0.0007376689463853836,1.02715003490448,-0.002838605083525181,4441.0,0.0,1921565.0,154.29510498046875,147.0,0.03826132044196129,30.971277236938477,0.2602868378162384,1.6437163352966309,45.0,16384.0,0.05432714521884918,0.044908858835697174,0.22922663390636444,0.2003711313009262,0.05263157933950424,207.19598388671875,0.6723672151565552,0.8844459652900696,1.3311535120010376,0.005927037447690964,-0.5429484844207764,0.25696250796318054,0.064453125,0.612962007522583,0.7584591507911682,0.0,0.0013740432914346457,1.0,1.0,0.681537389755249,0.06529740989208221,0.15595610439777374,0.46569955348968506,0.48557978868484497,0.6450494527816772,0.886623740196228,0.5964431166648865,32.0,1.6024607419967651,1.0,-0.0002610946830827743,0.2538216710090637,0.9291368722915649,0.9052609801292419,0.6794072389602661,0.1879645138978958,0.1808381974697113,0.00027746448176912963,-4.892871857009595e-06,0.932135820388794,0.9297544956207275,0.6982975602149963,0.19812527298927307,0.19674251973628998,0.9319941997528076,0.9292883276939392,0.6985270977020264,0.1991742104291916,0.19729875028133392,39999,3.7759623527526855,,,,,,,,,,,,,0.19337520003318787,0.0697782039642334,0.07545705884695053,0.4317445158958435,0.18349029123783112,0.11695415526628494,0.0,0.08363696932792664,0.0756598711013794,0.3526720404624939,0.26903507113456726,0.19337520003318787
,,,,,,,,,,,,,0,,,,,,,,,,,,,,,,,,,,,,,,,,,,,,,,,,,,,,,,,,,,,,,,0.0034758332185447216,0.20458748936653137,,,,,,,,,,,,,,,,,,,,,,,,,,,,,,,,,,,,,,,,,,,,,,,,,,,,,,,,,,,,,,,,,,,39999,,0.8372513651847839,130.0862274169922,148.58973693847656,18.503511428833008,11.292756080627441,141.3789825439453,127.45585632324219,138.5136260986328,149.39706420898438,12.8788480758667,164.19879150390625,151.3199462890625,,,,,,,,,,,,
0.01275634765625,0.27567151188850403,0.0,0.0,0.0,0.59375,0.18240338563919067,2.4800338745117188,0.0,0.6958625316619873,0.07014454156160355,0.7421875,8.885048866271973,0,-2.9414825439453125,0.5871402621269226,42.4221076965332,1.665497064590454,0.9992520213127136,0.10000000149011612,0.49266868829727173,0.019318655133247375,0.02740737982094288,836.0975341796875,0.0,0.9999916553497314,1945689.0,0.03196568042039871,0.17563560605049133,0.21189337968826294,77.0,7.700000286102295,9.51646614074707,2.000178813934326,0.0,5468.0,1945690.0,3033.0,0.01464809849858284,0.0,0.0,0.0,1901626.875,564963.625,1249.780517578125,600.0,0.0,500.0,3850.0,1945689.0,-1.2925338745117188,-4.34495735168457,0.30911827087402344,0.006040245294570923,178.0,2048.0,2.1396610736846924,0.39552807807922363,0.0,8.444564819335938,0.3482300937175751,,,-0.03447381407022476,1896709.0,-0.009221034124493599,0.0008054103818722069,1.026199460029602,-0.00035241656587459147,4450.0,0.0,1945690.0,225.8943328857422,207.0,0.05376623198390007,18.149250030517578,0.25975242257118225,1.3314716815948486,41.0,16384.0,0.05453253909945488,0.04522884264588356,0.2279662787914276,0.19843317568302155,0.04385964944958687,214.0537567138672,0.6680521368980408,0.8870974183082581,1.3341790437698364,-0.009375588968396187,-0.5379489660263062,0.2594074606895447,0.07568359375,0.5992207527160645,0.8075324892997742,0.0,0.0012753219343721867,1.0,1.0,0.7784090042114258,0.04772840812802315,0.15803559124469757,0.4879322350025177,0.5588294267654419,0.6584096550941467,0.9354672431945801,0.5806198120117188,32.0,1.7061011791229248,1.0,-0.0003024767793249339,0.25394874811172485,0.9291747212409973,0.9054200053215027,0.6803820133209229,0.1876457929611206,0.18051740527153015,0.00018521846504881978,7.445582741638646e-05,0.9321005940437317,0.9296230673789978,0.6986002326011658,0.19844642281532288,0.19687455892562866,0.9320186972618103,0.9294935464859009,0.6994514465332031,0.198708176612854,0.19694510102272034,40499,3.85658597946167,,,,,,,,,,,,,0.19270417094230652,0.06972420960664749,0.07642461359500885,0.43502649664878845,0.18741756677627563,0.11843302100896835,0.0,0.0831645131111145,0.07761779427528381,0.35348647832870483,0.27032196521759033,0.19270417094230652
0.021484375,0.2241855263710022,0.0,0.0,0.0,0.53125,0.18305516242980957,2.402834177017212,0.0,0.699125349521637,0.07089702039957047,0.7421875,8.976852416992188,0,-2.963254690170288,0.5641701221466064,29.284313201904297,1.6647878885269165,0.9992501735687256,0.10000000149011612,0.49270009994506836,0.01936025358736515,0.027533475309610367,723.0392456054688,0.0,1.0053343772888184,1969528.0,0.032674383372068405,0.17961996793746948,0.2458081841468811,75.0,7.718000411987305,9.496463775634766,2.000178813934326,0.0,5499.0,1969529.0,1657.0,0.00735301012173295,0.0,0.0,0.0,1925465.875,573435.75,1135.5882568359375,608.0,0.0,500.0,3859.0,1969528.0,-5.865154266357422,-7.279972076416016,0.30993595719337463,0.0072361379861831665,165.0,2049.0,2.1196610927581787,0.3871784210205078,0.0,8.024600982666016,0.3002706468105316,,,-0.03455150127410889,1920452.0,-0.009299328550696373,0.0006806404562667012,1.0258325338363647,-0.0029851722065359354,4467.0,0.0,1969529.0,173.95809936523438,164.0,0.04249805584549904,28.75948715209961,0.2591647803783417,1.5679484605789185,51.0,16384.0,0.054679565131664276,0.045428354293107986,0.22455093264579773,0.19626525044441223,0.05263157933950424,217.5504150390625,0.670555591583252,0.890446662902832,1.336344599723816,-0.003924739081412554,-0.5341115593910217,0.24652597308158875,0.0908203125,0.5607670545578003,0.8302668929100037,0.0,0.0010463274084031582,1.0,1.0,0.7406349182128906,0.06454029679298401,0.14941707253456116,0.3944125473499298,0.5479093790054321,0.5777966976165771,0.9342079162597656,0.6215844750404358,32.0,1.599379062652588,1.0,-0.0006739635718986392,0.2538496255874634,0.9290773272514343,0.9049518704414368,0.6801173686981201,0.1881587654352188,0.1806650459766388,-0.00011865747364936396,5.43508940609172e-05,0.9320445656776428,0.9294759035110474,0.6989885568618774,0.1985889971256256,0.19685828685760498,0.9319263100624084,0.9291087985038757,0.69935542345047,0.19907505810260773,0.19701175391674042,40999,3.814445972442627,,,,,,,,,,,,,0.19513726234436035,0.06947930157184601,0.07718776166439056,0.426800400018692,0.18630839884281158,0.11906148493289948,0.0,0.0865536630153656,0.0780329704284668,0.35972389578819275,0.27317023277282715,0.19513726234436035
0.0164794921875,0.253497451543808,0.0,0.0,0.0,0.53125,0.1836853176355362,2.4372127056121826,0.0,0.7001975178718567,0.07040148228406906,0.75390625,9.042070388793945,0,-2.9849300384521484,0.5761101841926575,55.382232666015625,1.6633954048156738,0.9992511868476868,0.10000000149011612,0.49269968271255493,0.019425584003329277,0.027618803083896637,774.4898071289062,0.0,1.0069979429244995,1993451.0,0.033888645470142365,0.18507148325443268,0.2377457469701767,76.0,7.720000267028809,9.547141075134277,2.000178813934326,0.0,5526.0,1993452.0,1384.0,0.006547672674059868,0.0,0.0,0.0,1949388.875,583725.0625,1183.591796875,619.0,0.0,500.0,3860.0,1993451.0,-5.186840057373047,-6.5854573249816895,0.3116108775138855,0.013729244470596313,158.0,2049.0,1.822638988494873,0.35580766201019287,0.0,7.921275615692139,0.2723398208618164,,,-0.032308246940374374,1944256.0,-0.008744546212255955,0.0006141497287899256,1.0241918563842773,-0.003079469781368971,4479.0,0.0,1993452.0,174.7924041748047,164.0,0.042487047612667084,30.813304901123047,0.2590925693511963,1.5530180931091309,49.0,16384.0,0.05486941710114479,0.045111045241355896,0.2234753966331482,0.19630324840545654,0.04385964944958687,219.3839569091797,0.6697119474411011,0.8864811658859253,1.3304122686386108,-0.015612512826919556,-0.5376089811325073,0.2869333028793335,0.06884765625,0.6639896631240845,0.7044041156768799,0.0,0.001243289327248931,1.0,1.0,0.7822613716125488,0.06599963456392288,0.1445787250995636,0.5305991768836975,0.5757240653038025,0.7387384176254272,0.8591033220291138,0.5595815181732178,32.0,1.677619218826294,1.0,-0.0007071056752465665,0.2538171112537384,0.9290268421173096,0.9046550393104553,0.6797215938568115,0.18838942050933838,0.1807287037372589,-0.0001378880551783368,4.659364094550256e-06,0.9320008754730225,0.9293202757835388,0.6990862488746643,0.19882486760616302,0.19693242013454437,0.9318792223930359,0.9289007782936096,0.698986828327179,0.19938798248767853,0.1970968395471573,41499,3.8064684867858887,,,,,,,,,,,,,0.19279900193214417,0.06825321912765503,0.0763777643442154,0.42638128995895386,0.18569126725196838,0.11695420742034912,0.0,0.08759847283363342,0.07880944013595581,0.3592069149017334,0.2716084420681,0.19279900193214417
0.0201416015625,0.2751922309398651,0.0,0.0,0.0,0.4375,0.18365277349948883,2.5084376335144043,0.0,0.709574282169342,0.07096390426158905,0.74609375,9.00222110748291,0,-3.006009101867676,0.584320604801178,43.985740661621094,1.672000765800476,0.9992531538009644,0.10000000149011612,0.49274587631225586,0.019479235634207726,0.027692295610904694,715.1428833007812,0.0,1.0068291425704956,2017513.0,0.033567119389772415,0.18318164348602295,0.2370433509349823,76.0,7.720000267028809,9.541261672973633,2.000178813934326,0.0,5548.0,2017514.0,5566.0,0.025030536577105522,0.0,0.0,0.0,1973450.875,592611.25,1131.48974609375,627.0,0.0,500.0,3860.0,2017513.0,-0.6041641235351562,-3.5217292308807373,0.3127553164958954,0.007113407365977764,157.0,2048.0,1.954930305480957,0.3703460097312927,0.0,7.711534023284912,0.24661658704280853,,,-0.03110566921532154,1968208.0,-0.008468154817819595,0.0005572993541136384,1.0237219333648682,-0.0038370920810848475,4487.0,0.0,2017514.0,173.32675170898438,166.0,0.04300517961382866,29.389801025390625,0.2590714693069458,1.5646342039108276,49.0,16384.0,0.05508359521627426,0.04513313248753548,0.2240877002477646,0.196263387799263,0.05263157933950424,213.11199951171875,0.6655767560005188,0.8836078643798828,1.3371460437774658,-0.008675266988575459,-0.5320805907249451,0.26240286231040955,0.08154296875,0.6430051922798157,0.745854914188385,0.0,0.0011737932218238711,1.0,1.0,0.8050696849822998,0.08252862095832825,0.14967213571071625,0.4700331687927246,0.5549072027206421,0.6660240888595581,0.8787791728973389,0.5962830781936646,31.999977111816406,1.5804667472839355,1.0,-0.00042718913755379617,0.25388312339782715,0.9290127158164978,0.9045925736427307,0.6805685758590698,0.1882418841123581,0.18058818578720093,8.185911428881809e-05,4.853926657233387e-05,0.9319550395011902,0.9291458129882812,0.6992179155349731,0.1990496814250946,0.19698727130889893,0.9318568110466003,0.9288349151611328,0.6997334957122803,0.19941189885139465,0.196997731924057,41999,3.714040756225586,,,,,,,,,,,,,0.19382214546203613,0.06900757551193237,0.07642585039138794,0.42727893590927124,0.18685148656368256,0.1180204451084137,0.0,0.08799296617507935,0.07919877767562866,0.36101388931274414,0.2730209231376648,0.19382214546203613
0.0106201171875,0.26501893997192383,0.0,0.0,0.0,0.46875,0.18199150264263153,2.526287317276001,0.0,0.6981337070465088,0.07073822617530823,0.75,8.990447044372559,0,-3.027012348175049,0.5942765474319458,46.363128662109375,1.6840779781341553,0.9992774724960327,0.10000000149011612,0.4926902651786804,0.019524306058883667,0.027777565643191338,846.739990234375,0.0,1.0130680799484253,2041283.0,0.03374791890382767,0.1841387152671814,0.21277131140232086,76.0,7.720000267028809,9.548609733581543,2.000178813934326,0.0,5569.0,2041284.0,342.0,0.0015076990239322186,0.0,0.0,0.0,1997220.875,602177.6875,1258.3199462890625,634.0,0.0,500.0,3860.0,2041283.0,-2.210399627685547,-3.8596153259277344,0.31385013461112976,0.008358939550817013,174.0,2049.0,1.9576804637908936,0.38599738478660583,0.0,7.961953639984131,0.24836984276771545,,,-0.03129884973168373,1991982.0,-0.008588510565459728,0.0003619621566031128,1.0239052772521973,-0.0024626771919429302,4494.0,0.0,2041284.0,195.6925048828125,180.0,0.04663212597370148,28.55156898498535,0.25917211174964905,1.4805774688720703,50.0,16384.0,0.05537321791052818,0.04564264416694641,0.22552967071533203,0.19595688581466675,0.05263157933950424,222.7666015625,0.6626790761947632,0.8795971274375916,1.340704321861267,-0.0032910038717091084,-0.5331418514251709,0.2679646909236908,0.07568359375,0.6251295208930969,0.8075129389762878,0.0,0.0013852014672011137,1.0,1.0,0.7482614517211914,0.07313654571771622,0.1462382972240448,0.4692341983318329,0.5874321460723877,0.6766233444213867,0.9375498294830322,0.5592727065086365,32.0,1.6229751110076904,1.0,-0.0005895402864553034,0.2537948489189148,0.9289051294326782,0.9039817452430725,0.6803038716316223,0.1881847083568573,0.18051859736442566,-7.493406883440912e-06,1.7674616174190305e-05,0.9318965673446655,0.9289231300354004,0.6993936896324158,0.19917413592338562,0.19695407152175903,0.9317504167556763,0.9283274412155151,0.6995425224304199,0.19921568036079407,0.1968258172273636,42499,3.865821599960327,,,,,,,,,,,,,0.19350306689739227,0.06880263984203339,0.07618933916091919,0.43356209993362427,0.19176581501960754,0.11882451176643372,0.0,0.09405916929244995,0.08316142857074738,0.3707236647605896,0.27666449546813965,0.19350306689739227
0.017578125,0.24295735359191895,0.0,0.0,0.0,0.59375,0.1814737468957901,2.474470615386963,0.0,0.7136253714561462,0.07090097665786743,0.74609375,8.965221405029297,0,-3.047551155090332,0.5816603302955627,85.98383331298828,1.6798018217086792,0.9992536902427673,0.10000000149011612,0.49272775650024414,0.019568974152207375,0.027815906330943108,733.7346801757812,0.0,1.0033363103866577,2065156.0,0.03372979909181595,0.183495432138443,0.23589813709259033,76.0,7.7300004959106445,9.631752014160156,2.000178813934326,0.0,5607.0,2065157.0,7879.0,0.03529088944196701,0.0,0.0,0.0,2021093.875,611701.5,1147.7142333984375,639.0,0.0,500.0,3865.0,2065156.0,-2.3439483642578125,-3.6130411624908447,0.31535813212394714,0.006031913682818413,164.0,2048.0,2.0826401710510254,0.3818262219429016,0.0,8.056777954101562,0.2399062216281891,,,-0.03349783644080162,2015838.0,-0.009240635670721531,0.0006856537074781954,1.0249124765396118,-0.0029750929679721594,4504.0,0.0,2065157.0,168.534912109375,159.0,0.0411384217441082,28.220672607421875,0.2587355077266693,1.5781699419021606,49.0,16384.0,0.05543116480112076,0.04520417004823685,0.22427165508270264,0.1958559900522232,0.05263157933950424,227.60935974121094,0.6643535494804382,0.8839181065559387,1.3363656997680664,0.0027427389286458492,-0.5400964617729187,0.28327134251594543,0.08837890625,0.6941785216331482,0.7141008973121643,0.0,0.0016124999383464456,1.0,1.0,0.781611442565918,0.06848984211683273,0.16129691898822784,0.5940510034561157,0.5660099387168884,0.8020714521408081,0.9024975299835205,0.5778912305831909,32.0,1.6417630910873413,1.0,-0.0006446600309573114,0.2537079453468323,0.9288899302482605,0.9041832685470581,0.6801814436912537,0.1887677162885666,0.1808885931968689,-0.00010224735888186842,1.3071974535705522e-05,0.9318385720252991,0.9287343621253967,0.6994336247444153,0.1993144005537033,0.19703347980976105,0.9317297339439392,0.9285726547241211,0.6994444727897644,0.19977830350399017,0.1973499208688736,42999,3.648906946182251,,,,,,,,,,,,,0.19943968951702118,0.07017552107572556,0.078029565513134,0.4218286871910095,0.1860450804233551,0.11926636844873428,0.0,0.09040385484695435,0.08051301538944244,0.37035655975341797,0.2799527049064636,0.19943968951702118
0.0146484375,0.24082516133785248,0.0,0.0,0.0,0.59375,0.1818869709968567,2.5527076721191406,0.0,0.7026548981666565,0.07016169279813766,0.7421875,8.953346252441406,0,-3.0673537254333496,0.5874118804931641,50.63468933105469,1.683621883392334,0.9992380142211914,0.10000000149011612,0.49267086386680603,0.019614849239587784,0.02793489582836628,927.2745361328125,0.0,1.005361557006836,2089097.0,0.03349378705024719,0.18254341185092926,0.21113337576389313,76.0,7.7300004959106445,9.641526222229004,2.000178813934326,0.0,5630.0,2089098.0,1478.0,0.006590300239622593,0.0,0.0,0.0,2045034.875,621011.3125,1329.62744140625,651.0,0.0,500.0,3865.0,2089097.0,-3.392230987548828,-7.43133544921875,0.3164653480052948,0.013809057883918285,185.0,2049.0,2.0444107055664062,0.40965303778648376,0.0,8.3795166015625,0.2933618128299713,,,-0.03160995990037918,2039737.0,-0.008765513077378273,0.0006043053581379354,1.023146629333496,-0.0015801845584064722,4516.0,0.0,2089098.0,210.0469512939453,191.0,0.049417853355407715,23.26642608642578,0.25877711176872253,1.392763614654541,51.0,16384.0,0.05567120760679245,0.045366544276475906,0.22548231482505798,0.1943967193365097,0.04385964944958687,223.1204071044922,0.6627348065376282,0.8817121982574463,1.338678240776062,-0.011122439056634903,-0.5261572003364563,0.28065168857574463,0.06494140625,0.6706339120864868,0.7510995864868164,0.0,0.0014419450890272856,1.0,1.0,0.7219047546386719,0.06862954050302505,0.15543687343597412,0.4923775792121887,0.5155267715454102,0.6801073551177979,0.8625684976577759,0.5941452383995056,32.0,1.572684645652771,1.0,-0.0004223740252200514,0.25366100668907166,0.9288821220397949,0.9038188457489014,0.6801700592041016,0.1884039044380188,0.1803339570760727,8.745110244490206e-05,-1.460962084820494e-05,0.9317961931228638,0.9285895228385925,0.6993871331214905,0.19939711689949036,0.19702747464179993,0.9317219853401184,0.9282660484313965,0.6993381977081299,0.19927582144737244,0.19677777588367462,43499,3.6512703895568848,,,,,,,,,,,,,0.19169430434703827,0.06755511462688446,0.07601572573184967,0.4233272075653076,0.1888623684644699,0.1187240481376648,0.0,0.09285876154899597,0.08166582882404327,0.3662188947200775,0.27336013317108154,0.19169430434703827
0.017578125,0.26824021339416504,0.0,0.0,0.0,0.46875,0.18172192573547363,2.4974164962768555,0.0,0.7087587118148804,0.070863738656044,0.74609375,8.951557159423828,0,-3.0870864391326904,0.6044883131980896,47.57951736450195,1.6917340755462646,0.999265730381012,0.10000000149011612,0.4927748143672943,0.01965297758579254,0.02798233926296234,898.4680786132812,0.0,1.0175280570983887,2112868.0,0.03452819958329201,0.18863877654075623,0.21625709533691406,75.0,7.740000247955322,9.688764572143555,2.000178813934326,0.0,5669.0,2112869.0,3266.0,0.014532524161040783,0.0,0.0,0.0,2068805.875,624627.8125,1300.25537109375,658.0,0.0,500.0,3870.0,2112868.0,-3.4312744140625,-5.211395740509033,0.31785088777542114,0.0057170940563082695,181.0,2048.0,2.152848243713379,0.4111119210720062,0.0,8.467010498046875,0.2811231017112732,,,-0.03146958723664284,2063513.0,-0.008772180415689945,0.0004338049911893904,1.0220890045166016,-0.0015548219671472907,4528.0,0.0,2112869.0,218.93540954589844,202.0,0.052196383476257324,21.605443954467773,0.2584061026573181,1.3703850507736206,47.0,16384.0,0.05581555888056755,0.045561112463474274,0.22559331357479095,0.1962357759475708,0.04385964944958687,226.44131469726562,0.6585511565208435,0.8891147971153259,1.3424279689788818,-0.012478026561439037,-0.534683346748352,0.28930070996284485,0.076171875,0.6909560561180115,0.7333333492279053,0.0,0.0014464202104136348,1.0,1.0,0.7233219146728516,0.06978606432676315,0.14803579449653625,0.5186958312988281,0.5514622926712036,0.7383396625518799,0.8814194202423096,0.594343900680542,32.0,1.595656394958496,1.0,-0.0005758116603828967,0.2536129057407379,0.928841769695282,0.9036611914634705,0.6801378726959229,0.18934988975524902,0.18119962513446808,5.4514232033398e-05,5.423016204986197e-07,0.9317671060562134,0.9284834265708923,0.699346125125885,0.19954398274421692,0.19711312651634216,0.9316863417625427,0.9281925559043884,0.699400782585144,0.20032435655593872,0.1977808177471161,43999,3.6914212703704834,,,,,,,,,,,,,0.1930011510848999,0.06786729395389557,0.07611943781375885,0.4274944067001343,0.18930038809776306,0.1182994470000267,0.0,0.09310343861579895,0.08223947882652283,0.3683440685272217,0.27524062991142273,0.1930011510848999
0.0185546875,0.2469157874584198,0.0,0.0,0.0,0.5,0.18387195467948914,2.469921350479126,0.0,0.7050361633300781,0.07073679566383362,0.74609375,9.001105308532715,0,-3.1065258979797363,0.5807671546936035,41.470848083496094,1.7060520648956299,0.9992523193359375,0.10000000149011612,0.4928257167339325,0.019727662205696106,0.02808934450149536,910.04345703125,0.0,1.0290327072143555,2136642.0,0.034598082304000854,0.18896247446537018,0.21991854906082153,75.0,7.760000228881836,9.68514347076416,2.000178813934326,1.0,5706.0,2136643.0,990.0,0.004375081975013018,0.0,0.0,0.0,2092579.875,630265.375,1308.6956787109375,660.0,0.0,500.0,3880.0,2136642.0,-2.41900634765625,-3.6728250980377197,0.31936562061309814,0.01836484484374523,180.0,2048.0,2.0616798400878906,0.44307026267051697,0.0,8.250954627990723,0.3719463050365448,,,-0.032433170825242996,2087266.0,-0.009078887291252613,0.0005432279431261122,1.0231175422668457,-0.0025831253733485937,4540.0,0.0,2136643.0,208.34219360351562,193.0,0.04974226653575897,26.004575729370117,0.2577979564666748,1.4273948669433594,46.0,16384.0,0.055974554270505905,0.04579285904765129,0.22336287796497345,0.19352029263973236,0.05263157933950424,223.25115966796875,0.6583125591278076,0.884110689163208,1.3416163921356201,-0.006708191242069006,-0.5262434482574463,0.28126612305641174,0.060302734375,0.6646907329559326,0.7569587826728821,0.0,0.0011034480994567275,1.0,1.0,0.7389430999755859,0.073944091796875,0.1626378446817398,0.5159510970115662,0.5358889102935791,0.7105515599250793,0.9023666977882385,0.5702816247940063,32.0,1.6313018798828125,1.0,-0.0007067396072670817,0.2534710168838501,0.9287975430488586,0.9032080173492432,0.6798242330551147,0.1901424378156662,0.18143366277217865,-0.00012357771629467607,-9.445069736102596e-06,0.9317319989204407,0.9282793402671814,0.6993773579597473,0.19998376071453094,0.19743455946445465,0.9316294193267822,0.9277724027633667,0.6991645097732544,0.20097070932388306,0.19796141982078552,44499,3.643548011779785,,,,,,,,,,,,,0.19429205358028412,0.06823617219924927,0.07636046409606934,0.42899125814437866,0.19359087944030762,0.12119613587856293,0.0,0.09703847765922546,0.0845320075750351,0.3758625388145447,0.2788240611553192,0.19429205358028412
0.0181884765625,0.2566349506378174,0.0,0.0,0.0,0.65625,0.18502889573574066,2.5096898078918457,0.0,0.7057473063468933,0.07079274207353592,0.75,9.032629013061523,0,-3.1253271102905273,0.589144766330719,43.49908447265625,1.6951680183410645,0.9992592334747314,0.10000000149011612,0.49290531873703003,0.01979205571115017,0.02819870412349701,912.9375,0.0,1.0359952449798584,2160676.0,0.035469915717840195,0.19386157393455505,0.21601593494415283,75.0,7.768000602722168,9.723542213439941,2.000178813934326,0.0,5742.0,2160677.0,5006.0,0.02396390214562416,0.0,0.0,0.0,2116614.0,635069.9375,1314.4166259765625,662.0,0.0,500.0,3884.0,2160676.0,-3.0789108276367188,-4.260417461395264,0.3204015791416168,0.007948494516313076,177.0,2048.0,2.224468231201172,0.40388140082359314,0.0,8.230198860168457,0.27513596415519714,,,-0.032025765627622604,2111265.0,-0.009011835791170597,0.0003486459609121084,1.0238853693008423,-0.003356160130351782,4546.0,0.0,2160677.0,201.32513427734375,197.0,0.050720907747745514,29.993820190429688,0.2574703097343445,1.4954988956451416,48.0,16383.0,0.05623895674943924,0.045796796679496765,0.2222200334072113,0.19285951554775238,0.05263157933950424,222.54306030273438,0.6557434797286987,0.8828237056732178,1.3453694581985474,-0.018057724460959435,-0.5236911773681641,0.2749098837375641,0.08740234375,0.5880535244941711,0.7327497601509094,0.0,0.0014276544097810984,1.0,1.0,0.747373104095459,0.07316501438617706,0.15267139673233032,0.5040261745452881,0.5881431102752686,0.6339912414550781,0.8998243808746338,0.5815934538841248,32.0,1.6128700971603394,1.0,-0.0004397186276037246,0.25341078639030457,0.9286674857139587,0.9028583765029907,0.6799384951591492,0.19057485461235046,0.1816754788160324,4.74296830361709e-05,-2.224873060185928e-05,0.9316727519035339,0.9280194640159607,0.6992574334144592,0.20051944255828857,0.19770585000514984,0.9315214157104492,0.927507221698761,0.6991006731987,0.20162473618984222,0.19826236367225647,44999,3.6878488063812256,,,,,,,,,,,,,0.19617566466331482,0.06839609146118164,0.07733942568302155,0.42501261830329895,0.19209915399551392,0.12096044421195984,0.0,0.09605097770690918,0.08506760001182556,0.37729424238204956,0.2812432646751404,0.19617566466331482
0.0277099609375,0.279778391122818,0.0,0.0,0.0,0.6875,0.18327131867408752,2.535861015319824,0.0,0.7058973908424377,0.07127898186445236,0.7421875,8.98459243774414,0,-3.143913507461548,0.5794920921325684,56.0745964050293,1.6983448266983032,0.9992448687553406,0.10000000149011612,0.49297142028808594,0.01986415684223175,0.02826685644686222,1045.13330078125,0.0,1.0418143272399902,2184541.0,0.03629334270954132,0.197503000497818,0.21304573118686676,75.0,7.78000020980835,9.685619354248047,2.000178813934326,0.0,5768.0,2184542.0,1618.0,0.006583170499652624,0.0,0.0,0.0,2140479.0,637685.0,1436.199951171875,673.0,0.0,500.0,3890.0,2184541.0,-3.0867271423339844,-4.3645524978637695,0.3217863440513611,0.006637696176767349,180.0,2049.0,2.0025553703308105,0.4060933589935303,0.0,8.391016006469727,0.2686774432659149,,,-0.031820617616176605,2135123.0,-0.00901232473552227,0.00046740201651118696,1.0234074592590332,-0.0025364786852151155,4563.0,0.0,2184542.0,215.0904083251953,209.0,0.05372750759124756,28.781726837158203,0.2570948600769043,1.4405940771102905,45.0,16384.0,0.05643118917942047,0.045628998428583145,0.220583975315094,0.1931961178779602,0.04385964944958687,224.81777954101562,0.6534440517425537,0.8836169838905334,1.344545602798462,-0.010988187976181507,-0.5300409197807312,0.2808563709259033,0.054443359375,0.6514138579368591,0.6763496398925781,0.0,0.0014310592086985707,1.0,1.0,0.6935141086578369,0.07682161778211594,0.1566852480173111,0.5377037525177002,0.5368360280990601,0.7398643493652344,0.8247319459915161,0.5761374831199646,32.0,1.7064391374588013,1.0,-0.00037012732354924083,0.2536310851573944,0.9286661744117737,0.9029223918914795,0.6803403496742249,0.1900995522737503,0.1816636472940445,0.00013933614536654204,3.928105343220523e-06,0.9316082000732422,0.9277998208999634,0.6992209553718567,0.2009313553571701,0.1979886144399643,0.9315121173858643,0.9275293946266174,0.6993919014930725,0.201317697763443,0.1984046995639801,45499,3.4509196281433105,,,,,,,,,,,,,0.2007436752319336,0.06938968598842621,0.07834161072969437,0.4160389006137848,0.19031207263469696,0.12108020484447479,0.0,0.0936104953289032,0.0846184492111206,0.3789726197719574,0.2853621244430542,0.2007436752319336
0.0230712890625,0.24250181019306183,0.0,0.0,0.0,0.59375,0.18206040561199188,2.5519959926605225,0.0,0.7055708765983582,0.07078012079000473,0.74609375,8.974367141723633,0,-3.161888599395752,0.5999754071235657,47.359825134277344,1.6998176574707031,0.9992654323577881,0.10000000149011612,0.4929841160774231,0.01989447884261608,0.028345776721835136,889.0,0.0,1.0414421558380127,2208618.0,0.03679082542657852,0.19956471025943756,0.21378450095653534,75.0,7.7920002937316895,9.696637153625488,2.000178813934326,0.0,5793.0,2208619.0,6058.0,0.026106223464012146,0.0,0.0,0.0,2164556.0,642421.3125,1295.29541015625,674.0,0.0,500.0,3896.0,2208618.0,-1.7459297180175781,-3.2855241298675537,0.3226674199104309,0.008923335000872612,172.0,2048.0,1.949028491973877,0.3816912770271301,0.0,8.793009757995605,0.31110888719558716,,,-0.0313781276345253,2159172.0,-0.008949984796345234,0.0006564263603650033,1.0230575799942017,-0.0008299834444187582,4570.0,0.0,2208619.0,181.86215209960938,178.0,0.04568788409233093,39.552001953125,0.2566772401332855,1.5888572931289673,44.0,16384.0,0.056526340544223785,0.045490991324186325,0.2241853028535843,0.19329720735549927,0.061403509229421616,233.9621124267578,0.6530623435974121,0.8749406933784485,1.34735107421875,-0.01388547569513321,-0.5216326117515564,0.2964017689228058,0.06494140625,0.5713552236557007,0.7143223881721497,0.0,0.0014774533919990063,1.0,1.0,0.7256345748901367,0.08053801953792572,0.16904905438423157,0.5512855648994446,0.5298791527748108,0.7067593336105347,0.885741651058197,0.5733180642127991,32.0,1.6509029865264893,1.0,-0.0007572965696454048,0.2537063658237457,0.9287068843841553,0.902871310710907,0.6800712943077087,0.19031915068626404,0.181572824716568,-0.0001477754849474877,8.808732673060149e-06,0.9315952658653259,0.9277278780937195,0.6993198990821838,0.20106017589569092,0.19807986915111542,0.93154376745224,0.9275261759757996,0.6992489099502563,0.20145957171916962,0.19826124608516693,45999,3.5753464698791504,,,,,,,,,,,,,0.19295233488082886,0.06711386144161224,0.07548042386770248,0.42598360776901245,0.19276562333106995,0.11988517642021179,0.0,0.09738051891326904,0.0859634280204773,0.3762962818145752,0.27891576290130615,0.19295233488082886
0.015869140625,0.2637624740600586,0.0,0.0,0.0,0.5625,0.18205851316452026,2.790184497833252,0.0,0.7107037305831909,0.07046623528003693,0.7265625,8.948707580566406,0,-3.1793925762176514,0.5947525501251221,69.93722534179688,1.7156295776367188,0.999257504940033,0.10000000149011612,0.4929777979850769,0.019945960491895676,0.028404897078871727,612.7884521484375,0.0,1.0338945388793945,2232665.0,0.036643221974372864,0.1986968219280243,0.21783795952796936,75.0,7.824000358581543,9.739339828491211,2.000178813934326,0.0,5836.0,2232666.0,302.0,0.0012205303646624088,0.0,0.0,0.0,2188603.0,647426.875,1046.6922607421875,674.0,0.0,500.0,3912.0,2232665.0,-1.5807151794433594,-4.224750995635986,0.32383495569229126,0.011178204789757729,149.0,2048.0,2.093163013458252,0.415408194065094,0.0,7.9146199226379395,0.37161409854888916,,,-0.032240595668554306,2183186.0,-0.009230183437466621,0.000711000117007643,1.023903250694275,-0.004834762308746576,4586.0,0.0,2232666.0,141.9496612548828,136.0,0.03476482629776001,32.1955680847168,0.25576862692832947,1.7351117134094238,52.0,16384.0,0.056699227541685104,0.045866891741752625,0.22016805410385132,0.18971118330955505,0.061403509229421616,252.46762084960938,0.6534924507141113,0.8892361521720886,1.3464887142181396,-0.00859647337347269,-0.5216065645217896,0.26243770122528076,0.06640625,0.5273517370223999,0.7492331266403198,0.0,0.0015602248022332788,1.0,1.0,0.8162000179290771,0.08006298542022705,0.16999472677707672,0.40590500831604004,0.5342608690261841,0.5386621952056885,0.8846654891967773,0.5767739415168762,32.0,1.7135238647460938,1.0,-0.0005113864899612963,0.25374835729599,0.928761899471283,0.9027636647224426,0.6800447702407837,0.18987692892551422,0.18162491917610168,8.073991921264678e-05,-8.838272151479032e-06,0.9315957427024841,0.9276271462440491,0.6992695331573486,0.20123091340065002,0.19822917878627777,0.9315759539604187,0.9274114966392517,0.6992698311805725,0.20112459361553192,0.1983533352613449,46499,3.7056002616882324,,,,,,,,,,,,,0.1937851756811142,0.06736929714679718,0.07654708623886108,0.4246956706047058,0.19346535205841064,0.12059155106544495,0.0,0.09851261973381042,0.08644355833530426,0.3787413537502289,0.28022873401641846,0.1937851756811142
0.0166015625,0.27970972657203674,0.0,0.0,0.0,0.5625,0.18293428421020508,2.620497703552246,0.0,0.70924973487854,0.07167410850524902,0.7421875,8.956243515014648,0,-3.196347713470459,0.577116847038269,43.63346862792969,1.7160003185272217,0.9992489218711853,0.10000000149011612,0.49277448654174805,0.02000289410352707,0.028528988361358643,706.6087036132812,0.0,1.0326330661773682,2256482.0,0.03696044906973839,0.19883355498313904,0.21409091353416443,76.0,7.88800048828125,9.831417083740234,2.000178813934326,0.0,5853.0,2256483.0,546.0,0.0024425589945167303,0.0,0.0,0.0,2212420.0,649944.5,1131.1522216796875,674.0,0.0,500.0,3944.0,2256482.0,-2.605091094970703,-4.595709800720215,0.32411515712738037,0.011572619900107384,152.0,2048.0,2.2052998542785645,0.41021642088890076,0.0,8.27458381652832,0.307524174451828,,,-0.03444485738873482,2206928.0,-0.009859607554972172,0.0006162051577121019,1.0255225896835327,-0.0028603686951100826,4618.0,0.0,2256483.0,171.06361389160156,160.0,0.04056795313954353,32.22304153442383,0.2536117732524872,1.5687341690063477,46.0,16384.0,0.057010866701602936,0.04591589793562889,0.22322198748588562,0.19496630132198334,0.061403509229421616,242.39852905273438,0.650492787361145,0.8797547817230225,1.3468692302703857,-0.015860149636864662,-0.5253076553344727,0.28353193402290344,0.08203125,0.5547667145729065,0.7880324721336365,0.0,0.0014264854835346341,1.0,1.0,0.8478481769561768,0.07385256141424179,0.16955383121967316,0.4901714324951172,0.5902386903762817,0.6455895900726318,0.9404780864715576,0.5685005784034729,32.0,1.6440508365631104,1.0,-0.0005407985299825668,0.25389477610588074,0.9287406206130981,0.9024976491928101,0.6801753640174866,0.18827450275421143,0.18041764199733734,3.6158116927254014e-06,2.0112687707296573e-05,0.9315996170043945,0.9275210499763489,0.6993395090103149,0.20081666111946106,0.19799485802650452,0.9315550327301025,0.9272162318229675,0.699522852897644,0.1994238793849945,0.19708196818828583,46999,3.5237526893615723,,,,,,,,,,,,,0.19905996322631836,0.06872875988483429,0.0775119960308075,0.4236094355583191,0.19343692064285278,0.12171562016010284,0.0,0.09841075539588928,0.08854582905769348,0.3860165476799011,0.28760579228401184,0.19905996322631836
0.01300048828125,0.24280138313770294,0.0,0.0,0.0,0.5625,0.18171323835849762,2.508174180984497,0.0,0.7113100290298462,0.07110542058944702,0.7421875,9.029723167419434,0,-3.2132880687713623,0.5819108486175537,60.251121520996094,1.717700481414795,0.9992499351501465,0.10000000149011612,0.49273771047592163,0.020032599568367004,0.02858497016131878,722.5833129882812,0.0,1.0332539081573486,2280519.0,0.037942565977573395,0.20388400554656982,0.22131435573101044,76.0,7.904000282287598,9.868208885192871,2.000178813934326,0.0,5883.0,2280520.0,518.0,0.0023899173829704523,0.0,0.0,0.0,2236457.0,657607.6875,1142.6875,674.0,0.0,500.0,3952.0,2280519.0,-6.506778717041016,-7.869944095611572,0.32428082823753357,0.00974483322352171,164.0,2048.0,2.099186897277832,0.4041740298271179,0.0,8.461785316467285,0.3269846737384796,,,-0.03455227613449097,2230886.0,-0.009964234195649624,0.000363878789357841,1.0252785682678223,-0.0024162863846868277,4626.0,0.0,2280520.0,189.23318481445312,179.0,0.045293521136045456,29.756500244140625,0.2531175911426544,1.4816988706588745,48.0,16384.0,0.05712844058871269,0.04571870341897011,0.2191523015499115,0.19167344272136688,0.04385964944958687,230.33248901367188,0.650048017501831,0.8827965259552002,1.3476030826568604,-0.010455564595758915,-0.5247983932495117,0.2801666855812073,0.06103515625,0.6895242929458618,0.7459514141082764,0.0,0.0012619009939953685,1.0,1.0,0.7503626346588135,0.08308281749486923,0.17329484224319458,0.5104364156723022,0.5046380758285522,0.7438733577728271,0.8910068273544312,0.5896861553192139,32.0,1.809977650642395,1.0,-0.0005693241837434471,0.2536766827106476,0.9286267757415771,0.9020835757255554,0.6801156997680664,0.18964794278144836,0.18104244768619537,-9.11757379071787e-05,9.77441686700331e-06,0.9315624237060547,0.9273273348808289,0.6994569897651672,0.20048804581165314,0.19773806631565094,0.9314407110214233,0.9268980026245117,0.6994516253471375,0.20071372389793396,0.19768773019313812,47499,3.718636989593506,,,,,,,,,,,,,0.19574570655822754,0.06737953424453735,0.07631482928991318,0.42052698135375977,0.1949138045310974,0.12150248885154724,0.0,0.10200148820877075,0.08922648429870605,0.38697367906570435,0.2849721908569336,0.19574570655822754
0.01708984375,0.28670164942741394,0.0,0.0,0.0,0.625,0.1816212236881256,2.6134397983551025,0.0,0.7112219333648682,0.07101558148860931,0.75390625,8.998348236083984,0,-3.229771614074707,0.5914595127105713,66.89566802978516,1.7270549535751343,0.9992523193359375,0.10000000149011612,0.49275678396224976,0.020090699195861816,0.028682703152298927,1012.8936157226562,0.0,1.0338807106018066,2304749.0,0.03793526813387871,0.20298567414283752,0.2143533080816269,76.0,7.910000324249268,9.989668846130371,2.000178813934326,0.0,5922.0,2304750.0,9446.0,0.044196780771017075,0.0,0.0,0.0,2260687.0,666049.3125,1408.0426025390625,674.0,0.0,500.0,3955.0,2304749.0,-1.6889533996582031,-3.669151782989502,0.32499951124191284,0.01733136922121048,182.0,2048.0,1.9624913930892944,0.38752812147140503,0.0,8.599360466003418,0.26911306381225586,,,-0.03411203995347023,2255093.0,-0.009909329935908318,0.0008028338197618723,1.0250725746154785,-0.0023382643703371286,4629.0,0.0,2304750.0,223.9106903076172,218.0,0.05512009933590889,28.721355438232422,0.25284767150878906,1.3857673406600952,47.0,16384.0,0.05724167078733444,0.0458679124712944,0.2172311544418335,0.18968553841114044,0.04385964944958687,231.457763671875,0.6487959027290344,0.8804249167442322,1.348827600479126,-0.010478894226253033,-0.5084224939346313,0.2978034019470215,0.06396484375,0.6080909967422485,0.7527180910110474,0.0,0.0013358162250369787,1.0,1.0,0.6640534400939941,0.10207552462816238,0.16502942144870758,0.5375664234161377,0.5130652189254761,0.6958017349243164,0.90007483959198,0.5831521153450012,32.0,1.7352662086486816,1.0,-0.0005384365795180202,0.2535800337791443,0.9285876154899597,0.9020206928253174,0.6794836521148682,0.1902586966753006,0.181462362408638,-1.8157601516577415e-05,-5.630692248814739e-05,0.9315119981765747,0.9271371364593506,0.6992088556289673,0.20072665810585022,0.19784332811832428,0.931402862071991,0.9268515110015869,0.6986821889877319,0.20144043862819672,0.19820652902126312,47999,3.791325569152832,,,,,,,,,,,,,0.19823645055294037,0.06763486564159393,0.07715129852294922,0.42715564370155334,0.19779008626937866,0.12204807996749878,0.0,0.10422903299331665,0.09206993877887726,0.3945354223251343,0.2903063893318176,0.19823645055294037
0.015380859375,0.23100699484348297,0.0,0.0,0.0,0.5625,0.18212994933128357,2.984433889389038,0.0,0.7061182260513306,0.07125045359134674,0.734375,8.946083068847656,0,-3.245742082595825,0.6035050749778748,84.20626831054688,1.7237272262573242,0.9992582201957703,0.10000000149011612,0.4927770495414734,0.02013588696718216,0.028731023892760277,937.4042358398438,0.0,1.0399198532104492,2328573.0,0.038123954087495804,0.20377904176712036,0.20965462923049927,76.0,7.9200005531311035,10.024298667907715,2.000178813934326,0.0,5946.0,2328574.0,210.0,0.0008714401628822088,0.0,0.0,0.0,2284511.0,670893.75,1341.5106201171875,674.0,0.0,500.0,3960.0,2328573.0,-2.3157958984375,-3.900963306427002,0.32589611411094666,0.010240154340863228,177.0,2048.0,2.0125794410705566,0.38167867064476013,0.0,8.834009170532227,0.31262093782424927,,,-0.03468051552772522,2278902.0,-0.010128597728908062,0.0006306355353444815,1.0249205827713013,-0.0026437093038111925,4634.0,0.0,2328574.0,220.8950958251953,208.0,0.05252525210380554,29.654483795166016,0.25266018509864807,1.383663535118103,47.0,16384.0,0.0573410838842392,0.04596976935863495,0.21856658160686493,0.19040407240390778,0.05263157933950424,236.12258911132812,0.6467257142066956,0.890842616558075,1.348386287689209,-0.007830734364688396,-0.5227674245834351,0.2798768877983093,0.07861328125,0.5719696879386902,0.7886363863945007,0.0,0.0019800395239144564,1.0,1.0,0.7409148216247559,0.08598518371582031,0.1670057475566864,0.48527026176452637,0.5421521663665771,0.6810905933380127,0.9036611318588257,0.5836909413337708,32.0,1.7337011098861694,1.0,-0.0003652692539617419,0.2536493241786957,0.9285237193107605,0.9016223549842834,0.6804699301719666,0.19013290107250214,0.1811373382806778,0.00021220171765889972,3.77254473278299e-05,0.9314552545547485,0.926958441734314,0.6992228031158447,0.20106852054595947,0.1979588121175766,0.9313365817070007,0.9264874458312988,0.6997725367546082,0.20129777491092682,0.19779424369335175,48499,3.623903274536133,,,,,,,,,,,,,0.19533228874206543,0.06693567335605621,0.07528109848499298,0.42265623807907104,0.19708463549613953,0.12137876451015472,0.0,0.10448089241981506,0.09104898571968079,0.3908621668815613,0.2863812744617462,0.19533228874206543
0.0172119140625,0.25964879989624023,0.0,0.0,0.0,0.625,0.18448399007320404,2.585106611251831,0.0,0.7131364345550537,0.0715411975979805,0.73828125,8.987154960632324,0,-3.2615387439727783,0.5970110893249512,67.15625,1.7240945100784302,0.9992382526397705,0.10000000149011612,0.49276620149612427,0.02019014023244381,0.028812376782298088,970.4583129882812,3.0,1.044892430305481,2352719.0,0.03763582184910774,0.2023131102323532,0.19529476761817932,76.0,7.932000160217285,10.072850227355957,2.000178813934326,0.0,5999.0,2352720.0,2008.0,0.00949916336685419,0.0,0.0,0.0,2308657.0,678945.625,1375.8333740234375,674.0,0.0,500.0,3966.0,2352719.0,-1.6828041076660156,-3.4454386234283447,0.3265829384326935,0.012967092916369438,180.0,2048.0,1.8673772811889648,0.37143784761428833,0.0,8.431465148925781,0.30556583404541016,,,-0.03308825567364693,2302841.0,-0.009712260216474533,0.000463432224933058,1.0243388414382935,-0.004367857240140438,4640.0,0.0,2352720.0,239.2366485595703,220.0,0.0554715059697628,20.671741485595703,0.25218307971954346,1.2850196361541748,48.0,16384.0,0.0574176087975502,0.04592739790678024,0.21795938909053802,0.19232776761054993,0.061403509229421616,226.69949340820312,0.6471613049507141,0.8911845088005066,1.349711298942566,-0.004802952520549297,-0.5170521140098572,0.27266135811805725,0.0634765625,0.5640443563461304,0.564548671245575,0.0,0.0016079663764685392,1.0,1.0,0.7666797637939453,0.09097088873386383,0.16348013281822205,0.49911317229270935,0.4392821788787842,0.6718143224716187,0.7618249654769897,0.6058117747306824,32.0,1.7553470134735107,1.0,-0.0007516639307141304,0.2536914050579071,0.9285687804222107,0.9017776250839233,0.6797360181808472,0.19036279618740082,0.18139652907848358,-0.00022098836780060083,-1.0273893167322967e-05,0.9314253330230713,0.926832377910614,0.6993405818939209,0.2011503428220749,0.1979055255651474,0.9313702583312988,0.9266417622566223,0.6990256905555725,0.20156952738761902,0.19810239970684052,48999,3.61167573928833,,,,,,,,,,,,,0.19670860469341278,0.06708112359046936,0.07610800862312317,0.4184359312057495,0.19637873768806458,0.12177073210477829,0.0,0.10548433661460876,0.09136159718036652,0.39355453848838806,0.2880702018737793,0.19670860469341278
0.0159912109375,0.2523798644542694,0.0,0.0,0.0,0.6875,0.1831553727388382,2.6644303798675537,0.0,0.7062853574752808,0.07191914319992065,0.75,9.014766693115234,0,-3.2767865657806396,0.5812298059463501,45.40632629394531,1.7374426126480103,0.9992555379867554,0.10000000149011612,0.4927358031272888,0.020244259387254715,0.028903085738420486,541.7021484375,0.0,1.0473846197128296,2376787.0,0.03817795589566231,0.20466117560863495,0.22568051517009735,76.0,7.956000328063965,10.11447811126709,2.000178813934326,0.0,6037.0,2376788.0,42.0,0.00017669954104349017,0.0,0.0,0.0,2332725.0,683976.75,980.3404541015625,674.0,0.0,500.0,3978.0,2376787.0,0.4901237487792969,-3.507246971130371,0.3273336887359619,0.007327030412852764,159.0,2048.0,2.040194272994995,0.3858954906463623,0.0,7.856727600097656,0.3399539589881897,,,-0.03265710547566414,2326853.0,-0.009628851898014545,0.000506101525388658,1.0249042510986328,-0.007088296115398407,4652.0,0.021276595070958138,2376788.0,163.28094482421875,152.0,0.03821015730500221,23.33405113220215,0.2517808973789215,1.554221510887146,47.0,16384.0,0.05773400515317917,0.0459761917591095,0.22152787446975708,0.19181250035762787,0.05263157933950424,232.90969848632812,0.6454525589942932,0.8712171912193298,1.3551281690597534,-0.00328788161277771,-0.5145683288574219,0.2894141376018524,0.068359375,0.625345766544342,0.6821724772453308,0.0,0.0018154762219637632,1.0,1.0,0.7571878433227539,0.10449861735105515,0.17044489085674286,0.543986439704895,0.47669172286987305,0.75865238904953,0.8833943605422974,0.5832825899124146,32.0,1.7142387628555298,1.0,-0.0005794753669761121,0.25360849499702454,0.9284940361976624,0.9016895890235901,0.6793406009674072,0.19048123061656952,0.1813534051179886,-1.8439770428813063e-05,-5.6965858675539494e-05,0.9313961863517761,0.9267483949661255,0.6991127729415894,0.20136356353759766,0.19801081717014313,0.9313040971755981,0.9265919923782349,0.6985810995101929,0.20167185366153717,0.19802512228488922,49499,3.6968026161193848,,,,,,,,,,,,,0.19811873137950897,0.06707935035228729,0.07529500126838684,0.435024619102478,0.2029222697019577,0.12167933583259583,0.0,0.11104583740234375,0.0972520262002945,0.4064165949821472,0.29537075757980347,0.19811873137950897
0.03271484375,0.2581767737865448,0.0,0.0,0.0,0.5625,0.18296116590499878,2.630143404006958,0.0,0.7133923768997192,0.07177134603261948,0.75,8.983112335205078,0,-3.291642427444458,0.5983500480651855,61.438289642333984,1.7357438802719116,0.9992751479148865,0.10000000149011612,0.49266165494918823,0.020284634083509445,0.028968434780836105,911.4893798828125,0.0,1.048387050628662,2400746.0,0.03817206248641014,0.2035423368215561,0.21403110027313232,76.0,7.958000183105469,10.18487548828125,2.000178813934326,0.0,6074.0,2400747.0,6661.0,0.03150928020477295,0.0,0.0,0.0,2356684.0,695860.375,1318.55322265625,680.0,0.0,500.0,3979.0,2400746.0,-0.7213249206542969,-3.4700686931610107,0.32732266187667847,0.010013426654040813,177.0,2048.0,2.0257747173309326,0.39579182863235474,0.0,8.486005783081055,0.30311617255210876,,,-0.032891031354665756,2350797.0,-0.009741244837641716,0.0007757614948786795,1.024807333946228,-0.0028010737150907516,4659.0,0.0,2400747.0,213.7768096923828,210.0,0.05277707800269127,39.87110900878906,0.25132277607917786,1.452726125717163,47.0,16384.0,0.05778151750564575,0.04604686424136162,0.22064697742462158,0.19319193065166473,0.061403509229421616,248.55111694335938,0.6400008201599121,0.8764193058013916,1.353274941444397,-0.001009489642456174,-0.5194680690765381,0.2767733633518219,0.0712890625,0.5448605418205261,0.560442328453064,0.0,0.0017996631795540452,1.0,1.0,0.7690000534057617,0.10552094876766205,0.1666993498802185,0.4887477159500122,0.5269796848297119,0.6399726271629333,0.843904435634613,0.57784104347229,32.0,1.710858702659607,1.0,-0.00038448726991191506,0.2537931501865387,0.9284207224845886,0.9011330604553223,0.6801497936248779,0.18970313668251038,0.18055880069732666,0.00014999140694271773,2.9693297619814985e-05,0.9313434958457947,0.9265759587287903,0.6990761756896973,0.20130310952663422,0.19778254628181458,0.9312365055084229,0.9261009693145752,0.6994917392730713,0.2010093480348587,0.19719348847866058,49999,3.6715781688690186,,,,,,,,,,,,,0.199033722281456,0.06753543019294739,0.07583463937044144,0.43604570627212524,0.20591816306114197,0.12324963510036469,0.0,0.11307013034820557,0.09996829926967621,0.41207215189933777,0.2990020215511322,0.199033722281456
,,,,,,,,,,,,,0,,,,,,,,,,,,,,,,,,,,,,,,,,,,,,,,,,,,,,,,,,,,,,,,0.003911105450242758,0.17716939747333527,,,,,,,,,,,,,,,,,,,,,,,,,,,,,,,,,,,,,,,,,,,,,,,,,,,,,,,,,,,,,,,,,,,49999,,0.8372513651847839,122.2607192993164,141.13870239257812,18.87797737121582,14.77102279663086,137.03173828125,119.48745727539062,133.8785400390625,141.8421173095703,17.378490447998047,161.1533660888672,143.77487182617188,,,,,,,,,,,,
0.0255126953125,0.2337251603603363,0.0,0.0,0.0,0.625,0.18295127153396606,2.5466361045837402,0.0,0.7111945748329163,0.07193814963102341,0.73828125,9.009137153625488,0,-3.306142807006836,0.5942728519439697,51.823429107666016,1.7403148412704468,0.9992520213127136,0.10000000149011612,0.49262553453445435,0.02032330632209778,0.029025567695498466,736.11767578125,0.0,1.0490983724594116,2424597.0,0.03842710331082344,0.20483508706092834,0.22018253803253174,76.0,7.964000225067139,10.199546813964844,2.000178813934326,0.0,6088.0,2424598.0,1946.0,0.008756984025239944,0.0,0.0,0.0,2380535.0,708264.625,1155.6470947265625,680.0,0.0,500.0,3982.0,2424597.0,-2.540180206298828,-4.234064102172852,0.3283073902130127,0.011196549981832504,179.0,2048.0,2.0706164836883545,0.3847377896308899,0.0,8.194463729858398,0.3363437354564667,,,-0.033981941640377045,2374640.0,-0.010114967823028564,0.0003549169923644513,1.0254161357879639,-0.005150063894689083,4662.0,0.0,2424598.0,199.62167358398438,184.0,0.046207934617996216,24.679885864257812,0.2511475682258606,1.4157496690750122,51.0,16384.0,0.05788922309875488,0.045909333974123,0.21728023886680603,0.1915711611509323,0.05263157933950424,241.20071411132812,0.6379083395004272,0.8840004205703735,1.3526649475097656,-0.008036362938582897,-0.523533821105957,0.26918789744377136,0.0947265625,0.5205926895141602,0.7586640119552612,0.0,0.0011887617874890566,1.0,1.0,0.7255806922912598,0.10467890650033951,0.17025460302829742,0.48463505506515503,0.6002107858657837,0.6259437203407288,0.9284573793411255,0.5680933594703674,32.0,2.110431432723999,1.0,-0.0006298040389083326,0.2536987364292145,0.9284499883651733,0.9009329676628113,0.6796512603759766,0.19023828208446503,0.181082621216774,-0.00010448867396917194,-7.73894862504676e-06,0.9313080310821533,0.9263566136360168,0.6992005705833435,0.20125944912433624,0.19761960208415985,0.9312588572502136,0.9259279370307922,0.6990246772766113,0.2014666348695755,0.19769306480884552,50499,3.5347485542297363,,,,,,,,,,,,,0.19979655742645264,0.06732340157032013,0.07643069326877594,0.41942036151885986,0.20030954480171204,0.12317793071269989,0.0,0.10877436399459839,0.0955321192741394,0.40410304069519043,0.29532867670059204,0.19979655742645264
0.021240234375,0.28512194752693176,0.0,0.0,0.0,0.65625,0.18385176360607147,2.5850443840026855,0.0,0.7141545414924622,0.07134689390659332,0.74609375,9.009661674499512,0,-3.3201541900634766,0.5906612277030945,56.527122497558594,1.7486262321472168,0.9992510676383972,0.10000000149011612,0.4926413297653198,0.020388292148709297,0.02911278046667576,805.7916870117188,0.0,1.0466599464416504,2448585.0,0.03852616623044014,0.2059195190668106,0.22122031450271606,76.0,7.988000392913818,10.24293327331543,2.000178813934326,0.0,6102.0,2448586.0,1269.0,0.005647457204759121,0.0,0.0,0.0,2404523.0,720714.0625,1217.9791259765625,680.0,0.0,500.0,3994.0,2448585.0,-3.2711029052734375,-4.394587993621826,0.32901620864868164,0.01936335489153862,181.0,2048.0,2.1896705627441406,0.4323521554470062,0.0,8.37393569946289,0.31442713737487793,,,-0.033423397690057755,2398619.0,-0.009987296536564827,0.00019759182760026306,1.0248812437057495,-0.0035512754693627357,4674.0,0.0,2448586.0,210.58949279785156,199.0,0.04982473701238632,27.189985275268555,0.2504439353942871,1.3936700820922852,48.0,16384.0,0.05808085575699806,0.04586903750896454,0.2171066701412201,0.19051788747310638,0.05263157933950424,239.02108764648438,0.6394942998886108,0.8827314972877502,1.3505624532699585,-0.005476453807204962,-0.5155949592590332,0.2691459059715271,0.072265625,0.5706059336662292,0.741111695766449,0.0,0.0014099873369559646,1.0,1.0,0.7306084632873535,0.10853687673807144,0.1683368980884552,0.46601879596710205,0.4883004128932953,0.6472960114479065,0.8734152317047119,0.5921595692634583,32.0,1.8197016716003418,1.0,-0.000568790826946497,0.25354689359664917,0.9284029603004456,0.9008415937423706,0.68000727891922,0.19043412804603577,0.18131199479103088,1.5022040315670893e-05,1.6475727534270845e-05,0.9312928318977356,0.9261703491210938,0.6992281675338745,0.201388880610466,0.19769616425037384,0.9312106370925903,0.9258444309234619,0.6993898153305054,0.20156647264957428,0.19791299104690552,50999,3.605330467224121,,,,,,,,,,,,,0.19625519216060638,0.06609238684177399,0.07523729652166367,0.4263002872467041,0.20356960594654083,0.12227343022823334,0.0,0.11408787965774536,0.09818382561206818,0.4085268974304199,0.29443901777267456,0.19625519216060638
0.0166015625,0.27261707186698914,0.0,0.0,0.0,0.625,0.18155409395694733,2.591912031173706,0.0,0.710136890411377,0.07124724984169006,0.75,9.028754234313965,0,-3.3337278366088867,0.5925250053405762,69.13540649414062,1.747008204460144,0.9992531538009644,0.10000000149011612,0.4927257001399994,0.02037709392607212,0.029122930020093918,950.4500122070312,0.0,1.043243169784546,2472799.0,0.038115911185741425,0.20446322858333588,0.21186070144176483,76.0,8.004000663757324,10.340494155883789,2.000178813934326,0.0,6134.0,2472800.0,4958.0,0.022088972851634026,0.0,0.0,0.0,2428737.0,732018.8125,1350.925048828125,681.0,0.0,500.0,4002.0,2472799.0,-2.2525367736816406,-3.5307834148406982,0.33013561367988586,0.012610875070095062,176.0,2048.0,2.186502456665039,0.4287843704223633,0.0,8.483624458312988,0.2728196382522583,,,-0.032792828977108,2422811.0,-0.009841849096119404,0.0003744710993487388,1.0245453119277954,-0.002814678242430091,4683.0,0.0,2472800.0,206.66477966308594,206.0,0.05147426202893257,32.91668701171875,0.2498791366815567,1.4559228420257568,40.0,16384.0,0.05812026187777519,0.045811671763658524,0.2195405215024948,0.1910419762134552,0.05263157933950424,241.70895385742188,0.6409973502159119,0.8726017475128174,1.3532634973526,-0.016692396253347397,-0.516788125038147,0.2741285562515259,0.06787109375,0.5379810333251953,0.721889078617096,0.0,0.0014195782132446766,1.0,1.0,0.6739141941070557,0.09905984252691269,0.1660728007555008,0.4506092369556427,0.5347307324409485,0.6004641652107239,0.8773692846298218,0.5654783844947815,32.0,1.7705157995224,1.0,-0.0005968728801235557,0.25347307324409485,0.9283940196037292,0.9006975293159485,0.679715633392334,0.1910712867975235,0.18219919502735138,-7.546660344814882e-05,-1.0797916729643475e-05,0.9312561750411987,0.9260272979736328,0.6991807222366333,0.20164754986763,0.1980752944946289,0.9312050342559814,0.9257156252861023,0.699006974697113,0.20229333639144897,0.19901143014431,51499,3.6082100868225098,,,,,,,,,,,,,0.19940340518951416,0.06665264070034027,0.07583526521921158,0.4275745451450348,0.2042461484670639,0.1229841411113739,0.0,0.11458754539489746,0.09975177049636841,0.41374272108078003,0.29915517568588257,0.19940340518951416
0.0167236328125,0.25472912192344666,0.0,0.0,0.0,0.71875,0.18270602822303772,2.6049234867095947,0.0,0.717267632484436,0.07171984016895294,0.75,9.035099983215332,0,-3.3469653129577637,0.5973523259162903,53.24885559082031,1.7456386089324951,0.9992586374282837,0.10000000149011612,0.492695689201355,0.020414987578988075,0.02916981279850006,1009.2548828125,0.0,1.0393414497375488,2496665.0,0.038049664348363876,0.2040020078420639,0.21000342071056366,76.0,8.008000373840332,10.33545207977295,2.000178813934326,0.0,6148.0,2496666.0,5431.0,0.02537013776600361,0.0,0.0,0.0,2452603.0,744352.5,1404.941162109375,686.0,0.0,500.0,4004.0,2496665.0,-2.1461181640625,-3.849782705307007,0.33052268624305725,0.008306554518640041,176.0,2048.0,2.1273462772369385,0.39506006240844727,0.0,8.379265785217285,0.27251940965652466,,,-0.03172777593135834,2446679.0,-0.009553412906825542,0.0004215510271023959,1.0239862203598022,-0.0035458621568977833,4690.0,0.0,2496666.0,197.1107635498047,197.0,0.04920079931616783,35.13688659667969,0.24975411593914032,1.507196068763733,51.0,16383.0,0.0583493709564209,0.045981407165527344,0.21942661702632904,0.19250087440013885,0.05263157933950424,228.21337890625,0.6391996741294861,0.8759530186653137,1.3536323308944702,-0.0076913717202842236,-0.5119922161102295,0.27892419695854187,0.08935546875,0.6186313629150391,0.8359140753746033,0.0,0.001864636898972094,1.0,1.0,0.7961163520812988,0.09864137321710587,0.1625000387430191,0.47663748264312744,0.5314692854881287,0.646241307258606,0.930071234703064,0.5869518518447876,32.0,1.7440892457962036,1.0,-0.0006238881614990532,0.25362613797187805,0.9283807277679443,0.9006682634353638,0.6794533133506775,0.19050250947475433,0.18163061141967773,-7.190889300545678e-05,-2.6953202905133367e-05,0.9312385320663452,0.9259005784988403,0.6990861296653748,0.20173737406730652,0.19823457300662994,0.931175708770752,0.9256755709648132,0.698769748210907,0.201818585395813,0.19839109480381012,51999,3.5493812561035156,,,,,,,,,,,,,0.1995662897825241,0.06638908386230469,0.07526516914367676,0.42978039383888245,0.2047412395477295,0.12358967214822769,0.0,0.11397936940193176,0.10006941854953766,0.41361507773399353,0.29963570833206177,0.1995662897825241
0.0140380859375,0.2753925621509552,0.0,0.0,0.0,0.625,0.18427327275276184,2.608116626739502,0.0,0.7074235081672668,0.0716037005186081,0.75,9.004762649536133,0,-3.359710454940796,0.5880481004714966,69.67906188964844,1.756730318069458,0.9992643594741821,0.10000000149011612,0.4926851987838745,0.02046690136194229,0.029251491650938988,1046.8477783203125,0.0,1.0412997007369995,2520690.0,0.03798207268118858,0.20365720987319946,0.1970261037349701,76.0,8.026000022888184,10.345791816711426,2.000178813934326,0.0,6162.0,2520691.0,448.0,0.001842307741753757,0.0,0.0,0.0,2476628.0,755386.6875,1446.7825927734375,686.0,0.0,500.0,4013.0,2520690.0,-3.735790252685547,-4.822729110717773,0.3317434787750244,0.014756729826331139,177.0,2048.0,1.919189453125,0.3931025266647339,0.0,8.68498706817627,0.277150422334671,,,-0.03110472485423088,2470701.0,-0.009388548322021961,0.00023351139680016786,1.023805022239685,-0.0019772881641983986,4699.0,0.0,2520691.0,205.99900817871094,199.0,0.04958883672952652,34.65531539916992,0.24926064908504486,1.437733769416809,46.0,16384.0,0.05856279656291008,0.0462733656167984,0.2158842235803604,0.1900695115327835,0.061403509229421616,242.2979278564453,0.637728750705719,0.8732810616493225,1.35786771774292,-0.010371599346399307,-0.5091555118560791,0.26698386669158936,0.056884765625,0.6122601628303528,0.6812857985496521,0.0,0.0015041418373584747,1.0,1.0,0.6417417526245117,0.09742652624845505,0.17009708285331726,0.5234943628311157,0.5041839480400085,0.707442045211792,0.8508384227752686,0.5747278332710266,32.0,1.6851768493652344,1.0,-0.0005603671306744218,0.25350719690322876,0.9283838868141174,0.9004198908805847,0.6798244714736938,0.1908503770828247,0.18136155605316162,5.6164804846048355e-05,1.1045276551158167e-05,0.931218683719635,0.9257766604423523,0.6990588307380676,0.20187592506408691,0.19830234348773956,0.9311679005622864,0.925455629825592,0.6992127895355225,0.20209260284900665,0.19808977842330933,52499,3.64351224899292,,,,,,,,,,,,,0.20031039416790009,0.06677325814962387,0.07675573229789734,0.4294961094856262,0.2067025601863861,0.12419480085372925,0.0,0.11723580956459045,0.1015026718378067,0.41904887557029724,0.3018130660057068,0.20031039416790009
0.0185546875,0.2633620798587799,0.0,0.0,0.0,0.5,0.18386797606945038,2.5661537647247314,0.0,0.7095837593078613,0.07156077772378922,0.74609375,8.964991569519043,0,-3.3722498416900635,0.5877174139022827,77.48152923583984,1.7536176443099976,0.9992483258247375,0.10000000149011612,0.4927184283733368,0.020489906892180443,0.029292449355125427,1022.8048706054688,0.0,1.0377429723739624,2544694.0,0.03792794421315193,0.20360411703586578,0.19776186347007751,82.0,8.030000686645508,10.450240135192871,2.000178813934326,0.0,6187.0,2544695.0,7566.0,0.03251414746046066,0.0,0.0,0.0,2500632.0,764406.3125,1420.268310546875,692.0,0.0,500.0,4015.0,2544694.0,-2.3344497680664062,-3.7419748306274414,0.3319011330604553,0.007376381661742926,185.0,2048.0,2.1423439979553223,0.4003567695617676,0.0,8.623711585998535,0.28030404448509216,,,-0.03032962791621685,2494705.0,-0.009205118753015995,0.00036092192749492824,1.021962285041809,-0.0025231814943253994,4707.0,0.0,2544695.0,221.49070739746094,210.0,0.05230386182665825,30.104047775268555,0.2490692287683487,1.3733576536178589,41.0,16384.0,0.05863745138049126,0.046201061457395554,0.2184905856847763,0.190424382686615,0.07017543911933899,240.25030517578125,0.6372805833816528,0.8728237152099609,1.355857491493225,-0.007999901659786701,-0.5066332817077637,0.24416251480579376,0.078125,0.5424657464027405,0.8069738745689392,0.0,0.001303952420130372,1.0,1.0,0.7826905250549316,0.10500819236040115,0.17288005352020264,0.425705224275589,0.5084559917449951,0.5941380858421326,0.9113351106643677,0.6011329889297485,32.0,1.8373346328735352,1.0,-0.0003699437074828893,0.25341176986694336,0.9284049272537231,0.9004238843917847,0.6798821091651917,0.19121412932872772,0.1813579946756363,0.0001683369919192046,-3.6026935958943795e-06,0.9312031865119934,0.9256553053855896,0.6990247964859009,0.20211349427700043,0.19829165935516357,0.9311734437942505,0.9254572987556458,0.6991598606109619,0.2025480717420578,0.19814924895763397,52999,3.6139276027679443,,,,,,,,,,,,,0.20094209909439087,0.06668671220541,0.07564739137887955,0.42673420906066895,0.20620915293693542,0.12420886754989624,0.0,0.11598795652389526,0.10183429718017578,0.4187643527984619,0.30277639627456665,0.20094209909439087
0.0177001953125,0.2600099742412567,0.0,0.0,0.0,0.5,0.18307165801525116,2.5031449794769287,0.0,0.7139818668365479,0.07162442803382874,0.7421875,9.034980773925781,0,-3.384460926055908,0.5838239192962646,87.12107849121094,1.7556782960891724,0.9992290735244751,0.10000000149011612,0.4926970899105072,0.02051614783704281,0.029331903904676437,971.8043212890625,0.0,1.037297248840332,2568597.0,0.0378173291683197,0.2033049315214157,0.2049323171377182,82.0,8.039999961853027,10.488012313842773,2.000178813934326,0.0,6216.0,2568598.0,275.0,0.0011052649933844805,0.0,0.0,0.0,2524535.0,774655.4375,1369.8695068359375,695.0,0.0,500.0,4020.0,2568597.0,-1.6960258483886719,-3.1246767044067383,0.3328707814216614,0.014049798250198364,176.0,2048.0,2.0788424015045166,0.4097563624382019,0.0,8.79833984375,0.3047419488430023,,,-0.03138624131679535,2518594.0,-0.009562972001731396,1.2849502127210144e-05,1.0215281248092651,-0.0023066175635904074,4715.0,0.0,2568598.0,210.70359802246094,201.0,0.05000000074505806,33.087745666503906,0.24887843430042267,1.4193614721298218,46.0,16384.0,0.05875590071082115,0.04612476006150246,0.21800772845745087,0.1898573487997055,0.04385964944958687,242.20474243164062,0.6343274116516113,0.8794441819190979,1.3557966947555542,-0.011650941334664822,-0.5099484324455261,0.251469224691391,0.06396484375,0.6395522356033325,0.753731369972229,0.0,0.0013704944867640734,1.0,1.0,0.655299186706543,0.11551347374916077,0.17313335835933685,0.5710852742195129,0.5619094371795654,0.8034521341323853,0.9065015316009521,0.5478758215904236,32.0,1.8686211109161377,1.0,-0.0006238018395379186,0.2533685863018036,0.9283150434494019,0.9003591537475586,0.6796321272850037,0.1910579353570938,0.18136164546012878,-8.669296221341938e-05,-8.69578343554167e-06,0.9311805963516235,0.9255816340446472,0.6991013288497925,0.20215840637683868,0.19813762605190277,0.9311015009880066,0.9254288673400879,0.6989365816116333,0.20231203734874725,0.19816437363624573,53499,3.5471277236938477,,,,,,,,,,,,,0.19615142047405243,0.0652276948094368,0.07432778179645538,0.42344000935554504,0.20459726452827454,0.12376205623149872,0.0,0.11454606056213379,0.09968425333499908,0.4103817343711853,0.2958356738090515,0.19615142047405243
0.020263671875,0.26908162236213684,0.0,0.0,0.0,0.46875,0.1838667243719101,2.689112424850464,0.0,0.7127466201782227,0.0718582421541214,0.74609375,9.00634479522705,0,-3.396280288696289,0.5915241837501526,102.32688903808594,1.7565964460372925,0.9992532730102539,0.10000000149011612,0.49261051416397095,0.020550107583403587,0.029400862753391266,987.952392578125,0.0,1.0299500226974487,2592493.0,0.03874414786696434,0.208755224943161,0.21304506063461304,82.0,8.058000564575195,10.484201431274414,2.000178813934326,0.0,6233.0,2592494.0,1104.0,0.004692395217716694,0.0,0.0,0.0,2548431.0,784669.5625,1385.1190185546875,695.0,0.0,500.0,4029.0,2592493.0,-2.478595733642578,-3.726788282394409,0.33337756991386414,0.007069522049278021,177.0,2048.0,2.0774221420288086,0.3914934992790222,0.0,8.815568923950195,0.3146670162677765,,,-0.031924404203891754,2542471.0,-0.009741583839058876,0.0002730616834014654,1.02201247215271,-0.0019859084859490395,4724.0,0.0,2592494.0,211.21139526367188,194.0,0.04815090447664261,31.248258590698242,0.24829041957855225,1.3824127912521362,42.0,16383.0,0.058845724910497665,0.04604349657893181,0.21605174243450165,0.1902977079153061,0.05263157933950424,236.237548828125,0.6316253542900085,0.8703285455703735,1.3543645143508911,-0.010993041098117828,-0.5165915489196777,0.2555147111415863,0.064453125,0.5408290028572083,0.6113179326057434,0.0,0.0015363123966380954,1.0,1.0,0.7080516815185547,0.09437216818332672,0.16650019586086273,0.5063735246658325,0.5215974450111389,0.6775006055831909,0.8595807552337646,0.5694409608840942,32.0,1.722373604774475,1.0,-0.0006108410889282823,0.2534564137458801,0.9282771348953247,0.9000336527824402,0.6801846623420715,0.19039443135261536,0.18089337646961212,1.30147645904799e-05,3.915811612387188e-05,0.9311472773551941,0.9254615902900696,0.69917231798172,0.20206382870674133,0.1980239301919937,0.9310676455497742,0.9251442551612854,0.6995375156402588,0.20156031847000122,0.19751282036304474,53999,3.6207098960876465,,,,,,,,,,,,,0.20190410315990448,0.06666961312294006,0.07581900805234909,0.42342716455459595,0.2064400613307953,0.12489114701747894,0.0,0.11676087975502014,0.10222963988780975,0.4208946228027344,0.30413374304771423,0.20190410315990448
0.018310546875,0.24124829471111298,0.0,0.0,0.0,0.65625,0.18504145741462708,2.6049983501434326,0.0,0.7160835266113281,0.07177765667438507,0.7421875,9.020716667175293,0,-3.40763521194458,0.5972396731376648,67.29679870605469,1.765151023864746,0.9992567896842957,0.10000000149011612,0.4926239252090454,0.020592696964740753,0.029451733455061913,917.3695678710938,0.0,1.0320478677749634,2616679.0,0.03870121017098427,0.20946170389652252,0.2168753743171692,82.0,8.074000358581543,10.472050666809082,2.000178813934326,0.0,6256.0,2616680.0,1090.0,0.0045666261576116085,0.0,0.0,0.0,2572617.0,795044.4375,1317.7825927734375,696.0,0.0,500.0,4037.0,2616679.0,-2.0968017578125,-3.5685083866119385,0.33532556891441345,0.021166186779737473,181.0,2048.0,2.100005626678467,0.42075514793395996,0.0,8.580504417419434,0.27065667510032654,,,-0.031768798828125,2566658.0,-0.00972924754023552,0.00033964469912461936,1.021908164024353,-0.0036093892995268106,4733.0,0.0,2616680.0,206.1556396484375,195.0,0.04830319434404373,31.318552017211914,0.24774956703186035,1.4335246086120605,46.0,16384.0,0.05898190289735794,0.046130720525979996,0.21740683913230896,0.18972714245319366,0.061403509229421616,232.8771209716797,0.6324991583824158,0.87748122215271,1.3550763130187988,-0.006584305316209793,-0.5073800683021545,0.25987738370895386,0.07421875,0.580381453037262,0.813723087310791,0.0,0.001255496172234416,1.0,1.0,0.7030315399169922,0.09583999961614609,0.16724014282226562,0.4109081029891968,0.5270155668258667,0.5890560746192932,0.9041376113891602,0.5995140671730042,32.0,1.7453168630599976,1.0,-0.0006269763689488173,0.2532510459423065,0.928297221660614,0.8998929858207703,0.6791332364082336,0.19137220084667206,0.18208707869052887,-0.00010704124724725261,-6.133372517069802e-05,0.9311233162879944,0.9253052473068237,0.6990463137626648,0.20211246609687805,0.19813111424446106,0.9310861229896545,0.9250161647796631,0.6983853578567505,0.20258252322673798,0.19880814850330353,54499,3.6159636974334717,,,,,,,,,,,,,0.19869136810302734,0.06565754115581512,0.07517945766448975,0.4268644452095032,0.20705324411392212,0.12473355978727341,0.0,0.11884808540344238,0.10227188467979431,0.41981133818626404,0.30096325278282166,0.19869136810302734
0.0306396484375,0.25245019793510437,0.0,0.0,0.0,0.6875,0.18498381972312927,2.601332902908325,0.0,0.7172750234603882,0.07141534984111786,0.75,8.999433517456055,0,-3.418686628341675,0.5997971296310425,64.14848327636719,1.7695204019546509,0.9992529153823853,0.10000000149011612,0.49256575107574463,0.020642288029193878,0.029546719044446945,1053.8636474609375,0.0,1.0323394536972046,2640678.0,0.03879522904753685,0.20986057817935944,0.1999426782131195,80.0,8.086000442504883,10.460661888122559,2.000178813934326,0.0,6270.0,2640679.0,304.0,0.0012506594648584723,0.0,0.0,0.0,2596616.0,805428.3125,1446.45458984375,698.0,0.0,500.0,4043.0,2640678.0,-2.98980712890625,-4.19713830947876,0.33622628450393677,0.008762577548623085,180.0,2048.0,1.9695358276367188,0.37265118956565857,0.0,8.596236228942871,0.31079527735710144,,,-0.030488276854157448,2590652.0,-0.009385988116264343,4.400864418130368e-05,1.0211602449417114,-0.003308327402919531,4741.0,0.0,2640679.0,214.70123291015625,210.0,0.05194162577390671,31.927927017211914,0.24741722643375397,1.426426649093628,44.0,16383.0,0.05913258343935013,0.04614835977554321,0.21668091416358948,0.18935999274253845,0.05263157933950424,235.4964141845703,0.6286802887916565,0.8743370771408081,1.355696678161621,-0.007193526718765497,-0.5047289133071899,0.2613699734210968,0.064453125,0.5597328543663025,0.7073954939842224,0.0,0.0014023513067513704,1.0,1.0,0.7206645011901855,0.1087007075548172,0.17432457208633423,0.5062037706375122,0.5145018100738525,0.6795775294303894,0.8863166570663452,0.597359299659729,32.0,1.774949550628662,1.0,-0.0005267863743938506,0.2533581554889679,0.9282859563827515,0.8996381163597107,0.6798193454742432,0.1907416582107544,0.18126718699932098,8.957636600825936e-05,1.7528551325085573e-05,0.9311149716377258,0.9251630902290344,0.6989997625350952,0.2021724432706833,0.19819462299346924,0.9310698509216309,0.9248195886611938,0.6992450952529907,0.20187638700008392,0.19781097769737244,54999,3.636061191558838,,,,,,,,,,,,,0.19986477494239807,0.06593747437000275,0.07542987912893295,0.4281640648841858,0.20980776846408844,0.12504184246063232,0.0,0.11961746215820312,0.10463827848434448,0.4241205155849457,0.30450305342674255,0.19986477494239807
0.0174560546875,0.2481273114681244,0.0,0.0,0.0,0.53125,0.18588697910308838,2.6860339641571045,0.0,0.7117475867271423,0.07158584892749786,0.74609375,9.01657485961914,0,-3.4292731285095215,0.584671139717102,83.812255859375,1.7728887796401978,0.9992664456367493,0.10000000149011612,0.492497980594635,0.020679708570241928,0.02957814373075962,1091.0555419921875,0.0,1.033734917640686,2664658.0,0.038777317851781845,0.21022166311740875,0.19834263622760773,80.0,8.09000015258789,10.453537940979004,2.000178813934326,0.0,6279.0,2664659.0,14823.0,0.06396303325891495,0.0,0.0,0.0,2620596.0,817892.25,1484.3148193359375,700.0,0.0,500.0,4045.0,2664658.0,-1.7420921325683594,-3.0401806831359863,0.3364415466785431,0.009004566818475723,185.0,2048.0,1.6906585693359375,0.34567540884017944,0.0,8.608964920043945,0.3236929774284363,,,-0.03113255649805069,2614631.0,-0.00962905678898096,0.00023758123279549181,1.0214556455612183,-0.0035732293035835028,4745.0,0.0,2664659.0,220.30918884277344,210.0,0.05191594734787941,31.444011688232422,0.24722187221050262,1.3828235864639282,54.0,16384.0,0.059290725737810135,0.04621902480721474,0.21867772936820984,0.1917690932750702,0.061403509229421616,232.03065490722656,0.6277806758880615,0.868972659111023,1.3551479578018188,-0.0003714712511282414,-0.5113588571548462,0.2581195831298828,0.061279296875,0.5171816945075989,0.6279357075691223,0.0,0.0013818825827911496,1.0,1.0,0.6684465408325195,0.10266543924808502,0.1720566600561142,0.5388990640640259,0.49928605556488037,0.7029886245727539,0.8356959223747253,0.5659282207489014,32.0,1.7401180267333984,1.0,-0.0007674390217289329,0.2532123029232025,0.9282563924789429,0.89934903383255,0.67881178855896,0.1912660300731659,0.18168321251869202,-0.00019997204071842134,-5.5858996347524226e-05,0.9311025738716125,0.9249656200408936,0.6988557577133179,0.20214438438415527,0.19812889397144318,0.9310416579246521,0.9245852828025818,0.6981523633003235,0.20241479575634003,0.19828760623931885,55499,3.6406617164611816,,,,,,,,,,,,,0.20130598545074463,0.0663512647151947,0.07553118467330933,0.43829524517059326,0.21599066257476807,0.12587934732437134,0.0,0.12626773118972778,0.10949146747589111,0.4370651841163635,0.31079745292663574,0.20130598545074463
0.0157470703125,0.24828815460205078,0.0,0.0,0.0,0.6875,0.18662802875041962,2.685763359069824,0.0,0.7091227173805237,0.07125880569219589,0.75390625,9.043742179870605,0,-3.439497232437134,0.5920138955116272,98.43461608886719,1.7742551565170288,0.9992586374282837,0.10000000149011612,0.4925055503845215,0.020722804591059685,0.029642201960086823,798.0425415039062,0.0,1.037729024887085,2688692.0,0.03910163417458534,0.21255454421043396,0.21876072883605957,86.0,8.09000015258789,10.498109817504883,2.000178813934326,0.0,6297.0,2688693.0,4230.0,0.01914692111313343,0.0,0.0,0.0,2644630.0,830611.375,1212.0638427734375,708.0,0.0,500.0,4045.0,2688692.0,-2.039775848388672,-3.7927467823028564,0.3366621136665344,0.011869136244058609,177.0,2048.0,1.8725640773773193,0.3679909408092499,0.0,8.457024574279785,0.3119319975376129,,,-0.030822474509477615,2638673.0,-0.009576885960996151,-1.9270179109298624e-05,1.0210343599319458,-0.0037600162904709578,4753.0,0.0,2688693.0,186.36228942871094,180.0,0.04449938237667084,34.39641571044922,0.2472236007452011,1.5267187356948853,47.0,16383.0,0.0594039112329483,0.04628102108836174,0.2137841135263443,0.18724049627780914,0.05263157933950424,231.3809051513672,0.6308005452156067,0.8672609925270081,1.3564473390579224,-0.002399612218141556,-0.5016852021217346,0.2689431309700012,0.06884765625,0.6860321164131165,0.7063040733337402,0.0,0.0016397626604884863,1.0,1.0,0.7428460121154785,0.11593540757894516,0.17435216903686523,0.56021648645401,0.4893491268157959,0.8137385249137878,0.8535219430923462,0.5808658599853516,32.0,1.8376957178115845,1.0,-0.0004244510782882571,0.2531166970729828,0.9282560348510742,0.899220883846283,0.6789137125015259,0.19142983853816986,0.18185636401176453,1.9231021724408492e-05,-4.941265069646761e-05,0.9310780763626099,0.9248074293136597,0.6985738277435303,0.2023138701915741,0.1982303112745285,0.9310328960418701,0.9244800806045532,0.6981474161148071,0.20277051627635956,0.19857561588287354,55999,3.8499033451080322,,,,,,,,,,,,,0.2010185420513153,0.06585738062858582,0.07523491233587265,0.43796515464782715,0.21591471135616302,0.1257011443376541,0.0,0.12551969289779663,0.11038926243782043,0.4369274973869324,0.31140780448913574,0.2010185420513153
0.0203857421875,0.2553427517414093,0.0,0.0,0.0,0.78125,0.1854274421930313,2.6429522037506104,0.0,0.713489830493927,0.07190851122140884,0.75,8.993412017822266,0,-3.4493489265441895,0.5971660614013672,105.53340911865234,1.7676030397415161,0.9992645978927612,0.10000000149011612,0.49246853590011597,0.020757125690579414,0.029732469469308853,770.2340698242188,0.0,1.0353809595108032,2712753.0,0.03882169723510742,0.2121330201625824,0.22172416746616364,86.0,8.100000381469727,10.499259948730469,2.000178813934326,0.0,6309.0,2712754.0,575.0,0.0023516621440649033,0.0,0.0,0.0,2668691.0,843918.6875,1185.021240234375,709.0,0.0,500.0,4050.0,2712753.0,-2.2961997985839844,-6.482269763946533,0.3372936546802521,0.011566298082470894,157.0,2048.0,2.273592948913574,0.43077152967453003,0.0,7.863226890563965,0.3233930468559265,,,-0.030763322487473488,2662724.0,-0.00958868209272623,8.830398292047903e-05,1.0209944248199463,-0.0050532035529613495,4759.0,0.0,2712754.0,162.24700927734375,155.0,0.03827160596847534,36.05568313598633,0.24697314202785492,1.6135573387145996,47.0,16384.0,0.05945775657892227,0.046235110610723495,0.2190394103527069,0.19173051416873932,0.07017543911933899,240.04762268066406,0.629361093044281,0.8724820017814636,1.357202410697937,-0.012181635946035385,-0.5075651407241821,0.27010029554367065,0.07568359375,0.6271604895591736,0.7012345790863037,0.0,0.0015576776349917054,1.0,1.0,0.7447667121887207,0.10366421937942505,0.17620569467544556,0.4957200884819031,0.5755870342254639,0.6924368143081665,0.8984308242797852,0.5628474950790405,31.999996185302734,1.8141980171203613,1.0,-0.0002895814832299948,0.25322380661964417,0.9282044172286987,0.8990532755851746,0.6797661185264587,0.19069385528564453,0.18124061822891235,0.00021638788166455925,3.288235529907979e-05,0.9310563206672668,0.9246488213539124,0.6985872983932495,0.202345609664917,0.1982506513595581,0.9309769868850708,0.924299955368042,0.6990988850593567,0.20195117592811584,0.1978822499513626,56499,3.6713809967041016,,,,,,,,,,,,,0.19952945411205292,0.065334253013134,0.07400462031364441,0.4407680034637451,0.21574728190898895,0.12564417719841003,0.0,0.12294274568557739,0.11020596325397491,0.4326781630516052,0.30973541736602783,0.19952945411205292
0.0181884765625,0.24964961409568787,0.0,0.0,0.0,0.5,0.18419234454631805,2.577890396118164,0.0,0.7142399549484253,0.07249828428030014,0.73828125,8.98086929321289,0,-3.458843469619751,0.5821174383163452,66.72058868408203,1.7747150659561157,0.9992467164993286,0.10000000149011612,0.49252092838287354,0.02078910358250141,0.02977737970650196,804.739990234375,0.0,1.0312297344207764,2736578.0,0.03887238726019859,0.2124537229537964,0.2211141735315323,86.0,8.112000465393066,10.526398658752441,2.000178813934326,0.0,6320.0,2736579.0,837.0,0.0035890003200620413,0.0,0.0,0.0,2692516.0,856126.375,1213.5,710.0,0.0,500.0,4056.0,2736578.0,-0.7765579223632812,-4.081088542938232,0.3377296030521393,0.00900405552238226,180.0,2048.0,2.282883405685425,0.4269023835659027,0.0,8.007340431213379,0.32807657122612,,,-0.029185274615883827,2686550.0,-0.00910996738821268,0.00023722749028820544,1.0208373069763184,-0.0037303329445421696,4766.0,0.0,2736579.0,195.20880126953125,189.0,0.04659763351082802,34.34798049926758,0.24663817882537842,1.4946585893630981,50.0,16384.0,0.05958797410130501,0.04629812017083168,0.21611492335796356,0.19129905104637146,0.061403509229421616,236.4117889404297,0.627298891544342,0.8805762529373169,1.3539834022521973,-0.008682266809046268,-0.5066403746604919,0.2769353985786438,0.08154296875,0.6008382439613342,0.7847633361816406,0.0,0.0015096190618351102,1.0,1.0,0.7049717903137207,0.09674977511167526,0.18032555282115936,0.482679545879364,0.557013213634491,0.6717748641967773,0.9245256185531616,0.5966437458992004,32.0,1.894727110862732,1.0,-0.00041907854028977454,0.2532956600189209,0.9282711744308472,0.8989741802215576,0.6802006363868713,0.19075267016887665,0.1817489117383957,8.808392885839567e-05,6.422353908419609e-05,0.9310420751571655,0.9244928956031799,0.6988639235496521,0.20221851766109467,0.1982411891222,0.9310359358787537,0.9242234230041504,0.6995294690132141,0.20212122797966003,0.19851090013980865,56999,3.5232272148132324,,,,,,,,,,,,,0.20124948024749756,0.06549784541130066,0.07458499073982239,0.42866840958595276,0.2126692235469818,0.12691515684127808,0.0,0.12282446026802063,0.10793909430503845,0.43201303482055664,0.309188574552536,0.20124948024749756
0.01422119140625,0.27201715111732483,0.0,0.0,0.0,0.6875,0.18543127179145813,2.6031301021575928,0.0,0.7105819582939148,0.07133056968450546,0.75390625,9.03608226776123,0,-3.467923164367676,0.6022799611091614,50.721588134765625,1.7723662853240967,0.9992638230323792,0.10000000149011612,0.492570161819458,0.020806532353162766,0.029813220724463463,1019.8408813476562,0.0,1.0319947004318237,2760652.0,0.03859509900212288,0.21110191941261292,0.20637443661689758,86.0,8.116000175476074,10.525213241577148,2.000178813934326,0.0,6329.0,2760653.0,11520.0,0.05013304203748703,0.0,0.0,0.0,2716590.0,868083.8125,1415.5909423828125,710.0,0.0,500.0,4058.0,2760652.0,-1.3173980712890625,-3.8731937408447266,0.33782780170440674,0.014212697744369507,184.0,2048.0,1.9939401149749756,0.393363893032074,0.0,8.460384368896484,0.3381239175796509,,,-0.030040550976991653,2710623.0,-0.00940681155771017,0.00021634603035636246,1.020985722541809,-0.0006438062991946936,4768.0,0.0,2760653.0,211.4888458251953,205.0,0.0505174957215786,31.873188018798828,0.24642996490001678,1.4316191673278809,44.0,16384.0,0.059638090431690216,0.04624476656317711,0.21225397288799286,0.18549983203411102,0.061403509229421616,247.19918823242188,0.6261920928955078,0.8675569295883179,1.3581722974777222,-7.159896631492302e-05,-0.5002975463867188,0.2460186630487442,0.072265625,0.512074887752533,0.6481025218963623,0.0,0.0017908128211274743,1.0,1.0,0.7096810340881348,0.09371446073055267,0.17768986523151398,0.47235581278800964,0.5185786485671997,0.6585049629211426,0.8723781108856201,0.5823972821235657,32.0,1.9497594833374023,1.0,-0.00071478117024526,0.2532479465007782,0.9282549023628235,0.8989657163619995,0.6792833805084229,0.19161412119865417,0.18238148093223572,-0.00019675017392728478,-1.3683757060789503e-05,0.9310402274131775,0.9243960380554199,0.698983907699585,0.2023284137248993,0.19845332205295563,0.9310078620910645,0.9242138862609863,0.6986643075942993,0.20293906331062317,0.19910800457000732,57499,3.6259260177612305,,,,,,,,,,,,,0.19854937493801117,0.06466905027627945,0.07463094592094421,0.42676711082458496,0.21334248781204224,0.1261197030544281,0.0,0.12468385696411133,0.10889162123203278,0.4321248531341553,0.30744099617004395,0.19854937493801117
0.0235595703125,0.26172560453414917,0.0,0.0,0.0,0.65625,0.1850169599056244,2.6453731060028076,0.0,0.7190243005752563,0.07190375030040741,0.75,9.008685111999512,0,-3.4766488075256348,0.5936170816421509,76.86326599121094,1.7808696031570435,0.9992572665214539,0.10000000149011612,0.4925299882888794,0.02084171026945114,0.029859496280550957,1105.739990234375,0.0,1.034570336341858,2784465.0,0.038809169083833694,0.21163995563983917,0.20600508153438568,86.0,8.12600040435791,10.540413856506348,2.000178813934326,0.0,6342.0,2784466.0,92.0,0.0002765782701317221,0.0,0.0,0.0,2740403.0,878786.9375,1494.239990234375,712.0,0.0,500.0,4063.0,2784465.0,-1.3794517517089844,-3.356247901916504,0.33806633949279785,0.007821431383490562,182.0,2048.0,2.1878342628479004,0.40596622228622437,0.0,8.510600090026855,0.2887154519557953,,,-0.02886601909995079,2734438.0,-0.009055438451468945,0.0004931445582769811,1.0201622247695923,-0.0013551211450248957,4775.0,0.0,2784466.0,210.7639923095703,206.0,0.05070145055651665,31.886287689208984,0.2462231069803238,1.4246667623519897,50.0,16384.0,0.059653881937265396,0.046348195523023605,0.21399597823619843,0.18765957653522491,0.061403509229421616,241.9090118408203,0.6267991065979004,0.867483377456665,1.3555763959884644,-0.007453049998730421,-0.5025526285171509,0.2591758072376251,0.08447265625,0.5936499834060669,0.7186807990074158,0.0,0.0013349468354135752,1.0,1.0,0.7176928520202637,0.11245600134134293,0.1950697898864746,0.4605794847011566,0.5184482336044312,0.6878644227981567,0.9074658155441284,0.6113587021827698,32.0,1.8899840116500854,1.0,-0.00046738304081372917,0.2531794309616089,0.92821204662323,0.8986843824386597,0.6792452931404114,0.19128455221652985,0.1820148527622223,4.424125290825032e-05,-2.623665932333097e-05,0.9310289621353149,0.924289345741272,0.6988319158554077,0.2025521993637085,0.19870401918888092,0.9309676885604858,0.9239607453346252,0.6986399292945862,0.20251643657684326,0.19873365759849548,57999,3.5611987113952637,,,,,,,,,,,,,0.20342937111854553,0.06596091389656067,0.07601900398731232,0.43197131156921387,0.21862682700157166,0.12795355916023254,0.0,0.12740540504455566,0.11280593276023865,0.44364070892333984,0.3162353038787842,0.20342937111854553
0.019287109375,0.2423291951417923,0.0,0.0,0.0,0.65625,0.18237082660198212,2.5634937286376953,0.0,0.717008650302887,0.07214660942554474,0.75,9.010376930236816,0,-3.484945774078369,0.5949064493179321,90.77171325683594,1.7898880243301392,0.9992680549621582,0.10000000149011612,0.49250948429107666,0.020872551947832108,0.029906725510954857,824.0213012695312,0.0,1.0299744606018066,2808568.0,0.03919345512986183,0.21334336698055267,0.2292698174715042,86.0,8.144000053405762,10.563447952270508,2.000178813934326,0.0,6350.0,2808569.0,4705.0,0.01995168998837471,0.0,0.0,0.0,2764506.0,889645.8125,1230.319091796875,712.0,0.0,500.0,4072.0,2808568.0,-2.5263938903808594,-3.7999539375305176,0.3388628661632538,0.01373232714831829,156.0,2048.0,2.1590633392333984,0.429376482963562,0.0,8.010191917419434,0.3294691741466522,,,-0.028757138177752495,2758541.0,-0.009046911261975765,0.00034966907696798444,1.0204014778137207,-0.0031994329765439034,4784.0,0.0,2808569.0,154.89752197265625,149.0,0.03659135475754738,39.17413330078125,0.24558435380458832,1.648905873298645,47.0,16384.0,0.05977695435285568,0.04629009589552879,0.21431055665016174,0.18946072459220886,0.061403509229421616,243.3778839111328,0.6288257837295532,0.8711012601852417,1.3576574325561523,-0.0019627355504781008,-0.5053501725196838,0.2588869035243988,0.058349609375,0.5559921264648438,0.7305992245674133,0.0,0.0012855216627940536,1.0,1.0,0.7564268112182617,0.10154756158590317,0.1809314489364624,0.4061813950538635,0.5237849354743958,0.5720612406730652,0.8941711187362671,0.5761191248893738,32.0,1.833362102508545,1.0,-0.0007213326171040535,0.25320544838905334,0.9281784296035767,0.8985280990600586,0.6790732741355896,0.19174817204475403,0.18213795125484467,-0.00019381345191504806,-9.989381396735553e-06,0.9310013055801392,0.9241319894790649,0.6988287568092346,0.2025522142648697,0.19864913821220398,0.9309312701225281,0.9238324761390686,0.6985421180725098,0.20294703543186188,0.19879749417304993,58499,3.7684807777404785,,,,,,,,,,,,,0.20039638876914978,0.06530095636844635,0.07475560903549194,0.4350564479827881,0.2208850085735321,0.12821289896965027,0.0,0.13010945916175842,0.11437460780143738,0.4448804557323456,0.31477099657058716,0.20039638876914978
0.0211181640625,0.2723681926727295,0.0,0.0,0.0,0.78125,0.18462657928466797,2.659173011779785,0.0,0.7151427268981934,0.07188567519187927,0.7421875,8.989812850952148,0,-3.4929358959198,0.5937486886978149,106.10372924804688,1.7948552370071411,0.9992483258247375,0.10000000149011612,0.49257993698120117,0.0209003034979105,0.029943332076072693,797.6511840820312,0.0,1.032112717628479,2832572.0,0.0392041951417923,0.213775634765625,0.22813214361667633,86.0,8.164000511169434,10.55936050415039,2.000178813934326,0.0,6363.0,2832573.0,228.0,0.0008672166150063276,0.0,0.0,0.0,2788510.0,902692.9375,1205.3953857421875,713.0,0.0,500.0,4082.0,2832572.0,-2.9669036865234375,-4.803135871887207,0.3391444981098175,0.02015969157218933,149.0,2049.0,2.3376729488372803,0.482316255569458,0.0,7.6623382568359375,0.32888805866241455,,,-0.028085952624678612,2782544.0,-0.008861190639436245,0.0003150625852867961,1.019698143005371,-0.00395390996709466,4795.0,0.0,2832573.0,141.49951171875,136.0,0.033316999673843384,38.460205078125,0.24519360065460205,1.7052221298217773,43.0,16384.0,0.05991001054644585,0.0463101826608181,0.2135738730430603,0.18796513974666595,0.061403509229421616,243.36936950683594,0.6281678676605225,0.86823570728302,1.357777714729309,-0.005739450920373201,-0.5065809488296509,0.26749294996261597,0.05517578125,0.6082802414894104,0.7464478015899658,0.0,0.0016616531647741795,1.0,1.0,0.7052183151245117,0.09223335236310959,0.17841669917106628,0.42072969675064087,0.5313609838485718,0.6292531490325928,0.8833972215652466,0.5813853740692139,32.0,1.8407676219940186,1.0,-0.0003635697648860514,0.2531030774116516,0.9281663298606873,0.8985079526901245,0.6797131299972534,0.19201861321926117,0.1822250485420227,0.00014507789455819875,1.5864834495005198e-05,0.9309687614440918,0.9239848852157593,0.6987667679786682,0.20282748341560364,0.19879703223705292,0.9309125542640686,0.923796534538269,0.6990531086921692,0.20330199599266052,0.19896069169044495,58999,3.6859185695648193,,,,,,,,,,,,,0.20229032635688782,0.06541848927736282,0.07487161457538605,0.43428224325180054,0.22240345180034637,0.12827986478805542,0.0,0.13104701042175293,0.11638396978378296,0.4497213065624237,0.3186742961406708,0.20229032635688782
0.0242919921875,0.23739664256572723,0.0,0.0,0.0,0.5625,0.185688778758049,2.5827579498291016,0.0,0.7173600792884827,0.07178784906864166,0.7421875,8.997577667236328,0,-3.5005695819854736,0.5856943130493164,73.91101837158203,1.78561532497406,0.9992520213127136,0.10000000149011612,0.49255144596099854,0.020921001210808754,0.02996719814836979,853.0,0.0,1.0298881530761719,2856627.0,0.03914675861597061,0.21376332640647888,0.23434008657932281,86.0,8.170000076293945,10.570741653442383,2.000178813934326,0.0,6382.0,2856628.0,417.0,0.0016164897242560983,0.0,0.0,0.0,2812565.0,916529.0625,1253.142822265625,717.0,0.0,500.0,4085.0,2856627.0,-2.9149017333984375,-5.483565807342529,0.33924227952957153,0.014675818383693695,152.0,2049.0,2.137481689453125,0.419966459274292,0.0,8.123810768127441,0.35617688298225403,,,-0.028198527172207832,2806603.0,-0.00893094576895237,0.0004549700825009495,1.019507646560669,-0.001737633254379034,4802.0,0.0,2856628.0,159.02883911132812,151.0,0.03696450591087341,41.01655960083008,0.24487729370594025,1.6335549354553223,42.0,16384.0,0.05996778607368469,0.046420592814683914,0.21326041221618652,0.18566681444644928,0.05263157933950424,238.60768127441406,0.623709499835968,0.865738570690155,1.3606795072555542,-0.008195597678422928,-0.5002803206443787,0.2645348906517029,0.06884765625,0.6036719679832458,0.6959608197212219,0.0,0.0014112472999840975,1.0,1.0,0.697930097579956,0.08483035862445831,0.18720555305480957,0.4488539397716522,0.49338144063949585,0.7480933666229248,0.8867382407188416,0.5880261063575745,32.0,1.8677656650543213,1.0,-0.00044844308285973966,0.2531743347644806,0.9281108379364014,0.8983191251754761,0.679619550704956,0.19170311093330383,0.18178759515285492,0.00010344338807044551,1.8137977804144612e-06,0.9309433102607727,0.9239150881767273,0.6988504528999329,0.20296251773834229,0.19877740740776062,0.9308667778968811,0.9236244559288025,0.6989670991897583,0.20297381281852722,0.19852600991725922,59499,3.665950298309326,,,,,,,,,,,,,0.20322918891906738,0.06544194370508194,0.07545880228281021,0.43127119541168213,0.21913748979568481,0.12819278240203857,0.0,0.12993144989013672,0.11400064826011658,0.4471612870693207,0.31722983717918396,0.20322918891906738
0.02001953125,0.2482495903968811,0.0,0.0,0.0,0.53125,0.18381164968013763,3.0452637672424316,0.0,0.7155546545982361,0.07192032784223557,0.73828125,8.969392776489258,0,-3.5078468322753906,0.5888152122497559,83.65812683105469,1.790949821472168,0.9992527961730957,0.10000000149011612,0.4924696385860443,0.02095264196395874,0.030050434172153473,903.9796142578125,0.0,1.0255228281021118,2880732.0,0.03901892900466919,0.21437902748584747,0.23078855872154236,86.0,8.202000617980957,10.508951187133789,2.000178813934326,0.0,6389.0,2880733.0,54.0,0.00012999777391087264,0.0,0.0,0.0,2836670.0,926384.125,1300.1837158203125,730.0,0.0,500.0,4101.0,2880732.0,-3.581623077392578,-4.6886796951293945,0.33955246210098267,0.012728318572044373,166.0,2048.0,2.210994243621826,0.4233720898628235,0.0,8.121561050415039,0.3038215637207031,,,-0.027483530342578888,2830722.0,-0.008718286640942097,0.0004121893143747002,1.0182462930679321,-0.0012985325884073973,4831.0,0.0,2880733.0,168.30322265625,165.0,0.04023408889770508,38.837928771972656,0.24449577927589417,1.6002668142318726,49.0,16384.0,0.060057323426008224,0.046320922672748566,0.2138153463602066,0.1887778341770172,0.061403509229421616,256.0964050292969,0.6229149699211121,0.865919828414917,1.3597756624221802,-0.01733068935573101,-0.50433349609375,0.29433369636535645,0.072265625,0.6515483856201172,0.7017800807952881,0.0,0.001559074386022985,1.0,1.0,0.8007709980010986,0.0813755989074707,0.1776871681213379,0.43692949414253235,0.5084139108657837,0.6572529673576355,0.8589725494384766,0.5976008176803589,32.0,1.8895463943481445,1.0,-0.00038803298957645893,0.2532855272293091,0.9281517863273621,0.8979135155677795,0.6801432371139526,0.19097267091274261,0.18121276795864105,0.0001331039675278589,4.3630301661323756e-05,0.930925726890564,0.9237279295921326,0.6990458369255066,0.20274904370307922,0.1985110342502594,0.9309004545211792,0.9232810735702515,0.6995699405670166,0.20218387246131897,0.19790983200073242,59999,3.642632007598877,,,,,,,,,,,,,0.2028440684080124,0.06519417464733124,0.0755838081240654,0.42883092164993286,0.21844138205051422,0.12858974933624268,0.0,0.12939730286598206,0.11398424208164215,0.4462256133556366,0.31682831048965454,0.2028440684080124
,,,,,,,,,,,,,0,,,,,,,,,,,,,,,,,,,,,,,,,,,,,,,,,,,,,,,,,,,,,,,,0.004141052719205618,0.16730867326259613,,,,,,,,,,,,,,,,,,,,,,,,,,,,,,,,,,,,,,,,,,,,,,,,,,,,,,,,,,,,,,,,,,,59999,,0.8372513651847839,112.7277603149414,129.7337646484375,17.00600242614746,17.450180053710938,130.1779327392578,110.20797729492188,127.23834228515625,130.3461456298828,20.070383071899414,152.08053588867188,132.01014709472656,,,,,,,,,,,,
0.01434326171875,0.24897684156894684,0.0,0.0,0.0,0.375,0.18520478904247284,2.6333844661712646,0.0,0.7123556733131409,0.07151217013597488,0.74609375,8.972103118896484,0,-3.5147838592529297,0.5915253162384033,93.74310302734375,1.7897870540618896,0.9992554187774658,0.10000000149011612,0.4924284815788269,0.020966459065675735,0.030071035027503967,885.5,0.0,1.029900312423706,2904901.0,0.03867926448583603,0.21182550489902496,0.22840259969234467,86.0,8.208000183105469,10.551558494567871,2.000178813934326,0.0,6406.0,2904902.0,364.0,0.0014252776745706797,0.0,0.0,0.0,2860839.0,941017.1875,1284.1136474609375,733.0,0.0,500.0,4104.0,2904901.0,-2.5431365966796875,-4.201014995574951,0.33958110213279724,0.012501923367381096,169.0,2048.0,2.0082364082336426,0.40869149565696716,0.0,7.644062519073486,0.3317281901836395,,,-0.028180379420518875,2854894.0,-0.008984365500509739,0.0004228494071867317,1.0180046558380127,-0.003497483441606164,4837.0,0.0,2904902.0,169.4327850341797,162.0,0.03947368264198303,32.60838317871094,0.2438342571258545,1.5526913404464722,44.0,16384.0,0.060125771909952164,0.046376895159482956,0.21680675446987152,0.18962796032428741,0.07017543911933899,248.60670471191406,0.6243051886558533,0.8670982122421265,1.3594690561294556,-0.015344753861427307,-0.5023374557495117,0.2742827236652374,0.05126953125,0.5886939764022827,0.4946393668651581,0.0,0.001352269551716745,1.0,1.0,0.7127058506011963,0.08125916868448257,0.17859286069869995,0.5232119560241699,0.4647493362426758,0.7017141580581665,0.7601946592330933,0.5660315752029419,32.0,1.8284286260604858,1.0,-0.0006808256730437279,0.25321319699287415,0.9281179904937744,0.8979060649871826,0.6797348856925964,0.19139795005321503,0.18158549070358276,-0.00016597623471170664,1.4198781173035968e-05,0.9309166073799133,0.9235295057296753,0.6991406083106995,0.20263276994228363,0.19835308194160461,0.9308592677116394,0.9232678413391113,0.6991012096405029,0.20265066623687744,0.19834022223949432,60499,3.593754529953003,,,,,,,,,,,,,0.20204287767410278,0.0651441365480423,0.0750960111618042,0.4320611357688904,0.22030366957187653,0.1284695863723755,0.0,0.13026845455169678,0.11483138799667358,0.44714272022247314,0.31687426567077637,0.20204287767410278
0.0208740234375,0.2493974268436432,0.0,0.0,0.0,0.59375,0.18341416120529175,2.549027681350708,0.0,0.7113960981369019,0.07152359932661057,0.74609375,8.99526309967041,0,-3.521477460861206,0.5939382314682007,124.09934997558594,1.7898368835449219,0.9992198944091797,0.10000000149011612,0.4923783540725708,0.020998381078243256,0.03010736033320427,710.2291870117188,0.0,1.0286180973052979,2928923.0,0.03911498934030533,0.21353621780872345,0.22465282678604126,86.0,8.214000701904297,10.606658935546875,2.000178813934326,0.0,6421.0,2928924.0,7822.0,0.02992967888712883,0.0,0.0,0.0,2884861.0,954433.3125,1130.5416259765625,733.0,0.0,500.0,4107.0,2928923.0,-1.6454429626464844,-2.712634325027466,0.34048718214035034,0.009133262559771538,168.0,2048.0,2.2016348838806152,0.39577317237854004,0.0,7.6878156661987305,0.369566947221756,,,-0.0284959115087986,2878878.0,-0.009111239574849606,0.00039208296220749617,1.0174480676651,-0.0012367099989205599,4840.0,0.0,2928924.0,167.8689727783203,160.0,0.0389578752219677,34.44748306274414,0.24348986148834229,1.5714983940124512,48.0,16384.0,0.0601937510073185,0.04644280672073364,0.2132125347852707,0.18632519245147705,0.061403509229421616,259.1999206542969,0.623938262462616,0.8657200932502747,1.3599817752838135,-0.01889987662434578,-0.499485582113266,0.2661614418029785,0.08203125,0.5407840013504028,0.7504261136054993,0.0,0.0018799366662278771,1.0,1.0,0.7046816349029541,0.10465308278799057,0.1840946078300476,0.49472808837890625,0.49407222867012024,0.6758272051811218,0.8867048025131226,0.6099565625190735,32.0,2.1387014389038086,1.0,-0.0005041519762016833,0.2532402276992798,0.9280449748039246,0.8978187441825867,0.6797267198562622,0.1912045180797577,0.1813395768404007,-1.7928659872268327e-05,-6.0890074564667884e-06,0.9308867454528809,0.9234419465065002,0.6991384029388428,0.20264826714992523,0.19834253191947937,0.9307950735092163,0.9231732487678528,0.6990649700164795,0.20260412991046906,0.19819992780685425,60999,3.6005396842956543,,,,,,,,,,,,,0.19989268481731415,0.06456296890974045,0.07538977265357971,0.4253372848033905,0.21643680334091187,0.12817585468292236,0.0,0.12899991869926453,0.11177463829517365,0.4406672418117523,0.3116673231124878,0.19989268481731415
0.0164794921875,0.25110122561454773,0.0,0.0,0.0,0.65625,0.18467047810554504,2.6009364128112793,0.0,0.719052791595459,0.07216762006282806,0.74609375,8.96410083770752,0,-3.5278337001800537,0.5931423902511597,93.94891357421875,1.7897887229919434,0.9992414712905884,0.10000000149011612,0.4923139810562134,0.02104130946099758,0.030167415738105774,940.0908813476562,0.0,1.0285236835479736,2952928.0,0.03919437527656555,0.21430787444114685,0.22987797856330872,86.0,8.226000785827637,10.594120979309082,2.000178813934326,0.0,6434.0,2952929.0,3199.0,0.01277236919850111,0.0,0.0,0.0,2908866.0,966417.0625,1331.4090576171875,734.0,0.0,500.0,4113.0,2952928.0,-1.7910079956054688,-3.101588487625122,0.34072721004486084,0.025085782632231712,176.0,2048.0,2.1743030548095703,0.4431391656398773,0.0,7.832167625427246,0.315640926361084,,,-0.028264714404940605,2902875.0,-0.009049185551702976,0.0005859897355549037,1.0171667337417603,-0.0019969134591519833,4847.0,0.0,2952929.0,186.3274688720703,179.0,0.04352054372429848,33.3946647644043,0.24313901364803314,1.4993014335632324,44.0,16384.0,0.06027223542332649,0.04654200002551079,0.2139248549938202,0.18819329142570496,0.07017543911933899,267.45806884765625,0.6246574521064758,0.8706360459327698,1.3593705892562866,-0.018138032406568527,-0.5009012222290039,0.2657579481601715,0.061279296875,0.5823000073432922,0.7048383355140686,0.0,0.001733468845486641,1.0,1.0,0.7354717254638672,0.08741271495819092,0.17421232163906097,0.42622169852256775,0.4885280132293701,0.618391752243042,0.8806378841400146,0.5964230298995972,32.0,1.9314944744110107,1.0,-0.0005829540896229446,0.2533087730407715,0.928086519241333,0.897786557674408,0.6797037720680237,0.19088779389858246,0.18114972114562988,-6.130644760560244e-05,2.482916897861287e-06,0.9308555126190186,0.9233180284500122,0.6991299390792847,0.20253537595272064,0.19821134209632874,0.9308214783668518,0.9231436252593994,0.6990890502929688,0.20224733650684357,0.19800497591495514,61499,3.6017441749572754,,,,,,,,,,,,,0.20048141479492188,0.06442057341337204,0.07429415732622147,0.4314940273761749,0.21969835460186005,0.1280175745487213,0.0,0.13211822509765625,0.11513817310333252,0.44773781299591064,0.3156195878982544,0.20048141479492188
0.021728515625,0.24744290113449097,0.0,0.0,0.0,0.625,0.18418599665164948,2.645160436630249,0.0,0.7134437561035156,0.07174906134605408,0.7421875,8.961169242858887,0,-3.533886671066284,0.591711163520813,78.31271362304688,1.7939485311508179,0.9992444515228271,0.10000000149011612,0.49231213331222534,0.021055560559034348,0.03019864670932293,905.1372680664062,0.0,1.027740240097046,2976862.0,0.0389503613114357,0.21322430670261383,0.22602427005767822,86.0,8.248000144958496,10.614888191223145,2.000178813934326,0.0,6449.0,2976863.0,747.0,0.002990005537867546,0.0,0.0,0.0,2932800.0,969993.3125,1303.88232421875,734.0,0.0,500.0,4124.0,2976862.0,-2.3984603881835938,-3.5272140502929688,0.3408837616443634,0.015210477635264397,181.0,2048.0,1.999839186668396,0.3799171447753906,0.0,8.18897819519043,0.2743202745914459,,,-0.02836667001247406,2926787.0,-0.009102066978812218,0.0004872091521974653,1.017320156097412,-0.00031913872226141393,4858.0,0.0,2976863.0,208.6356658935547,189.0,0.04582929238677025,30.411663055419922,0.24253655970096588,1.3456224203109741,51.0,16384.0,0.060391589999198914,0.04643101990222931,0.21109791100025177,0.18576836585998535,0.061403509229421616,252.9813232421875,0.6207536458969116,0.8657408356666565,1.3577709197998047,-0.0037675334606319666,-0.5017460584640503,0.25658494234085083,0.06884765625,0.5715324878692627,0.668283224105835,0.0,0.0019778036512434483,1.0,1.0,0.6579527854919434,0.10383740812540054,0.18490725755691528,0.5117437839508057,0.5295539498329163,0.6948122978210449,0.884189248085022,0.5812095403671265,32.0,1.879539132118225,1.0,-0.0003324617282487452,0.2532529830932617,0.9281038641929626,0.8977614045143127,0.6799042224884033,0.19103190302848816,0.18112926185131073,0.00015997419541236013,-2.9955353966215625e-06,0.9308474659919739,0.9232513904571533,0.6991024613380432,0.20250922441482544,0.1981768161058426,0.9308425784111023,0.9231282472610474,0.6992320418357849,0.20245502889156342,0.19801335036754608,61999,3.6234521865844727,,,,,,,,,,,,,0.19913744926452637,0.06435807049274445,0.07372510433197021,0.42467907071113586,0.21818408370018005,0.12746763229370117,0.0,0.1340411901473999,0.11391955614089966,0.4470981955528259,0.313057005405426,0.19913744926452637
0.0142822265625,0.24611568450927734,0.0,0.0,0.0,0.625,0.18507380783557892,2.777451992034912,0.0,0.7150424718856812,0.07222588360309601,0.74609375,8.969998359680176,0,-3.5396077632904053,0.5845041871070862,75.97172546386719,1.7994883060455322,0.9992680549621582,0.10000000149011612,0.4922243356704712,0.02108391560614109,0.03023068606853485,884.477294921875,0.0,1.0303786993026733,3001077.0,0.03881097957491875,0.2122558057308197,0.22153404355049133,86.0,8.263999938964844,10.638263702392578,2.000178813934326,0.0,6469.0,3001078.0,540.0,0.0021469704806804657,0.0,0.0,0.0,2957015.0,979823.6875,1286.227294921875,734.0,0.0,500.0,4132.0,3001077.0,-6.174755096435547,-8.0267972946167,0.3410336375236511,0.015279633924365044,188.0,2048.0,2.1682374477386475,0.41806909441947937,0.0,8.039172172546387,0.3067031502723694,,,-0.02764170430600643,2950996.0,-0.008888821117579937,0.00044068502029404044,1.0171658992767334,-0.0023664310574531555,4866.0,0.0,3001078.0,220.3988037109375,197.0,0.04767667129635811,21.13829803466797,0.24207261204719543,1.279425024986267,44.0,16384.0,0.06040357053279877,0.04641832411289215,0.21471992135047913,0.1881859302520752,0.061403509229421616,241.3708038330078,0.6211049556732178,0.869186282157898,1.360612392425537,-0.020131029188632965,-0.5010696649551392,0.25481000542640686,0.07373046875,0.5333978533744812,0.7676669955253601,0.0,0.0015317799989134073,1.0,1.0,0.7421696186065674,0.10672106593847275,0.1694471538066864,0.45798438787460327,0.5408196449279785,0.5816524028778076,0.8935104608535767,0.5840374827384949,31.9999942779541,1.9288973808288574,1.0,-0.0006982340128161013,0.2532877027988434,0.9280192255973816,0.8974493145942688,0.6793142557144165,0.19090628623962402,0.18122312426567078,-0.0001725559850456193,-2.7170253815711476e-05,0.9308305978775024,0.9231484532356262,0.699063777923584,0.2024640589952469,0.1981319934129715,0.9307641386985779,0.9228441715240479,0.6986436247825623,0.202363058924675,0.19807785749435425,62499,3.6242923736572266,,,,,,,,,,,,,0.19894278049468994,0.06406152248382568,0.07292051613330841,0.43863505125045776,0.22553148865699768,0.12843240797519684,0.0,0.13685443997383118,0.11947169899940491,0.455268919467926,0.31841447949409485,0.19894278049468994
0.01416015625,0.24017253518104553,0.0,0.0,0.0,0.625,0.18399330973625183,2.6291797161102295,0.0,0.7138761878013611,0.07219460606575012,0.75,8.99276065826416,0,-3.545039415359497,0.5953612923622131,99.2536849975586,1.7992894649505615,0.9992665648460388,0.10000000149011612,0.49224191904067993,0.021104782819747925,0.030263617634773254,878.4680786132812,0.0,1.02864408493042,3025227.0,0.03874831646680832,0.21218904852867126,0.22219373285770416,95.0,8.270000457763672,10.767961502075195,2.000178813934326,0.0,6493.0,3025228.0,1559.0,0.0064386785961687565,0.0,0.0,0.0,2981165.0,989188.25,1280.1915283203125,737.0,0.0,500.0,4135.0,3025227.0,-2.000518798828125,-2.9871678352355957,0.34093302488327026,0.014801005832850933,191.0,2048.0,2.035921096801758,0.39638420939445496,0.0,8.14001750946045,0.26590004563331604,,,-0.027729706838726997,2975143.0,-0.008944615721702576,0.00029067284776829183,1.0173755884170532,-0.0023884507827460766,4872.0,0.0,3025228.0,230.66305541992188,203.0,0.049093108624219894,21.197063446044922,0.24187923967838287,1.256897211074829,47.0,16384.0,0.06053007021546364,0.04654105380177498,0.21317227184772491,0.18655994534492493,0.05263157933950424,233.0994415283203,0.620648205280304,0.856766402721405,1.359256386756897,-0.010292226448655128,-0.49692246317863464,0.25194981694221497,0.0791015625,0.6145102977752686,0.752841591835022,0.0,0.0016057486645877361,1.0,1.0,0.7481904029846191,0.09238164126873016,0.17540833353996277,0.48663464188575745,0.5476779341697693,0.7076348066329956,0.9142996668815613,0.5765047073364258,32.0,1.9008716344833374,1.0,-0.0005289455875754356,0.25330883264541626,0.9280902743339539,0.8976438045501709,0.6794430613517761,0.1911533623933792,0.18136954307556152,-3.5732987271330785e-06,-1.9483250071061775e-05,0.9308279156684875,0.9230706095695496,0.6989517211914062,0.20245134830474854,0.19813135266304016,0.9308317303657532,0.9230189323425293,0.6987705230712891,0.20263953506946564,0.19830772280693054,62999,3.72234845161438,,,,,,,,,,,,,0.20007845759391785,0.06412644684314728,0.07340162992477417,0.43403899669647217,0.22256124019622803,0.127778559923172,0.0,0.13748496770858765,0.11742684245109558,0.4549902677536011,0.3175053000450134,0.20007845759391785
0.0230712890625,0.26874327659606934,0.0,0.0,0.0,0.375,0.18260249495506287,2.6397457122802734,0.0,0.7120727300643921,0.0723312720656395,0.7421875,9.004938125610352,0,-3.5501224994659424,0.590604305267334,71.81233215332031,1.7907301187515259,0.9992486834526062,0.10000000149011612,0.49222517013549805,0.021123066544532776,0.030280493199825287,924.6122436523438,0.0,1.0263326168060303,3049302.0,0.03862132132053375,0.2111676186323166,0.21913877129554749,95.0,8.280000686645508,10.765565872192383,2.000178813934326,0.0,6499.0,3049303.0,1404.0,0.005574420560151339,0.0,0.0,0.0,3005240.0,999616.4375,1323.7755126953125,738.0,0.0,500.0,4140.0,3049302.0,-3.0130348205566406,-3.898773431777954,0.34113171696662903,0.013928717002272606,202.0,2049.0,1.9111850261688232,0.36952728033065796,0.0,8.27502155303955,0.2426075041294098,,,-0.027767671272158623,2999218.0,-0.008984224870800972,0.000256725907092914,1.017147183418274,-0.0018818757962435484,4878.0,0.0,3049303.0,231.1950225830078,208.0,0.05024154484272003,19.13450813293457,0.24158303439617157,1.2559521198272705,49.0,16384.0,0.06054278090596199,0.046587780117988586,0.21313053369522095,0.18658030033111572,0.061403509229421616,244.43650817871094,0.6227626800537109,0.8606224060058594,1.3611775636672974,-0.015667837113142014,-0.4949990212917328,0.2453426867723465,0.07080078125,0.5347825884819031,0.5231884121894836,0.0,0.0016232447233051062,1.0,1.0,0.7045073509216309,0.10262612998485565,0.1819484680891037,0.53936767578125,0.466345876455307,0.7192347049713135,0.7604816555976868,0.5836408734321594,32.0,1.94503915309906,1.0,-0.000540044333320111,0.253335565328598,0.9280627965927124,0.89748615026474,0.6792759299278259,0.19106030464172363,0.18121746182441711,-4.449254629435018e-05,-2.663729537744075e-05,0.930826723575592,0.923041045665741,0.6988537907600403,0.20252247154712677,0.19815869629383087,0.9307994842529297,0.9228814244270325,0.6985656023025513,0.20267826318740845,0.1982390135526657,63499,3.5942485332489014,,,,,,,,,,,,,0.20044049620628357,0.06418628990650177,0.07360810041427612,0.4261038601398468,0.21718861162662506,0.12646809220314026,0.0,0.13481801748275757,0.11453631520271301,0.44979482889175415,0.3149768114089966,0.20044049620628357
0.017822265625,0.27420446276664734,0.0,0.0,0.0,0.46875,0.18408846855163574,2.6044161319732666,0.0,0.718999445438385,0.07231971621513367,0.7421875,8.989546775817871,0,-3.554915189743042,0.5872669219970703,141.41162109375,1.79506516456604,0.9992329478263855,0.10000000149011612,0.49216899275779724,0.02114091068506241,0.03031565248966217,932.6749877929688,0.0,1.0247560739517212,3073137.0,0.0388658307492733,0.21196778118610382,0.2160029411315918,96.0,8.284000396728516,10.795760154724121,2.000178813934326,0.0,6509.0,3073138.0,6655.0,0.02599169686436653,0.0,0.0,0.0,3029075.0,1012780.4375,1331.6500244140625,740.0,0.0,500.0,4142.0,3073137.0,-1.723297119140625,-2.8291690349578857,0.3413892388343811,0.01631627231836319,184.0,2048.0,1.9637759923934937,0.4041828513145447,0.0,8.384696006774902,0.24102601408958435,,,-0.027135534211993217,3023038.0,-0.008800005540251732,0.0001957945933099836,1.017166256904602,-0.0013225236907601357,4882.0,0.0,3073138.0,213.095947265625,201.0,0.04852728173136711,33.80776596069336,0.24143245816230774,1.3686659336090088,40.0,16384.0,0.06063714250922203,0.04664044827222824,0.2127409130334854,0.18701423704624176,0.07017543911933899,256.5617370605469,0.6218974590301514,0.8654746413230896,1.361512303352356,-0.009094016626477242,-0.4971509277820587,0.2574843168258667,0.04931640625,0.5707387924194336,0.64992755651474,0.0,0.0014832242159172893,1.0,1.0,0.6212830543518066,0.1113375648856163,0.18480466306209564,0.525505542755127,0.4695323705673218,0.7061302065849304,0.8500236868858337,0.5897697806358337,32.0,1.9103572368621826,1.0,-0.0005902299308218062,0.253352552652359,0.9279600977897644,0.8971303105354309,0.6791946291923523,0.19099019467830658,0.18104688823223114,-4.842651105718687e-05,-9.38164066610625e-06,0.9308040142059326,0.9229111671447754,0.6987318992614746,0.20258554816246033,0.1981602907180786,0.9307078719139099,0.9225723743438721,0.6985952854156494,0.20261798799037933,0.19801923632621765,63999,3.530941963195801,,,,,,,,,,,,,0.20188245177268982,0.06442669779062271,0.07457596063613892,0.42817115783691406,0.22094720602035522,0.12923261523246765,0.0,0.13511255383491516,0.11700892448425293,0.4540039300918579,0.31889137625694275,0.20188245177268982
0.022216796875,0.24005696177482605,0.0,0.0,0.0,0.75,0.18406608700752258,2.631957530975342,0.0,0.7224908471107483,0.07182270288467407,0.74609375,8.95762825012207,0,-3.5594422817230225,0.6004145741462708,81.62364196777344,1.7993268966674805,0.9992433786392212,0.10000000149011612,0.4921625554561615,0.021162495017051697,0.03036181814968586,952.2653198242188,0.0,1.0178139209747314,3096978.0,0.03863188996911049,0.2107411026954651,0.214248389005661,96.0,8.296000480651855,10.814910888671875,2.000178813934326,0.0,6525.0,3096979.0,2771.0,0.011322283186018467,0.0,0.0,0.0,3052916.0,1020388.4375,1350.0816650390625,741.0,0.0,500.0,4148.0,3096978.0,-1.5365219116210938,-2.954606056213379,0.3412056863307953,0.01510668732225895,184.0,2048.0,2.276902198791504,0.42490124702453613,0.0,8.385721206665039,0.28138309717178345,,,-0.02610314078629017,3046874.0,-0.008484387770295143,0.00019912401330657303,1.0170625448226929,-0.0017946104053407907,4889.0,0.0,3096979.0,204.18499755859375,198.0,0.0477338470518589,41.962188720703125,0.24109022319316864,1.4389415979385376,49.0,16384.0,0.060698218643665314,0.046557556837797165,0.21426083147525787,0.18789809942245483,0.07017543911933899,256.4267578125,0.6204981803894043,0.8704097867012024,1.359740972518921,-0.009140108712017536,-0.49710172414779663,0.25706666707992554,0.0810546875,0.5571359395980835,0.7032305002212524,0.0,0.0017399394419044256,1.0,1.0,0.7559611797332764,0.10708318650722504,0.1737823635339737,0.45696473121643066,0.52631676197052,0.6415992975234985,0.8741106986999512,0.597838282585144,32.0,2.0038466453552246,1.0,-0.0002738702460192144,0.2533024549484253,0.9279605150222778,0.89694744348526,0.6803305745124817,0.19090907275676727,0.180660679936409,0.0003148387768305838,6.828006007708609e-05,0.9307677149772644,0.9227472543716431,0.698906421661377,0.20256854593753815,0.19800987839698792,0.9306957125663757,0.9223933815956116,0.6998332142829895,0.20231042802333832,0.19740155339241028,64499,3.655881404876709,,,,,,,,,,,,,0.19952991604804993,0.06376539915800095,0.07286439836025238,0.4400595426559448,0.2260775864124298,0.12835070490837097,0.0,0.13768503069877625,0.12078875303268433,0.4580036997795105,0.32031866908073425,0.19952991604804993
0.021240234375,0.2428830862045288,0.0,0.0,0.0,0.53125,0.18392878770828247,2.5355379581451416,0.0,0.710088849067688,0.07221433520317078,0.7421875,8.964837074279785,0,-3.563687324523926,0.5832377672195435,71.6377944946289,1.7998828887939453,0.9992282390594482,0.10000000149011612,0.4921111464500427,0.021182140335440636,0.03039231337606907,824.02001953125,0.0,1.013850212097168,3121037.0,0.038826942443847656,0.21171636879444122,0.22069896757602692,93.0,8.300000190734863,10.812577247619629,2.000178813934326,0.0,6544.0,3121038.0,318.0,0.0011514101643115282,0.0,0.0,0.0,3076975.0,1035009.5,1233.97998046875,745.0,0.0,500.0,4150.0,3121037.0,-5.212100982666016,-6.48587703704834,0.3414211869239807,0.015770209953188896,169.0,2049.0,2.2098822593688965,0.4417269229888916,0.0,8.042708396911621,0.31938761472702026,,,-0.02740023098886013,3070928.0,-0.008909548632800579,0.0002724848163779825,1.017164707183838,-0.0006127902306616306,4895.0,0.0,3121038.0,187.7926025390625,172.0,0.0414457842707634,34.05622482299805,0.24102135002613068,1.4221616983413696,50.0,16384.0,0.06081949174404144,0.04644913971424103,0.21096542477607727,0.18673175573349,0.061403509229421616,238.78744506835938,0.6186907291412354,0.8688958287239075,1.3585656881332397,-0.007363209966570139,-0.5033622980117798,0.2560240924358368,0.060302734375,0.5698795318603516,0.6684337258338928,0.0,0.0013943392550572753,1.0,1.0,0.6139721870422363,0.1117226853966713,0.18366453051567078,0.5107439160346985,0.5178157091140747,0.6733332276344299,0.8593350648880005,0.5766980648040771,32.0,2.0401394367218018,1.0,-0.0005751900025643408,0.2533615827560425,0.9279724955558777,0.8969823718070984,0.6805350184440613,0.1905159056186676,0.1805659532546997,-4.302293382352218e-05,6.79223594488576e-05,0.9307546615600586,0.9226226210594177,0.6993705630302429,0.20232349634170532,0.19769476354122162,0.9307045936584473,0.9224030375480652,0.6999360918998718,0.2018582820892334,0.1972968429327011,64999,3.60243558883667,,,,,,,,,,,,,0.20187285542488098,0.06445444375276566,0.07404836267232895,0.4264126420021057,0.22345349192619324,0.1293456107378006,0.0,0.1392470896244049,0.11848583817481995,0.45960578322410583,0.3203586935997009,0.20187285542488098
0.0164794921875,0.25795528292655945,0.0,0.0,0.0,0.59375,0.18282854557037354,2.657899856567383,0.0,0.7146274447441101,0.07180672138929367,0.7421875,8.951115608215332,0,-3.567765951156616,0.5902003049850464,62.66732406616211,1.8075262308120728,0.9992421269416809,0.10000000149011612,0.4920855164527893,0.021187271922826767,0.030402563512325287,937.8604736328125,0.0,1.0126020908355713,3144908.0,0.03849251940846443,0.21010375022888184,0.21296174824237823,93.0,8.3100004196167,10.808679580688477,2.000178813934326,0.0,6552.0,3144909.0,3490.0,0.013757805339992046,0.0,0.0,0.0,3100846.0,1047595.125,1339.5814208984375,745.0,0.0,500.0,4155.0,3144908.0,-1.9380264282226562,-3.8977556228637695,0.34150442481040955,0.016455572098493576,186.0,2048.0,2.1339657306671143,0.44832801818847656,0.0,8.312713623046875,0.23150523006916046,,,-0.026768343523144722,3094795.0,-0.008713295683264732,0.0003776961821131408,1.0171277523040771,-0.00018397450912743807,4900.0,0.0,3144909.0,207.4210205078125,205.0,0.049338147044181824,39.25550079345703,0.24068084359169006,1.4253883361816406,43.0,16384.0,0.060795728117227554,0.04655148833990097,0.21037134528160095,0.18515612185001373,0.07017543911933899,239.90423583984375,0.6180998682975769,0.8629921674728394,1.3614553213119507,-0.000761088915169239,-0.496462345123291,0.24981197714805603,0.047119140625,0.5634175539016724,0.7135980725288391,0.0,0.0017119076801463962,1.0,1.0,0.7572669982910156,0.10059533268213272,0.16737352311611176,0.4114876985549927,0.43796437978744507,0.5828396081924438,0.85920649766922,0.5966640710830688,32.0,1.957714557647705,1.0,-0.0005084494478069246,0.2533695697784424,0.9279817342758179,0.8969485759735107,0.6804009079933167,0.19042038917541504,0.18065610527992249,9.114221029449254e-05,3.6899993574479595e-05,0.9307454228401184,0.9225431084632874,0.6995265483856201,0.20213088393211365,0.19759242236614227,0.9307212233543396,0.9224122762680054,0.6999464631080627,0.20172178745269775,0.19733873009681702,65499,3.7035131454467773,,,,,,,,,,,,,0.2018066942691803,0.06441612541675568,0.07408227771520615,0.43161073327064514,0.22653847932815552,0.1296873241662979,0.0,0.13989156484603882,0.12102928757667542,0.46272754669189453,0.3228359818458557,0.2018066942691803
0.0220947265625,0.24752569198608398,0.0,0.0,0.0,0.6875,0.1837497055530548,2.6482436656951904,0.0,0.7074276804924011,0.07185478508472443,0.7421875,8.974251747131348,0,-3.571559190750122,0.5956761837005615,96.34739685058594,1.8091342449188232,0.9992504119873047,0.10000000149011612,0.49206075072288513,0.02119016833603382,0.030414901673793793,953.8048706054688,0.0,1.0057257413864136,3169020.0,0.038479045033454895,0.21014650166034698,0.21052801609039307,93.0,8.322000503540039,10.808884620666504,2.000178813934326,0.0,6563.0,3169021.0,2165.0,0.008730167523026466,0.0,0.0,0.0,3124958.0,1059100.75,1353.0,745.0,0.0,500.0,4161.0,3169020.0,-3.0572280883789062,-4.022329330444336,0.34146764874458313,0.01409986987709999,190.0,2048.0,2.348773717880249,0.4412892758846283,0.0,8.627847671508789,0.27300822734832764,,,-0.02762792445719242,3118907.0,-0.009016895666718483,0.00030952764791436493,1.0171998739242554,0.00021827605087310076,4906.0,0.0,3169021.0,210.77133178710938,203.0,0.04878634959459305,32.95928192138672,0.24033796787261963,1.3720132112503052,41.0,16384.0,0.06088998541235924,0.046603236347436905,0.21268655359745026,0.18727000057697296,0.061403509229421616,254.35658264160156,0.6196972131729126,0.8630161285400391,1.361521601676941,-0.006523731164634228,-0.4994756579399109,0.2521328926086426,0.07861328125,0.5133381485939026,0.7423696517944336,0.0,0.0015363150741904974,1.0,1.0,0.6477916240692139,0.10287252068519592,0.17152710258960724,0.4578183889389038,0.5477460622787476,0.6209288239479065,0.85794997215271,0.5859485268592834,32.0,1.9488165378570557,1.0,-0.0007122538518160582,0.2533101737499237,0.9279631972312927,0.8969001770019531,0.6797714233398438,0.19092316925525665,0.18084311485290527,-0.00016054655134212226,-1.5697258277214132e-05,0.9307379722595215,0.9224608540534973,0.6996018290519714,0.20210619270801544,0.19755634665489197,0.9307020902633667,0.922354519367218,0.6992978453636169,0.20230193436145782,0.19761845469474792,65999,3.690427780151367,,,,,,,,,,,,,0.20323865115642548,0.06512922793626785,0.07467816770076752,0.4368240535259247,0.22904318571090698,0.13059760630130768,0.0,0.13912296295166016,0.12304036319255829,0.4654019773006439,0.32627901434898376,0.20323865115642548
0.027587890625,0.23472853004932404,0.0,0.0,0.0,0.34375,0.18498572707176208,2.815101385116577,0.0,0.7150068879127502,0.07228879630565643,0.74609375,8.984160423278809,0,-3.575111150741577,0.602069079875946,68.37641906738281,1.80514657497406,0.9992563724517822,0.10000000149011612,0.49204063415527344,0.021211795508861542,0.030451470986008644,919.25,0.0,1.0000303983688354,3192763.0,0.0385812371969223,0.21076546609401703,0.21292375028133392,93.0,8.338000297546387,10.810249328613281,2.000178813934326,0.0,6579.0,3192764.0,2194.0,0.00862156692892313,0.0,0.0,0.0,3148701.0,1069472.625,1320.75,745.0,0.0,500.0,4169.0,3192763.0,-1.8652610778808594,-3.6364779472351074,0.3415229320526123,0.008353992365300655,189.0,2048.0,2.3383026123046875,0.44819721579551697,0.0,8.638382911682129,0.29622820019721985,,,-0.02691500633955002,3142576.0,-0.008794385939836502,0.00016972301818896085,1.0171613693237305,-0.001098526525311172,4914.0,0.0,3192764.0,224.26832580566406,212.0,0.050851523876190186,25.10102653503418,0.23989173769950867,1.3072600364685059,44.0,16383.0,0.06088849529623985,0.04655134677886963,0.2158651202917099,0.19008754193782806,0.061403509229421616,242.47808837890625,0.6184422373771667,0.8623104095458984,1.3615907430648804,-0.020245997235178947,-0.4969892203807831,0.2515891194343567,0.0703125,0.5315423607826233,0.7668505907058716,0.0,0.001747510745190084,1.0,1.0,0.7043495178222656,0.1126408725976944,0.1705406755208969,0.3825784921646118,0.5112985372543335,0.5637593269348145,0.8992716073989868,0.5891370177268982,32.0,1.9784373044967651,1.0,-0.000443180586444214,0.25334930419921875,0.9278973937034607,0.8966932892799377,0.680482029914856,0.1905730813741684,0.18041740357875824,0.00011719859321601689,3.348132304381579e-05,0.9307160973548889,0.922405481338501,0.6996574997901917,0.2020626664161682,0.19743742048740387,0.9306468367576599,0.9221670627593994,0.700073778629303,0.20188108086585999,0.19715143740177155,66499,3.7021822929382324,,,,,,,,,,,,,0.20144963264465332,0.06449562311172485,0.07347969710826874,0.4435931444168091,0.23209518194198608,0.13056747615337372,0.0,0.13938474655151367,0.12471747398376465,0.46555185317993164,0.32616710662841797,0.20144963264465332
0.01708984375,0.2671476900577545,0.0,0.0,0.0,0.5,0.18508397042751312,2.575636863708496,0.0,0.7195529937744141,0.07267512381076813,0.7421875,8.973980903625488,0,-3.578415870666504,0.5868043899536133,83.89127349853516,1.7992439270019531,0.9992413520812988,0.10000000149011612,0.4920230507850647,0.02122604474425316,0.03047892265021801,917.5581665039062,0.0,0.9955234527587891,3216777.0,0.03860744833946228,0.2105293571949005,0.21619154512882233,93.0,8.350000381469727,10.828203201293945,2.000178813934326,0.0,6596.0,3216778.0,3780.0,0.015066028572618961,0.0,0.0,0.0,3172715.0,1082304.0,1316.534912109375,746.0,0.0,500.0,4175.0,3216777.0,-2.0476036071777344,-3.245332956314087,0.34166473150253296,0.012909854762256145,185.0,2048.0,2.276149272918701,0.4293772876262665,0.0,8.47305965423584,0.31380343437194824,,,-0.02646191418170929,3166588.0,-0.008652035146951675,0.00022929465922061354,1.0171855688095093,-0.0021993047557771206,4921.0,0.0,3216778.0,208.6253204345703,206.0,0.049341317266225815,37.34788513183594,0.23952728509902954,1.4003474712371826,43.0,16384.0,0.06098248437047005,0.04655446112155914,0.21369792520999908,0.18864594399929047,0.07017543911933899,252.68760681152344,0.6173751950263977,0.8712437748908997,1.3620012998580933,-0.014733592979609966,-0.5006166696548462,0.25433382391929626,0.0703125,0.5928143858909607,0.6601197719573975,0.0,0.0017404083628207445,1.0,1.0,0.6583156585693359,0.10967554152011871,0.1707824319601059,0.47712624073028564,0.48108112812042236,0.6718134880065918,0.8525203466415405,0.6099812388420105,32.0,1.9109721183776855,1.0,-0.0007073657470755279,0.2532917857170105,0.9279114007949829,0.8965526819229126,0.6796773076057434,0.19096554815769196,0.1809464991092682,-0.00012926147610414773,-2.4870239940355532e-05,0.9306967258453369,0.9222844839096069,0.6995982527732849,0.2021503448486328,0.19751068949699402,0.9306589961051941,0.9220476746559143,0.6992425918579102,0.20236510038375854,0.19776295125484467,66999,3.3859548568725586,,,,,,,,,,,,,0.20161733031272888,0.06427937746047974,0.07344406843185425,0.4258130192756653,0.22314324975013733,0.12922397255897522,0.0,0.13910090923309326,0.11890372633934021,0.45962196588516235,0.3205210566520691,0.20161733031272888
0.013916015625,0.23275822401046753,0.0,0.0,0.0,0.5625,0.18446098268032074,2.6038503646850586,0.0,0.7155424952507019,0.07235415279865265,0.74609375,8.962797164916992,0,-3.5814549922943115,0.5884947180747986,177.97357177734375,1.8126790523529053,0.9992509484291077,0.10000000149011612,0.4919883906841278,0.021240100264549255,0.03049650229513645,893.9615478515625,0.0,0.9958052635192871,3240701.0,0.03904592990875244,0.21197032928466797,0.21552808582782745,93.0,8.360000610351562,10.860307693481445,2.000178813934326,0.0,6616.0,3240702.0,1900.0,0.007651376537978649,0.0,0.0,0.0,3196639.0,1096316.0,1297.4615478515625,746.0,0.0,500.0,4180.0,3240701.0,-2.6364898681640625,-3.9184396266937256,0.3416254222393036,0.0094465846195817,181.0,2048.0,2.1470894813537598,0.3946032226085663,0.0,8.43974781036377,0.295330673456192,,,-0.027150653302669525,3190509.0,-0.008897515945136547,0.00019859077292494476,1.0171736478805542,-0.0025302583817392588,4926.0,0.0,3240702.0,200.7950439453125,196.0,0.046889953315258026,40.98411178588867,0.23925535380840302,1.4386295080184937,52.0,16384.0,0.061011217534542084,0.046618957072496414,0.211211159825325,0.18582680821418762,0.061403509229421616,248.0585174560547,0.6177883148193359,0.8684762120246887,1.362710952758789,-0.00230476469732821,-0.5004639029502869,0.25886663794517517,0.078125,0.5602870583534241,0.6947368383407593,0.0,0.001242086524143815,1.0,1.0,0.667788028717041,0.12137342244386673,0.1776968389749527,0.4878305196762085,0.5175216197967529,0.7005432844161987,0.8635234236717224,0.6044134497642517,32.0,1.9948660135269165,1.0,-0.0005927354213781655,0.2533022165298462,0.9278907775878906,0.8966718912124634,0.679502546787262,0.190715491771698,0.18075963854789734,-3.1164767278824e-05,-4.200061448500492e-05,0.9306837320327759,0.9222071170806885,0.6994183659553528,0.2021837681531906,0.19757096469402313,0.9306339025497437,0.9221457242965698,0.6990054845809937,0.20220977067947388,0.19760364294052124,67499,3.6771650314331055,,,,,,,,,,,,,0.20545300841331482,0.06539115309715271,0.07500787079334259,0.4338626265525818,0.22869077324867249,0.13109567761421204,0.0,0.14101126790046692,0.12401348352432251,0.47047775983810425,0.32946649193763733,0.20545300841331482
0.016357421875,0.2519627511501312,0.0,0.0,0.0,0.6875,0.183260977268219,2.564157009124756,0.0,0.7229977250099182,0.07207850366830826,0.74609375,8.959423065185547,0,-3.5842602252960205,0.5942383408546448,147.56239318847656,1.8138630390167236,0.9992654323577881,0.10000000149011612,0.49194321036338806,0.021262360736727715,0.030534908175468445,900.0,0.0,0.9952404499053955,3264490.0,0.03902046009898186,0.21212901175022125,0.21488116681575775,93.0,8.374000549316406,10.865092277526855,2.000178813934326,0.0,6624.0,3264491.0,1194.0,0.004614590667188168,0.0,0.0,0.0,3220428.0,1108651.5,1305.0999755859375,748.0,0.0,500.0,4187.0,3264490.0,-1.3568534851074219,-2.6541454792022705,0.3415282070636749,0.009941987693309784,178.0,2049.0,2.0038998126983643,0.39594215154647827,0.0,8.443426132202148,0.29452764987945557,,,-0.02591118775308132,3214299.0,-0.008507718332111835,9.258582576876506e-05,1.0168166160583496,-0.0024788088630884886,4935.0,0.0,3264491.0,196.76011657714844,187.0,0.044662050902843475,35.595699310302734,0.23888398706912994,1.4215030670166016,50.0,16384.0,0.06102878227829933,0.046569790691137314,0.21152010560035706,0.1866796314716339,0.061403509229421616,236.2805938720703,0.6178668737411499,0.8636157512664795,1.3625174760818481,-0.016853798180818558,-0.4976050853729248,0.26181483268737793,0.057373046875,0.5758299231529236,0.5863386392593384,0.0,0.0014106855960562825,1.0,1.0,0.6341257095336914,0.10904450714588165,0.1800362467765808,0.5436292886734009,0.4876255393028259,0.7615926265716553,0.8158156275749207,0.5736229419708252,32.0,2.0133776664733887,1.0,-0.0004630887706298381,0.2534092664718628,0.9278832674026489,0.8965439200401306,0.6801530718803406,0.1902097463607788,0.1802425980567932,9.201932698488235e-05,1.4034398191142827e-05,0.9306671619415283,0.922162652015686,0.6994158029556274,0.20206253230571747,0.19742992520332336,0.9306308627128601,0.922036349773407,0.6996306777000427,0.20170363783836365,0.19709694385528564,67999,3.6171112060546875,,,,,,,,,,,,,0.20272424817085266,0.06439829617738724,0.07415926456451416,0.4376586675643921,0.23131467401981354,0.13072103261947632,0.0,0.14259561896324158,0.12549015879631042,0.47081002593040466,0.3282144069671631,0.20272424817085266
0.0211181640625,0.24470257759094238,0.0,0.0,0.0,0.625,0.1855035275220871,2.6637229919433594,0.0,0.715610921382904,0.0718432366847992,0.74609375,8.981904029846191,0,-3.586839199066162,0.5940455198287964,109.08201599121094,1.8165322542190552,0.9992502927780151,0.10000000149011612,0.4919357895851135,0.021265774965286255,0.030538417398929596,896.3478393554688,0.0,0.9984179139137268,3288479.0,0.03922295570373535,0.21281583607196808,0.21348728239536285,93.0,8.390000343322754,10.889769554138184,2.000178813934326,0.0,6636.0,3288480.0,2022.0,0.007764730602502823,0.0,0.0,0.0,3244417.0,1123011.625,1300.434814453125,748.0,0.0,500.0,4195.0,3288479.0,-2.35601806640625,-3.766965627670288,0.3415566086769104,0.013800390064716339,174.0,2048.0,2.4003283977508545,0.45239099860191345,0.0,8.295974731445312,0.30808791518211365,,,-0.026066375896334648,3238277.0,-0.008570367470383644,1.8356666259933263e-05,1.017086148262024,-0.0030014540534466505,4943.0,0.0,3288480.0,190.0694122314453,182.0,0.04338498041033745,38.19108200073242,0.23840981721878052,1.4520761966705322,46.0,16384.0,0.061087772250175476,0.046602677553892136,0.21262812614440918,0.18698352575302124,0.061403509229421616,237.05140686035156,0.617379367351532,0.8613094687461853,1.3615914583206177,-0.01696666143834591,-0.4930957853794098,0.2701430320739746,0.083984375,0.5620977282524109,0.8195470571517944,0.0,0.0017436232883483171,1.0,1.0,0.7265567779541016,0.11226968467235565,0.17628183960914612,0.44470900297164917,0.5102686882019043,0.6039085388183594,0.9033599495887756,0.6049630045890808,32.0,1.9999812841415405,1.0,-0.0006253353203646839,0.25326624512672424,0.9278150200843811,0.8963949680328369,0.679463803768158,0.19088232517242432,0.18077631294727325,-8.231759420596063e-05,-3.505180939100683e-05,0.9306453466415405,0.9220964312553406,0.6993210315704346,0.20209616422653198,0.1974601447582245,0.930566132068634,0.9218785166740417,0.6989205479621887,0.20244871079921722,0.19770847260951996,68499,3.6529898643493652,,,,,,,,,,,,,0.20170077681541443,0.06436103582382202,0.07406963407993317,0.43974605202674866,0.23346108198165894,0.13120439648628235,0.0,0.14299649000167847,0.12621662020683289,0.4709138870239258,0.3279173970222473,0.20170077681541443
0.0186767578125,0.2501741051673889,0.0,0.0,0.0,0.40625,0.18338221311569214,2.6405062675476074,0.0,0.7175636291503906,0.07257538288831711,0.74609375,8.955458641052246,0,-3.5891966819763184,0.5987957715988159,92.71878051757812,1.800370216369629,0.9992572665214539,0.10000000149011612,0.4919092059135437,0.021269669756293297,0.030547169968485832,801.1224365234375,0.0,0.9924297332763672,3312820.0,0.039296459406614304,0.21284081041812897,0.20469696819782257,93.0,8.404000282287598,10.904062271118164,2.000178813934326,0.0,6648.0,3312821.0,56.0,0.00011870005255332217,0.0,0.0,0.0,3268758.0,1135680.375,1219.1837158203125,748.0,0.0,500.0,4202.0,3312820.0,-4.609031677246094,-6.199222087860107,0.3415486514568329,0.013211104087531567,170.0,2048.0,2.189258098602295,0.4535212516784668,0.0,7.607455730438232,0.2975708842277527,,,-0.025697831064462662,3262618.0,-0.00844731368124485,0.0002550498174969107,1.0171198844909668,-0.004655705764889717,4950.0,0.0,3312821.0,186.0917205810547,172.0,0.04093289002776146,26.912622451782227,0.23827697336673737,1.4116847515106201,49.0,16384.0,0.0610482282936573,0.046635959297418594,0.21318651735782623,0.18773745000362396,0.061403509229421616,245.83226013183594,0.6175311803817749,0.8640831708908081,1.3616664409637451,-0.008132819086313248,-0.4980093836784363,0.26819074153900146,0.049560546875,0.6194669008255005,0.6661113500595093,0.0,0.0016068870900198817,1.0,1.0,0.7033882141113281,0.11812928318977356,0.1729186475276947,0.5301390886306763,0.5096999406814575,0.7068474292755127,0.8451476693153381,0.5545281767845154,32.0,2.0303313732147217,1.0,-0.0005254895659163594,0.2532578408718109,0.9278594255447388,0.8963409662246704,0.6795145869255066,0.19061002135276794,0.18070833384990692,-1.5630663256160915e-05,-2.1855779777979478e-05,0.9306318759918213,0.9219985604286194,0.6991870999336243,0.20220385491847992,0.19758208096027374,0.930601954460144,0.9218384027481079,0.6989715695381165,0.20218387246131897,0.19762812554836273,68999,3.5945348739624023,,,,,,,,,,,,,0.20252516865730286,0.06420199573040009,0.07346891611814499,0.4316384792327881,0.22396013140678406,0.12863200902938843,0.0,0.13896828889846802,0.11976858973503113,0.461262047290802,0.322293758392334,0.20252516865730286
0.0166015625,0.256507009267807,0.0,0.0,0.0,0.5625,0.1830258071422577,2.654212713241577,0.0,0.7108961343765259,0.07217042148113251,0.74609375,8.986172676086426,0,-3.5913479328155518,0.5948862433433533,84.42290496826172,1.806583285331726,0.9992267489433289,0.10000000149011612,0.4919157028198242,0.02127915993332863,0.030566522851586342,954.5918579101562,0.0,0.9915338754653931,3336752.0,0.03943612426519394,0.21355168521404266,0.209158793091774,92.0,8.432000160217285,10.921902656555176,2.000178813934326,0.0,6661.0,3336753.0,540.0,0.002081119455397129,0.0,0.0,0.0,3292690.0,1146044.0,1353.48974609375,748.0,0.0,500.0,4216.0,3336752.0,-3.0842056274414062,-4.291329860687256,0.3416760563850403,0.03146886080503464,179.0,2048.0,2.0377557277679443,0.4514903426170349,0.0,8.201319694519043,0.2872920632362366,,,-0.0252245906740427,3286548.0,-0.008294431492686272,7.255391392391175e-05,1.017006278038025,-0.0009026399347931147,4964.0,0.0,3336753.0,205.86044311523438,188.0,0.044592030346393585,25.884981155395508,0.2375231832265854,1.346971869468689,49.0,16384.0,0.061114601790905,0.04666254296898842,0.21073603630065918,0.1853765994310379,0.061403509229421616,249.15670776367188,0.6172866225242615,0.859257161617279,1.36392343044281,-0.011571363545954227,-0.4943534731864929,0.29366549849510193,0.05078125,0.5704458951950073,0.5915559530258179,0.0,0.0017504942370578647,1.0,1.0,0.6577110290527344,0.10063238441944122,0.17138007283210754,0.5391126275062561,0.4700470566749573,0.6885346174240112,0.8138155937194824,0.5703929662704468,32.0,2.148667097091675,1.0,-0.00048792961752042174,0.2532567083835602,0.9278943538665771,0.8963584303855896,0.6799396276473999,0.19060710072517395,0.1806536465883255,2.7863503419212066e-05,2.136160765076056e-05,0.9306437373161316,0.9219706058502197,0.6992136240005493,0.20214127004146576,0.19753120839595795,0.9306358098983765,0.9218826293945312,0.6994304060935974,0.20204874873161316,0.1975056529045105,69499,3.7066760063171387,,,,,,,,,,,,,0.19971124827861786,0.06356053054332733,0.07382902503013611,0.43463706970214844,0.2288428544998169,0.12950539588928223,0.0,0.14257359504699707,0.12313009798526764,0.46541494131088257,0.3228413462638855,0.19971124827861786
0.0185546875,0.2558690309524536,0.0,0.0,0.0,0.53125,0.18351392447948456,2.5829691886901855,0.0,0.718235433101654,0.07216465473175049,0.74609375,8.965494155883789,0,-3.5932884216308594,0.5861927270889282,93.60902404785156,1.808591604232788,0.9992470741271973,0.10000000149011612,0.4918751120567322,0.021283406764268875,0.030577417463064194,908.6326293945312,0.0,0.9916000366210938,3360780.0,0.03910763934254646,0.21188421547412872,0.20522698760032654,92.0,8.442000389099121,10.95914363861084,2.000178813934326,0.0,6674.0,3360781.0,3964.0,0.015423040837049484,0.0,0.0,0.0,3316718.0,1157232.5,1316.1632080078125,751.0,0.0,500.0,4221.0,3360780.0,-2.25640869140625,-3.946150779724121,0.341796875,0.012431284412741661,172.0,2048.0,2.112173557281494,0.4160892963409424,0.0,8.103948593139648,0.35661888122558594,,,-0.023824654519557953,3310560.0,-0.007836448028683662,8.702644845470786e-05,1.015974521636963,-0.0024576601572334766,4972.0,0.0,3360781.0,201.34759521484375,187.0,0.04430229961872101,27.748126983642578,0.23691540956497192,1.3658047914505005,49.0,16384.0,0.06117041036486626,0.04670095071196556,0.21026122570037842,0.18657325208187103,0.061403509229421616,243.23109436035156,0.6168012619018555,0.8653889894485474,1.3627650737762451,-0.005534171126782894,-0.4944647550582886,0.28221243619918823,0.072265625,0.5375503301620483,0.6621653437614441,0.0,0.0020055966451764107,1.0,1.0,0.661522388458252,0.1092609390616417,0.1816074699163437,0.5526910424232483,0.5255999565124512,0.7082815170288086,0.866173267364502,0.5739693641662598,32.0,1.9582923650741577,1.0,-0.0005807842244394124,0.2532462775707245,0.9278501868247986,0.8961360454559326,0.6794880032539368,0.1906653791666031,0.18056440353393555,-2.014815981965512e-05,-2.3624819732503965e-05,0.930639922618866,0.92186439037323,0.6991995573043823,0.2021535485982895,0.19753357768058777,0.9305880665779114,0.9216622114181519,0.6989628076553345,0.20218299329280853,0.19745604693889618,69999,3.5346293449401855,,,,,,,,,,,,,0.2059830129146576,0.06511327624320984,0.07563629746437073,0.43428659439086914,0.2299383282661438,0.13099446892738342,0.0,0.1416020393371582,0.12532839179039001,0.4729134440422058,0.3313114047050476,0.2059830129146576
,,,,,,,,,,,,,0,,,,,,,,,,,,,,,,,,,,,,,,,,,,,,,,,,,,,,,,,,,,,,,,0.004025438334792852,0.16437062621116638,,,,,,,,,,,,,,,,,,,,,,,,,,,,,,,,,,,,,,,,,,,,,,,,,,,,,,,,,,,,,,,,,,,69999,,0.8372513651847839,108.5706558227539,126.19780731201172,17.627155303955078,20.51856231689453,129.08921813964844,105.91594696044922,125.88111114501953,126.7641830444336,24.188016891479492,152.65313720703125,128.46511840820312,,,,,,,,,,,,
0.02490234375,0.2677054703235626,0.0,0.0,0.0,0.5625,0.184380903840065,2.569228172302246,0.0,0.7149848341941833,0.07257156074047089,0.74609375,8.973020553588867,0,-3.5950448513031006,0.5937897562980652,70.27359008789062,1.802899718284607,0.9992384910583496,0.10000000149011612,0.4918519854545593,0.0212996955960989,0.030597224831581116,963.9600219726562,0.0,0.989739716053009,3384768.0,0.039169829338788986,0.2123255878686905,0.21075348556041718,92.0,8.458000183105469,10.983327865600586,2.000178813934326,0.0,6688.0,3384769.0,849.0,0.003238997422158718,0.0,0.0,0.0,3340706.0,1169212.625,1361.6199951171875,754.0,0.0,500.0,4229.0,3384768.0,-3.852092742919922,-5.358048915863037,0.3417525589466095,0.013222314417362213,183.0,2048.0,1.936706304550171,0.3921249508857727,0.0,8.29826831817627,0.2842075526714325,,,-0.024177661165595055,3334526.0,-0.007967164739966393,7.001836638664827e-05,1.0160424709320068,-0.0012405595043674111,4983.0,0.0,3384769.0,206.83375549316406,192.0,0.04540080577135086,26.730693817138672,0.23651783168315887,1.3482592105865479,50.0,16384.0,0.06121055781841278,0.046715252101421356,0.21202442049980164,0.1878686398267746,0.061403509229421616,254.49285888671875,0.6173719763755798,0.8662367463111877,1.3634437322616577,-0.010003111325204372,-0.4990856647491455,0.2829495668411255,0.055908203125,0.47174271941185,0.5545046329498291,0.0,0.001810327172279358,1.0,1.0,0.6396584510803223,0.11174719780683517,0.17713662981987,0.5412962436676025,0.4600968658924103,0.6535812616348267,0.788540244102478,0.5857102274894714,32.0,1.9924812316894531,1.0,-0.0006341908010654151,0.2532595992088318,0.9278483986854553,0.8961438536643982,0.679253876209259,0.19074295461177826,0.18068958818912506,-9.05274209799245e-05,-2.7740215955418535e-05,0.9306294322013855,0.9218035340309143,0.6990763545036316,0.20218224823474884,0.19753028452396393,0.9305863380432129,0.9216620326042175,0.6987317204475403,0.20232634246349335,0.19764457643032074,70499,3.5514140129089355,,,,,,,,,,,,,0.20003631711006165,0.06325379759073257,0.07274699211120605,0.42676520347595215,0.22188310325145721,0.12817806005477905,0.0,0.13898223638534546,0.11893120408058167,0.45794975757598877,0.3189675211906433,0.20003631711006165
0.01385498046875,0.22776861488819122,0.0,0.0,0.0,0.53125,0.18266312777996063,2.5572502613067627,0.0,0.7217346429824829,0.07184669375419617,0.75,8.947909355163574,0,-3.59661602973938,0.5911031365394592,118.75358581542969,1.8154464960098267,0.9992407560348511,0.10000000149011612,0.49185070395469666,0.02130301110446453,0.03061157837510109,923.756103515625,0.0,0.9912381768226624,3408868.0,0.03896833956241608,0.211381733417511,0.20142611861228943,92.0,8.4660005569458,10.986092567443848,2.000178813934326,0.0,6695.0,3408869.0,1441.0,0.005797120276838541,0.0,0.0,0.0,3364806.0,1183096.5,1330.219482421875,755.0,0.0,500.0,4233.0,3408868.0,-2.0205345153808594,-3.331151247024536,0.3416768014431,0.04035191610455513,184.0,2048.0,2.185039758682251,0.4530732035636902,0.0,7.859407901763916,0.5553722977638245,,,-0.02590932883322239,3358626.0,-0.008547660894691944,0.00015581221668981016,1.0171719789505005,-0.0031027374789118767,4988.0,0.0,3408869.0,203.8734893798828,186.0,0.0439404658973217,22.17411231994629,0.23628181219100952,1.3375489711761475,41.0,16384.0,0.0611761249601841,0.04669467732310295,0.21099728345870972,0.18492083251476288,0.061403509229421616,261.1114501953125,0.6160238981246948,0.8684726357460022,1.3631664514541626,-0.0024521194864064455,-0.4908851385116577,0.28370097279548645,0.055908203125,0.553744375705719,0.6664304137229919,0.0,0.0019860861357301474,1.0,1.0,0.6867074966430664,0.10961256921291351,0.17321676015853882,0.4954372048377991,0.4966520071029663,0.6410732269287109,0.8464255332946777,0.5776332020759583,32.0,2.1281003952026367,1.0,-0.0004108905850443989,0.25329098105430603,0.9278815388679504,0.8961403965950012,0.6796596646308899,0.1905544400215149,0.18049068748950958,0.00011519033432705328,4.268244992999826e-06,0.9306239485740662,0.9217270016670227,0.6989984512329102,0.2022387832403183,0.19756601750850677,0.9306118488311768,0.921643078327179,0.6991471648216248,0.20213642716407776,0.1974537968635559,70999,3.7775216102600098,,,,,,,,,,,,,0.20051299035549164,0.06374000012874603,0.07426436245441437,0.4381733536720276,0.23276425898075104,0.13054972887039185,0.0,0.14483678340911865,0.12626267969608307,0.47161245346069336,0.3267756700515747,0.20051299035549164
0.0250244140625,0.24172443151474,0.0,0.0,0.0,0.65625,0.18226230144500732,2.603121042251587,0.0,0.71701979637146,0.07233461737632751,0.7421875,8.957747459411621,0,-3.5980262756347656,0.5892884731292725,91.36448669433594,1.8025442361831665,0.9992449879646301,0.10000000149011612,0.4918672442436218,0.021308179944753647,0.030617360025644302,1006.326904296875,0.0,0.9929680228233337,3432728.0,0.03927263990044594,0.21297098696231842,0.20898427069187164,92.0,8.473999977111816,11.003612518310547,2.000178813934326,0.0,6700.0,3432729.0,167.0,0.000583130051381886,0.0,0.0,0.0,3388666.0,1195880.375,1401.1346435546875,755.0,0.0,500.0,4237.0,3432728.0,-2.068561553955078,-3.7548797130584717,0.34171366691589355,0.02183264121413231,181.0,2048.0,2.083655834197998,0.4123554229736328,0.0,8.303677558898926,0.33073025941848755,,,-0.028039177879691124,3382486.0,-0.009258545935153961,0.0001675557141425088,1.0178179740905762,-0.0013901650672778487,4992.0,0.0,3432729.0,217.24769592285156,207.0,0.04885532334446907,29.181501388549805,0.23626521229743958,1.3413790464401245,52.0,16384.0,0.061123814433813095,0.04678564891219139,0.2114337831735611,0.18637199699878693,0.07017543911933899,247.4580078125,0.6149153113365173,0.8706759214401245,1.363174557685852,-0.009199105203151703,-0.49838197231292725,0.2919592261314392,0.0712890625,0.554401695728302,0.6615529656410217,0.0,0.0014155720127746463,1.0,1.0,0.6776258945465088,0.11438023298978806,0.17779408395290375,0.5619921684265137,0.5193256139755249,0.7272747755050659,0.835064709186554,0.5826516151428223,32.0,2.088435649871826,1.0,-0.00039193930570036173,0.2532806396484375,0.9278743267059326,0.896074116230011,0.6803810000419617,0.19044846296310425,0.1803179383277893,0.0001793915726011619,5.947937461314723e-05,0.9306288957595825,0.921711802482605,0.6992456912994385,0.20213404297828674,0.19743773341178894,0.9306076765060425,0.9215804934501648,0.6999555230140686,0.20191052556037903,0.19713430106639862,71499,3.686220645904541,,,,,,,,,,,,,0.20314809679985046,0.0645042359828949,0.07424169778823853,0.43362125754356384,0.22710683941841125,0.12995922565460205,0.0,0.14101681113243103,0.12291419506072998,0.4670791029930115,0.32606229186058044,0.20314809679985046
0.01806640625,0.25439220666885376,0.0,0.0,0.0,0.65625,0.18455077707767487,2.6212751865386963,0.0,0.7102532982826233,0.0724199116230011,0.74609375,8.972057342529297,0,-3.5993754863739014,0.5932793617248535,84.89434814453125,1.8114961385726929,0.9992457032203674,0.10000000149011612,0.49187180399894714,0.021311674267053604,0.030625857412815094,986.2000122070312,0.0,0.9930946826934814,3456890.0,0.03951852396130562,0.2134992927312851,0.20641690492630005,92.0,8.506000518798828,11.033105850219727,2.000178813934326,0.0,6707.0,3456891.0,2173.0,0.008568859659135342,0.0,0.0,0.0,3412828.0,1204109.375,1382.977783203125,756.0,0.0,500.0,4253.0,3456890.0,-3.226825714111328,-4.0569329261779785,0.34175512194633484,0.01822950690984726,184.0,2048.0,2.149085521697998,0.437813937664032,0.0,8.335309028625488,0.2771681845188141,,,-0.026374392211437225,3406648.0,-0.008706890977919102,1.8018820355791831e-06,1.017202615737915,-0.001837640767917037,5009.0,0.0,3456891.0,207.90374755859375,196.0,0.046085115522146225,30.132211685180664,0.23514188826084137,1.365977168083191,45.0,16384.0,0.061201270669698715,0.046769507229328156,0.21356312930583954,0.18808971345424652,0.07017543911933899,258.8521423339844,0.6144846677780151,0.8656209111213684,1.3644530773162842,-0.012078732252120972,-0.49305012822151184,0.2942334711551666,0.057861328125,0.6056901216506958,0.716670572757721,0.0,0.0016233223723247647,1.0,1.0,0.6650187969207764,0.09997055679559708,0.17925968766212463,0.4998420476913452,0.510266900062561,0.6769593954086304,0.8573572635650635,0.5756350755691528,32.0,2.097771644592285,1.0,-0.0005564005696214736,0.25330284237861633,0.9278690814971924,0.895983099937439,0.6802244186401367,0.19046226143836975,0.18047606945037842,-8.053958481468726e-06,3.493742042337544e-05,0.9306275844573975,0.9216312170028687,0.699467658996582,0.20202606916427612,0.19737732410430908,0.9305957555770874,0.9214869737625122,0.699769914150238,0.20194590091705322,0.19738520681858063,71999,3.6361358165740967,,,,,,,,,,,,,0.20355378091335297,0.06423306465148926,0.07368423044681549,0.43815964460372925,0.23140697181224823,0.13113880157470703,0.0,0.14171388745307922,0.1259310096502304,0.4711986780166626,0.3294847905635834,0.20355378091335297
0.022216796875,0.28070366382598877,0.0,0.0,0.0,0.46875,0.1813768446445465,2.5508434772491455,0.0,0.7131733894348145,0.07240094989538193,0.74609375,8.994322776794434,0,-3.6005659103393555,0.5894685387611389,104.52485656738281,1.810972809791565,0.9992237687110901,0.10000000149011612,0.491901695728302,0.02131437323987484,0.030628373846411705,1002.6521606445312,0.0,0.9913502931594849,3480769.0,0.03951232135295868,0.2136840969324112,0.20380720496177673,93.0,8.513999938964844,11.04634952545166,2.000178813934326,0.0,6709.0,3480770.0,1401.0,0.005514960736036301,0.0,0.0,0.0,3436707.0,1217139.25,1401.54345703125,757.0,0.0,500.0,4257.0,3480769.0,-2.4824142456054688,-3.885707139968872,0.3417731523513794,0.013996493071317673,188.0,2048.0,2.2292237281799316,0.44285115599632263,0.0,8.352663040161133,0.30340608954429626,,,-0.025566257536411285,3430528.0,-0.008462481200695038,-4.504682874539867e-05,1.0171661376953125,-0.0012269403086975217,5014.0,0.0,3480770.0,217.79400634765625,206.0,0.04839088395237923,30.019893646240234,0.23495452105998993,1.336039423942566,46.0,16384.0,0.06130401790142059,0.0467551052570343,0.20911312103271484,0.185789093375206,0.061403509229421616,256.0809631347656,0.615346372127533,0.8652800917625427,1.364102840423584,-0.008526129648089409,-0.4929879307746887,0.2827915847301483,0.05224609375,0.5696499943733215,0.7073056101799011,0.0,0.001651879632845521,1.0,1.0,0.6339399814605713,0.11871018260717392,0.1832032948732376,0.46584659814834595,0.5163964629173279,0.6136046051979065,0.8802992105484009,0.5823330283164978,32.0,2.1946568489074707,1.0,-0.0006029430660419166,0.2532966434955597,0.9278320670127869,0.8960158824920654,0.6804224252700806,0.19077613949775696,0.18051210045814514,-8.388406422454864e-05,3.2476546039106324e-05,0.9306129813194275,0.9215850234031677,0.6996695399284363,0.20208454132080078,0.19738419353961945,0.9305583238601685,0.9215055108070374,0.6998752951622009,0.20235039293766022,0.19748537242412567,72499,3.56664776802063,,,,,,,,,,,,,0.20420953631401062,0.0646972507238388,0.07563135772943497,0.42701488733291626,0.22769799828529358,0.13158529996871948,0.0,0.14069795608520508,0.1225409209728241,0.4674484133720398,0.3267504572868347,0.20420953631401062
0.024169921875,0.26322901248931885,0.0,0.0,0.0,0.625,0.18443243205547333,2.654130220413208,0.0,0.7153986096382141,0.07209645211696625,0.73828125,8.959860801696777,0,-3.6016125679016113,0.593461811542511,102.50442504882812,1.816565990447998,0.999238908290863,0.10000000149011612,0.49187415838241577,0.02132590301334858,0.030640624463558197,963.2000122070312,0.0,0.9933458566665649,3505068.0,0.03943902254104614,0.21345973014831543,0.20212191343307495,93.0,8.52400016784668,11.050323486328125,2.000178813934326,0.0,6710.0,3505069.0,8155.0,0.03032476268708706,0.0,0.0,0.0,3461006.0,1229969.5,1364.3555908203125,757.0,0.0,500.0,4262.0,3505068.0,-1.6843147277832031,-2.469228506088257,0.34179067611694336,0.014574228785932064,187.0,2048.0,2.207359552383423,0.4138680398464203,0.0,8.270849227905273,0.2734390199184418,,,-0.02623075060546398,3454827.0,-0.008685862645506859,0.00014145878958515823,1.0173355340957642,-0.0016338094137609005,5019.0,0.0,3505069.0,219.0376434326172,204.0,0.047864850610494614,24.71112060546875,0.2346346080303192,1.3063734769821167,45.0,16384.0,0.06126612052321434,0.04679649695754051,0.21103523671627045,0.1869644969701767,0.061403509229421616,246.99671936035156,0.6141668558120728,0.8653786778450012,1.3646224737167358,-0.014784292317926884,-0.49416571855545044,0.2968676686286926,0.0673828125,0.5732050538063049,0.6184889674186707,0.0,0.0022025536745786667,1.0,1.0,0.662879228591919,0.1257944405078888,0.19021207094192505,0.5739644169807434,0.5196003913879395,0.718608021736145,0.8700108528137207,0.587889552116394,32.0,2.037355422973633,1.0,-0.0004909160197712481,0.2532486319541931,0.9277861714363098,0.8958564400672913,0.6794568300247192,0.19076469540596008,0.18065586686134338,4.006612653029151e-05,-6.881225272081792e-05,0.9305841326713562,0.9215401411056519,0.6994203329086304,0.20226286351680756,0.19754302501678467,0.9305208921432495,0.9213811755180359,0.6988391876220703,0.20240794122219086,0.19771061837673187,72999,3.5277504920959473,,,,,,,,,,,,,0.20375661551952362,0.06481562554836273,0.07461309432983398,0.42918679118156433,0.22847726941108704,0.13053426146507263,0.0,0.14160200953483582,0.12378843128681183,0.46914705634117126,0.32754504680633545,0.20375661551952362
0.0162353515625,0.25291913747787476,0.0,0.0,0.0,0.65625,0.18415935337543488,2.6327619552612305,0.0,0.7146685123443604,0.07203647494316101,0.74609375,8.979074478149414,0,-3.6025168895721436,0.5942997932434082,103.79548645019531,1.8173885345458984,0.9992313385009766,0.10000000149011612,0.49182936549186707,0.0213351808488369,0.030656659975647926,969.132080078125,0.0,0.9912770986557007,3529151.0,0.039553672075271606,0.21378383040428162,0.199224591255188,93.0,8.542000770568848,11.071105003356934,2.000178813934326,0.0,6714.0,3529152.0,306.0,0.0011437678476795554,0.0,0.0,0.0,3485089.0,1241814.125,1375.452880859375,757.0,0.0,500.0,4271.0,3529151.0,-2.5050888061523438,-5.801830768585205,0.34179019927978516,0.017148565500974655,191.0,2048.0,2.0787668228149414,0.4066336750984192,0.0,8.30315113067627,0.28755611181259155,,,-0.02653171494603157,3478910.0,-0.00879098754376173,9.01885941857472e-05,1.017135500907898,-0.0021720021031796932,5028.0,0.0,3529152.0,222.2122802734375,205.0,0.04799812659621239,22.882553100585938,0.23425427079200745,1.2884896993637085,53.0,16384.0,0.06125153973698616,0.0467602014541626,0.20838528871536255,0.1844893991947174,0.061403509229421616,265.4931335449219,0.6144570708274841,0.8667174577713013,1.3641108274459839,-0.008923661895096302,-0.4940912127494812,0.271394282579422,0.061279296875,0.5090143084526062,0.7422149181365967,0.0,0.0017743819626048207,1.0,1.0,0.6974248886108398,0.13096675276756287,0.18699774146080017,0.48403266072273254,0.4782601594924927,0.6450576782226562,0.8710250854492188,0.5976787209510803,32.0,2.060972213745117,1.0,-0.0006007278570905328,0.2532840669155121,0.9277478456497192,0.8958012461662292,0.6799986958503723,0.1904585361480713,0.18041802942752838,-7.334173278650269e-05,1.1365056707290933e-05,0.9305581450462341,0.9214687347412109,0.6994224786758423,0.20219409465789795,0.1974739283323288,0.9304841756820679,0.921335756778717,0.6994499564170837,0.20200248062610626,0.19735653698444366,73499,3.686082124710083,,,,,,,,,,,,,0.20106856524944305,0.06377871334552765,0.07402464747428894,0.4334836006164551,0.23080240190029144,0.1303873062133789,0.0,0.1454756259918213,0.1254577785730362,0.47200196981430054,0.32652634382247925,0.20106856524944305
0.029296875,0.24134185910224915,0.0,0.0,0.0,0.5625,0.1841232031583786,2.61307954788208,0.0,0.7133800983428955,0.07286256551742554,0.74609375,8.980874061584473,0,-3.6032907962799072,0.5855914354324341,69.35772705078125,1.8053326606750488,0.9992409944534302,0.10000000149011612,0.4917961061000824,0.02133779786527157,0.030660519376397133,1099.79248046875,0.0,0.9934674501419067,3552988.0,0.03947559744119644,0.21389499306678772,0.19576740264892578,93.0,8.5600004196167,11.06812572479248,2.000178813934326,0.0,6716.0,3552989.0,4426.0,0.01828722096979618,0.0,0.0,0.0,3508926.0,1252869.5,1491.282958984375,757.0,0.0,500.0,4280.0,3552988.0,-1.6308212280273438,-3.1229915618896484,0.3418343663215637,0.007614953443408012,185.0,2048.0,2.04661226272583,0.375308632850647,0.0,8.409102439880371,0.29563456773757935,,,-0.024848781526088715,3502747.0,-0.008228514343500137,2.9545895813498646e-05,1.0166610479354858,-0.001641904003918171,5037.0,0.0,3552989.0,222.34657287597656,211.0,0.04929906502366066,28.549970626831055,0.2336495816707611,1.3050246238708496,53.0,16384.0,0.06126999482512474,0.046815212815999985,0.21360395848751068,0.18806670606136322,0.07017543911933899,246.42398071289062,0.6135997176170349,0.8680784106254578,1.3647993803024292,-0.005135013721883297,-0.4934086799621582,0.27896466851234436,0.0810546875,0.535981297492981,0.6408878564834595,0.0,0.001911501633003354,1.0,1.0,0.687370777130127,0.12994828820228577,0.1849610060453415,0.5157251954078674,0.4644975960254669,0.7060437202453613,0.8655862808227539,0.6133717894554138,32.0,2.177135467529297,1.0,-0.0005268485401757061,0.2533298134803772,0.9277597665786743,0.8957698345184326,0.6802969574928284,0.1902158260345459,0.18007248640060425,3.399080378585495e-05,3.060922972508706e-05,0.9305344820022583,0.9214147329330444,0.6995317935943604,0.2019793838262558,0.1972818672657013,0.9305055141448975,0.9213162064552307,0.6998388171195984,0.20169900357723236,0.19694462418556213,73999,3.5654726028442383,,,,,,,,,,,,,0.2021501362323761,0.06407193839550018,0.07317672669887543,0.4378947615623474,0.22946056723594666,0.12926048040390015,0.0,0.1441461443901062,0.12424102425575256,0.47053730487823486,0.32639116048812866,0.2021501362323761
0.0220947265625,0.25744450092315674,0.0,0.0,0.0,0.53125,0.18358002603054047,2.5887086391448975,0.0,0.7151448726654053,0.07231655716896057,0.7421875,8.960237503051758,0,-3.603952407836914,0.5804800391197205,114.8515396118164,1.8177812099456787,0.9992372989654541,0.10000000149011612,0.49181675910949707,0.021343186497688293,0.030667241662740707,1008.4347534179688,0.0,0.9905195236206055,3576994.0,0.03961348906159401,0.2141427844762802,0.1981445997953415,93.0,8.586000442504883,11.084779739379883,2.000178813934326,0.0,6733.0,3576995.0,6814.0,0.027569986879825592,0.0,0.0,0.0,3532932.0,1262823.125,1409.3695068359375,757.0,0.0,500.0,4293.0,3576994.0,-2.181049346923828,-3.745532512664795,0.3419038951396942,0.02326466515660286,186.0,2048.0,2.150632619857788,0.44408124685287476,0.0,8.42016315460205,0.31006115674972534,,,-0.025361327454447746,3526745.0,-0.008401740342378616,-5.496249650605023e-05,1.0171774625778198,-0.0019018047023564577,5050.0,0.0,3576995.0,220.720947265625,210.0,0.04891684278845787,27.615171432495117,0.232941135764122,1.3036402463912964,46.0,16384.0,0.06133244186639786,0.04679476469755173,0.20934802293777466,0.18610166013240814,0.061403509229421616,251.67950439453125,0.6139601469039917,0.867521345615387,1.363753318786621,-0.0010537412017583847,-0.4972386360168457,0.27691155672073364,0.0751953125,0.5515956282615662,0.6380153894424438,0.0,0.0014272271655499935,1.0,1.0,0.6328730583190918,0.12015175074338913,0.1794564574956894,0.5462034940719604,0.5464305281639099,0.6913066506385803,0.8794757723808289,0.5806888341903687,32.0,2.027836561203003,1.0,-0.00046181207289919257,0.2532537281513214,0.9277847409248352,0.8958443999290466,0.6803240180015564,0.1905592978000641,0.18029819428920746,9.859604324446991e-05,1.2485843399190344e-05,0.9305300712585449,0.9213894605636597,0.6995830535888672,0.20205360651016235,0.19728896021842957,0.9305202960968018,0.921364426612854,0.6997897028923035,0.20209135115146637,0.19719110429286957,74499,3.465090751647949,,,,,,,,,,,,,0.20672331750392914,0.06552083790302277,0.07585491240024567,0.428362637758255,0.22873878479003906,0.13118800520896912,0.0,0.14346849918365479,0.12439809739589691,0.47458991408348083,0.33112141489982605,0.20672331750392914
0.015869140625,0.2625916302204132,0.0,0.0,0.0,0.65625,0.18312472105026245,2.7179696559906006,0.0,0.7135004997253418,0.07170920819044113,0.75,9.005970001220703,0,-3.6045010089874268,0.5914433002471924,89.8232192993164,1.8165446519851685,0.9992401003837585,0.10000000149011612,0.49181246757507324,0.021344872191548347,0.030667640268802643,960.2954711914062,0.0,0.991865873336792,3600946.0,0.039781469851732254,0.21476469933986664,0.20223809778690338,93.0,8.592000007629395,11.076050758361816,2.000178813934326,0.0,6746.0,3600947.0,1057.0,0.00423472560942173,0.0,0.0,0.0,3556884.0,1277413.875,1362.772705078125,761.0,0.0,500.0,4296.0,3600946.0,-3.0483131408691406,-4.733834266662598,0.34192392230033875,0.014350704848766327,180.0,2049.0,2.151087760925293,0.4218519926071167,0.0,8.187226295471191,0.3688868582248688,,,-0.026239478960633278,3550700.0,-0.008681277744472027,8.590340257796925e-06,1.017187237739563,-0.0011520236730575562,5057.0,0.0,3600947.0,201.4967498779297,192.0,0.044692736119031906,28.30629539489746,0.2328108549118042,1.373032569885254,44.0,16383.0,0.06133074313402176,0.046782635152339935,0.20886045694351196,0.1831999272108078,0.061403509229421616,252.73890686035156,0.6146390438079834,0.8597530126571655,1.365222692489624,-0.016546113416552544,-0.48737332224845886,0.2821374535560608,0.0654296875,0.5763500928878784,0.7246275544166565,0.0,0.00167330342810601,1.0,1.0,0.772486686706543,0.11872490495443344,0.1829499453306198,0.5286009311676025,0.5542764663696289,0.7208201885223389,0.8821401596069336,0.5633618831634521,32.0,2.1914310455322266,1.0,-0.0008173940586857498,0.25326648354530334,0.9277674555778503,0.8958542943000793,0.6799090504646301,0.19080843031406403,0.18056824803352356,-0.0003093107952736318,-9.278266588808037e-06,0.9305291175842285,0.9213898181915283,0.699702799320221,0.20204167068004608,0.1972285360097885,0.9305049180984497,0.9213781952857971,0.6993061900138855,0.20236124098300934,0.19753162562847137,74999,3.726954936981201,,,,,,,,,,,,,0.2020415961742401,0.06393644213676453,0.07436290383338928,0.43541303277015686,0.22930549085140228,0.13008493185043335,0.0,0.14299559593200684,0.12427529692649841,0.46931248903274536,0.3263168931007385,0.2020415961742401
0.01092529296875,0.23422972857952118,0.0,0.0,0.0,0.59375,0.18514518439769745,2.5541021823883057,0.0,0.7175958156585693,0.07182580232620239,0.75,8.98294448852539,0,-3.604964017868042,0.5974534749984741,110.29175567626953,1.809691309928894,0.999253511428833,0.10000000149011612,0.4918379783630371,0.02134726196527481,0.030672302469611168,885.9347534179688,0.0,0.9914631247520447,3625018.0,0.03947167098522186,0.2133810967206955,0.2004547268152237,93.0,8.600000381469727,11.070732116699219,2.000178813934326,0.0,6759.0,3625019.0,1658.0,0.006511864252388477,0.0,0.0,0.0,3580956.0,1290624.625,1296.8477783203125,765.0,0.0,500.0,4300.0,3625018.0,-1.5012664794921875,-4.122556686401367,0.34193894267082214,0.013525317423045635,172.0,2048.0,2.0824944972991943,0.406913161277771,0.0,7.978139400482178,0.470594584941864,,,-0.025034679099917412,3574746.0,-0.008287247270345688,8.063965651672333e-05,1.0168380737304688,-0.0012841904535889626,5065.0,0.0,3625019.0,187.35971069335938,175.0,0.040697675198316574,26.378599166870117,0.232583686709404,1.4021819829940796,46.0,16384.0,0.06131412461400032,0.04679431393742561,0.2123335897922516,0.1858728528022766,0.061403509229421616,257.86016845703125,0.6143552660942078,0.8604336380958557,1.3641726970672607,-0.012101585976779461,-0.4899866282939911,0.2684375047683716,0.0634765625,0.5034883618354797,0.6774418354034424,0.0,0.001463063876144588,1.0,1.0,0.6936309337615967,0.11309728771448135,0.1823517382144928,0.4868077039718628,0.47571733593940735,0.6263974905014038,0.8749210834503174,0.5926080942153931,32.0,2.215357542037964,1.0,-0.0004637586243916303,0.2532232701778412,0.9277816414833069,0.8958483338356018,0.6798263192176819,0.19088196754455566,0.18061746656894684,4.446149250725284e-05,-3.106666190433316e-05,0.9305300712585449,0.9214000701904297,0.6994742155075073,0.20220635831356049,0.19740177690982819,0.9305217266082764,0.9213866591453552,0.6992345452308655,0.20244218409061432,0.1976025551557541,75499,3.7587594985961914,,,,,,,,,,,,,0.2025187909603119,0.06406782567501068,0.07388024777173996,0.44128793478012085,0.2326435148715973,0.13005220890045166,0.0,0.1446751058101654,0.1266956329345703,0.4738895297050476,0.3292144238948822,0.2025187909603119
0.01519775390625,0.24001580476760864,0.0,0.0,0.0,0.46875,0.18468837440013885,2.6447513103485107,0.0,0.7172402739524841,0.07203024625778198,0.7421875,8.964791297912598,0,-3.6053216457366943,0.5953017473220825,86.11048889160156,1.8139148950576782,0.9992511868476868,0.10000000149011612,0.4918519854545593,0.021349437534809113,0.030675118789076805,980.431396484375,0.0,0.9901936054229736,3649057.0,0.03943914547562599,0.2136608213186264,0.20392224192619324,93.0,8.616000175476074,11.060796737670898,2.000178813934326,0.0,6767.0,3649058.0,1977.0,0.007886823266744614,0.0,0.0,0.0,3604995.0,1304484.75,1380.6470947265625,765.0,0.0,500.0,4308.0,3649057.0,-3.6429710388183594,-4.838143348693848,0.3419380187988281,0.020151779055595398,184.0,2048.0,2.0723299980163574,0.41084131598472595,0.0,8.260834693908691,0.3427692651748657,,,-0.023913750424981117,3598774.0,-0.007924703881144524,0.00011720092152245343,1.0164110660552979,-0.0014574670931324363,5073.0,0.0,3649058.0,210.1361083984375,198.0,0.04596100375056267,27.86627960205078,0.23214556276798248,1.3450101613998413,51.0,16384.0,0.06132642552256584,0.04677910730242729,0.21008069813251495,0.18573130667209625,0.061403509229421616,242.9215545654297,0.613516628742218,0.8652793169021606,1.3653903007507324,-0.008411535061895847,-0.4939069151878357,0.27088409662246704,0.059326171875,0.5387650728225708,0.6843082904815674,0.0,0.0016971621662378311,1.0,1.0,0.6700222492218018,0.11946191638708115,0.1889827847480774,0.48337408900260925,0.511059045791626,0.6553001403808594,0.8626859188079834,0.5982589721679688,32.0,2.1226394176483154,1.0,-0.0004303207388147712,0.25323137640953064,0.9277632832527161,0.8958603739738464,0.6798701286315918,0.19085775315761566,0.1805122196674347,0.00010498756455490366,-1.7173675587400794e-05,0.9305270314216614,0.9214046001434326,0.6993703842163086,0.20233185589313507,0.1974789947271347,0.9305065274238586,0.9214093685150146,0.6993160843849182,0.20239537954330444,0.19746841490268707,75999,3.5085928440093994,,,,,,,,,,,,,0.20297539234161377,0.06425851583480835,0.07472558319568634,0.42934951186180115,0.22889618575572968,0.13090620934963226,0.0,0.14201518893241882,0.12407040596008301,0.4690609872341156,0.3270457983016968,0.20297539234161377
0.01220703125,0.23962455987930298,0.0,0.0,0.0,0.625,0.18311762809753418,2.71700382232666,0.0,0.7153499126434326,0.07231691479682922,0.74609375,8.957520484924316,0,-3.605595588684082,0.5875864028930664,137.41310119628906,1.811943531036377,0.9992557764053345,0.10000000149011612,0.49184393882751465,0.021350376307964325,0.03067716211080551,998.6491088867188,0.0,0.9929558634757996,3673110.0,0.03931405022740364,0.21303437650203705,0.20124875009059906,93.0,8.62600040435791,11.066664695739746,2.000178813934326,0.0,6775.0,3673111.0,718.0,0.002902689389884472,0.0,0.0,0.0,3629048.0,1317453.75,1395.9473876953125,766.0,0.0,500.0,4313.0,3673110.0,-2.590728759765625,-3.7118985652923584,0.3419272005558014,0.009787451475858688,179.0,2048.0,2.19378924369812,0.39190953969955444,0.0,8.39013385772705,0.35206910967826843,,,-0.023990362882614136,3622786.0,-0.007953552529215813,0.00017166552424896508,1.0166800022125244,-0.0006496862042695284,5079.0,0.0,3673111.0,209.77609252929688,199.0,0.04613957926630974,30.10857391357422,0.23196075856685638,1.3578298091888428,57.0,16384.0,0.061305850744247437,0.04677079990506172,0.20972490310668945,0.18536005914211273,0.061403509229421616,273.5464782714844,0.6136563420295715,0.8658018708229065,1.3640626668930054,-0.006317415274679661,-0.4942290484905243,0.2635926306247711,0.083984375,0.5237653851509094,0.7621145248413086,0.0,0.0014830308500677347,1.0,1.0,0.7408590316772461,0.12755446135997772,0.18729813396930695,0.4952559471130371,0.527603805065155,0.6631951332092285,0.895976185798645,0.5983538031578064,32.0,2.1725988388061523,1.0,-0.0004300536238588393,0.2532294690608978,0.9277952313423157,0.8959058523178101,0.6800822019577026,0.1906283050775528,0.18037739396095276,8.657080616103485e-05,8.118442565319128e-06,0.9305310249328613,0.9214198589324951,0.6993862986564636,0.202299565076828,0.19744773209095,0.930531919002533,0.9214344024658203,0.6995412111282349,0.20212146639823914,0.19727686047554016,76499,3.7419965267181396,,,,,,,,,,,,,0.202401801943779,0.06398250162601471,0.07342343032360077,0.4353575110435486,0.2317114770412445,0.13053569197654724,0.0,0.14571940898895264,0.12564899027347565,0.4737702012062073,0.32805079221725464,0.202401801943779
0.0257568359375,0.2678915858268738,0.0,0.0,0.0,0.53125,0.1844961941242218,2.6830501556396484,0.0,0.7123928666114807,0.0722191333770752,0.74609375,8.977899551391602,0,-3.6058340072631836,0.5993872880935669,76.46696472167969,1.8016504049301147,0.9992244839668274,0.10000000149011612,0.4918542802333832,0.02135157212615013,0.030679291114211082,945.9091186523438,0.0,0.9886319041252136,3697367.0,0.039601996541023254,0.21451245248317719,0.204645574092865,93.0,8.63800048828125,11.08135986328125,2.000178813934326,0.0,6781.0,3697368.0,3676.0,0.014265475794672966,0.0,0.0,0.0,3653305.0,1331722.25,1349.4317626953125,766.0,0.0,500.0,4319.0,3697367.0,-2.615131378173828,-4.177888870239258,0.34193843603134155,0.017856821417808533,176.0,2048.0,2.2882847785949707,0.44123750925064087,0.0,8.199045181274414,0.3235466778278351,,,-0.024532563984394073,3647043.0,-0.008133905939757824,0.0001162617263616994,1.0169951915740967,-0.0022445395588874817,5085.0,0.0,3697368.0,194.85736083984375,180.0,0.04167631268501282,28.637117385864258,0.23154160380363464,1.3791837692260742,44.0,16384.0,0.06132332608103752,0.046772949397563934,0.2120080292224884,0.1870032101869583,0.061403509229421616,255.90931701660156,0.6148118376731873,0.8639896512031555,1.3651525974273682,-0.012469145469367504,-0.49680957198143005,0.2809678018093109,0.06982421875,0.5575364828109741,0.7314193248748779,0.0,0.001543714082799852,1.0,1.0,0.7073266506195068,0.10680053383111954,0.17889836430549622,0.4820101857185364,0.5154475569725037,0.68727707862854,0.8736796975135803,0.589083731174469,32.0,2.1955926418304443,1.0,-0.0006751617765985429,0.2531674802303314,0.9277656674385071,0.8958013653755188,0.679485023021698,0.19117692112922668,0.18087778985500336,-0.00016405615315306932,-2.758977461780887e-05,0.9305294752120972,0.9214065670967102,0.6993143558502197,0.2023482620716095,0.19749440252780914,0.9305039644241333,0.921332061290741,0.6988973617553711,0.20271633565425873,0.19784384965896606,76999,3.4146714210510254,,,,,,,,,,,,,0.20122495293617249,0.06351419538259506,0.07285267114639282,0.42176157236099243,0.22346077859401703,0.1299288272857666,0.0,0.13935834169387817,0.1203947365283966,0.46097803115844727,0.3216196894645691,0.20122495293617249
0.0174560546875,0.26958224177360535,0.0,0.0,0.0,0.6875,0.18370415270328522,2.599555015563965,0.0,0.715985894203186,0.07178094238042831,0.74609375,8.968615531921387,0,-3.605957508087158,0.5999263525009155,175.9790496826172,1.8059821128845215,0.9992523193359375,0.10000000149011612,0.4918477237224579,0.02135278470814228,0.030680788680911064,891.0,0.0,0.9917502999305725,3721464.0,0.03969810530543327,0.21440854668617249,0.20661234855651855,93.0,8.66200065612793,11.129217147827148,2.000178813934326,0.0,6799.0,3721465.0,2272.0,0.008501671254634857,0.0,0.0,0.0,3677402.0,1342852.625,1299.2916259765625,766.0,0.0,500.0,4331.0,3721464.0,-1.6233291625976562,-2.943199872970581,0.3419322073459625,0.02152116224169731,172.0,2048.0,1.8094234466552734,0.37952566146850586,0.0,8.027997970581055,0.3076186776161194,,,-0.02368633635342121,3671140.0,-0.007843292318284512,0.0001560149248689413,1.0163459777832031,-0.0016084705712273717,5097.0,0.0,3721465.0,186.36033630371094,171.0,0.03948279842734337,25.449020385742188,0.2309187799692154,1.3884140253067017,48.0,16384.0,0.06132141873240471,0.046770766377449036,0.2100425809621811,0.18522991240024567,0.061403509229421616,300.39508056640625,0.6135755777359009,0.871600866317749,1.3636865615844727,-0.011475205421447754,-0.49501317739486694,0.2694960832595825,0.040771484375,0.5359039306640625,0.5250519514083862,0.0,0.0022664833813905716,1.0,1.0,0.6585068702697754,0.11072652786970139,0.18006643652915955,0.5794082880020142,0.5059706568717957,0.7159579396247864,0.7995184659957886,0.5329912900924683,32.0,2.1990113258361816,1.0,-0.0004349522932898253,0.2532162070274353,0.9277856349945068,0.8958178162574768,0.6798348426818848,0.19076375663280487,0.1804482787847519,0.00014551079948432744,-5.559693363466067e-06,0.930529773235321,0.9213917851448059,0.699237048625946,0.20240284502506256,0.19753523170948029,0.9305238723754883,0.9213647842407227,0.6993271708488464,0.20226767659187317,0.1973361372947693,77499,3.608931541442871,,,,,,,,,,,,,0.20010638236999512,0.06371483206748962,0.07330299913883209,0.43037253618240356,0.22890469431877136,0.1301548331975937,0.0,0.14224007725715637,0.1233966052532196,0.4657430648803711,0.3235029876232147,0.20010638236999512
0.0191650390625,0.26276063919067383,0.0,0.0,0.0,0.4375,0.1839287281036377,2.6263279914855957,0.0,0.7190368175506592,0.07290827482938766,0.7421875,8.9700288772583,0,-3.606076717376709,0.5871348977088928,113.076904296875,1.8070039749145508,0.999245822429657,0.10000000149011612,0.49182963371276855,0.021353410556912422,0.03068210929632187,876.0652465820312,0.0,0.9905480742454529,3745277.0,0.039858922362327576,0.21556590497493744,0.20459406077861786,93.0,8.678000450134277,11.141389846801758,2.000178813934326,0.0,6805.0,3745278.0,725.0,0.0027109498623758554,0.0,0.0,0.0,3701215.0,1357599.125,1287.2391357421875,767.0,0.0,500.0,4339.0,3745277.0,-1.6296920776367188,-3.0292716026306152,0.3419373035430908,0.007763597182929516,172.0,2049.0,2.0894289016723633,0.3937126398086548,0.0,7.660699844360352,0.24574008584022522,,,-0.024712344631552696,3694953.0,-0.00818322878330946,0.0001726671471260488,1.0168665647506714,-0.0032433606684207916,5106.0,0.0,3745278.0,185.2843017578125,169.0,0.038949064910411835,25.1938533782959,0.23055246472358704,1.3928018808364868,46.0,16384.0,0.061333153396844864,0.046771544963121414,0.21126578748226166,0.18793614208698273,0.061403509229421616,259.8993835449219,0.6142873167991638,0.8672400712966919,1.3640692234039307,-0.00741280522197485,-0.4966816008090973,0.2785564064979553,0.0634765625,0.4832910895347595,0.6950910091400146,0.0,0.0017098167445510626,1.0,1.0,0.7274999618530273,0.11055641621351242,0.17834796011447906,0.47392529249191284,0.4919060170650482,0.5748938322067261,0.8547941446304321,0.5977839231491089,32.0,2.103510618209839,1.0,-0.0005798914935439825,0.2532142698764801,0.927790105342865,0.8958494067192078,0.6798646450042725,0.19075138866901398,0.18046866357326508,-0.00010268927144352347,7.575559720862657e-06,0.9305301904678345,0.9214011430740356,0.6992807984352112,0.20234708487987518,0.19746337831020355,0.9305251836776733,0.9213822484016418,0.6992414593696594,0.20228488743305206,0.19742664694786072,77999,3.5587120056152344,,,,,,,,,,,,,0.20279666781425476,0.06432527303695679,0.07367376238107681,0.432425856590271,0.22874465584754944,0.13086217641830444,0.0,0.14128607511520386,0.12404879927635193,0.46813154220581055,0.3268454670906067,0.20279666781425476
0.018798828125,0.23570692539215088,0.0,0.0,0.0,0.53125,0.18400613963603973,2.668797254562378,0.0,0.7131542563438416,0.07184804975986481,0.74609375,8.986709594726562,0,-3.606140613555908,0.5917820930480957,121.71235656738281,1.824535608291626,0.999251663684845,0.10000000149011612,0.4918336272239685,0.0213535875082016,0.03068229742348194,899.9149169921875,0.0,0.991163432598114,3769409.0,0.03983605280518532,0.21573270857334137,0.20604448020458221,93.0,8.688000679016113,11.153270721435547,2.000178813934326,0.0,6814.0,3769410.0,474.0,0.0017597165424376726,0.0,0.0,0.0,3725347.0,1371655.75,1307.3616943359375,771.0,0.0,500.0,4344.0,3769409.0,-1.62200927734375,-4.207916259765625,0.3419366180896759,0.010577107779681683,167.0,2048.0,2.0847198963165283,0.3996085524559021,0.0,7.73945951461792,0.2226736843585968,,,-0.023889727890491486,3719090.0,-0.007919264025986195,9.925977792590857e-05,1.0160772800445557,-0.0022099879570305347,5115.0,0.0,3769410.0,177.42514038085938,162.0,0.03729281947016716,28.960351943969727,0.2303042858839035,1.424989104270935,47.0,16384.0,0.061334479600191116,0.046774722635746,0.20942014455795288,0.18510106205940247,0.061403509229421616,251.51429748535156,0.6146221160888672,0.858112096786499,1.3646070957183838,-0.007679259870201349,-0.4919312298297882,0.27892640233039856,0.06591796875,0.5476519465446472,0.6277624368667603,0.0,0.002144548110663891,1.0,1.0,0.7729594707489014,0.09155482053756714,0.1681845337152481,0.5417535305023193,0.5173249244689941,0.6694319248199463,0.8413209915161133,0.5673454999923706,32.0,2.1578195095062256,1.0,-0.0005867252475582063,0.25322145223617554,0.9277849793434143,0.8958703875541687,0.6796562671661377,0.19092993438243866,0.180599644780159,-2.5768578780116513e-05,-1.3469662917486858e-05,0.9305301904678345,0.9214023947715759,0.6992532014846802,0.2023451030254364,0.19746330380439758,0.9305187463760376,0.9213951826095581,0.6991025805473328,0.2024586796760559,0.19753144681453705,78499,3.775202751159668,,,,,,,,,,,,,0.20278549194335938,0.06426160037517548,0.07455439865589142,0.44018906354904175,0.23463091254234314,0.13114525377750397,0.0,0.14727625250816345,0.1281363070011139,0.4781980514526367,0.33092179894447327,0.20278549194335938
0.017578125,0.25494384765625,0.0,0.0,0.0,0.625,0.184686541557312,2.5715601444244385,0.0,0.7113085985183716,0.07224807143211365,0.7421875,8.97786808013916,0,-3.606140613555908,0.588103711605072,104.66079711914062,1.812674641609192,0.9992520213127136,0.10000000149011612,0.4918479919433594,0.021353652700781822,0.03068239986896515,942.0188598632812,0.0,0.9924153685569763,3793303.0,0.03995799645781517,0.21595127880573273,0.2127487063407898,93.0,8.692000389099121,11.182271957397461,2.000178813934326,0.0,6831.0,3793304.0,5425.0,0.020580600947141647,0.0,0.0,0.0,3749241.0,1387120.125,1341.717041015625,775.0,0.0,500.0,4346.0,3793303.0,-2.3627967834472656,-3.5139377117156982,0.3419368267059326,0.013060289435088634,168.0,2048.0,2.005919933319092,0.40132421255111694,0.0,7.875199317932129,0.2067422866821289,,,-0.023592812940478325,3742988.0,-0.007825097069144249,0.00014897242363076657,1.0153340101242065,-0.0014587464975193143,5121.0,0.0,3793304.0,185.87754821777344,171.0,0.03934652730822563,23.398452758789062,0.23010039329528809,1.3831557035446167,53.0,16384.0,0.06134818121790886,0.046775173395872116,0.2108256071805954,0.18747659027576447,0.061403509229421616,247.80686950683594,0.6141488552093506,0.8622311949729919,1.3646984100341797,-0.005177146755158901,-0.4931113123893738,0.27632448077201843,0.0556640625,0.5213989615440369,0.6012425422668457,0.0,0.0020940317772328854,1.0,1.0,0.8269743919372559,0.0992608442902565,0.18597225844860077,0.5000901818275452,0.46484100818634033,0.6821142435073853,0.8587662577629089,0.5639164447784424,32.0,2.139211893081665,1.0,-0.0005100326961837709,0.2531912624835968,0.927798867225647,0.8958401083946228,0.6799768209457397,0.19089463353157043,0.18050354719161987,3.864497193717398e-05,1.3980558833281975e-05,0.9305304884910583,0.9214041233062744,0.6992572546005249,0.2023817002773285,0.19744732975959778,0.9305335283279419,0.9213617444038391,0.6994194388389587,0.20240278542041779,0.19739475846290588,78999,3.6684975624084473,,,,,,,,,,,,,0.2036515772342682,0.06446117907762527,0.0746888667345047,0.4371851682662964,0.23232890665531158,0.1308964192867279,0.0,0.1437084674835205,0.1263052523136139,0.4736652970314026,0.3299568295478821,0.2036515772342682
0.0224609375,0.281822144985199,0.0,0.0,0.0,0.625,0.18337015807628632,2.6397972106933594,0.0,0.7158442735671997,0.07243016362190247,0.7421875,8.989910125732422,0,-3.606140613555908,0.5894564986228943,70.54460144042969,1.8024091720581055,0.999213695526123,0.10000000149011612,0.4918387532234192,0.021353723481297493,0.030682479962706566,959.4666748046875,0.0,0.9911887049674988,3817368.0,0.03995371609926224,0.21624581515789032,0.2133817821741104,93.0,8.706000328063965,11.178796768188477,2.000178813934326,0.0,6841.0,3817369.0,2546.0,0.010369732044637203,0.0,0.0,0.0,3773306.0,1400984.375,1357.155517578125,778.0,0.0,500.0,4353.0,3817368.0,-3.827930450439453,-4.717105865478516,0.34193670749664307,0.029729610309004784,174.0,2048.0,2.193063974380493,0.4608341157436371,0.0,7.763238430023193,0.29045021533966064,,,-0.023393014445900917,3767026.0,-0.0077555677853524685,0.0001192608178826049,1.014676809310913,-0.0025017063599079847,5131.0,0.0,3817369.0,189.18536376953125,178.0,0.040891338139772415,24.51024627685547,0.22974735498428345,1.378977656364441,45.0,16384.0,0.061345018446445465,0.046775393187999725,0.20958968997001648,0.18549424409866333,0.061403509229421616,265.3598327636719,0.6144190430641174,0.8678380250930786,1.3643560409545898,-0.015688471496105194,-0.49772322177886963,0.2828652560710907,0.052001953125,0.5403169989585876,0.7116931080818176,0.0,0.0018171921838074923,1.0,1.0,0.7107200622558594,0.09674768149852753,0.1825193166732788,0.48315343260765076,0.5241556167602539,0.6592859029769897,0.8949325084686279,0.5689978003501892,32.0,2.1624913215637207,1.0,-0.0005762334913015366,0.2532351016998291,0.9277814030647278,0.8958140015602112,0.6801576614379883,0.19072256982326508,0.18039819598197937,-4.354089833213948e-05,2.5347946575493552e-05,0.9305329918861389,0.9214012622833252,0.6994345188140869,0.20231665670871735,0.19737987220287323,0.9305199384689331,0.9213513731956482,0.6996161341667175,0.20221327245235443,0.19727472960948944,79499,3.3813929557800293,,,,,,,,,,,,,0.20262645184993744,0.06437705457210541,0.0745570957660675,0.4170741140842438,0.22120550274848938,0.13014894723892212,0.0,0.13765612244606018,0.11817295849323273,0.45845553278923035,0.32079941034317017,0.20262645184993744
0.0126953125,0.2284577637910843,0.0,0.0,0.0,0.375,0.1859038919210434,2.640742301940918,0.0,0.7182578444480896,0.07173885405063629,0.7421875,8.975390434265137,0,-3.606140613555908,0.5959330797195435,69.83191680908203,1.8195836544036865,0.9992299675941467,0.10000000149011612,0.49183759093284607,0.021353740245103836,0.030682485550642014,833.9583129882812,0.0,0.9911673665046692,3841321.0,0.039664335548877716,0.2143208086490631,0.20016007125377655,93.0,8.718000411987305,11.191648483276367,2.000178813934326,0.0,6850.0,3841322.0,700.0,0.0027646238449960947,0.0,0.0,0.0,3797259.0,1416187.875,1250.5833740234375,778.0,0.0,500.0,4359.0,3841321.0,-2.582897186279297,-3.8417582511901855,0.34193670749664307,0.012477083131670952,158.0,2048.0,2.2584643363952637,0.4281841218471527,0.0,7.543927192687988,0.26420608162879944,,,-0.024072133004665375,3790979.0,-0.007982851006090641,7.743825699435547e-05,1.0142943859100342,-0.0024841707199811935,5137.0,0.0,3841322.0,161.2440643310547,154.0,0.03532920405268669,35.54458236694336,0.22948811948299408,1.5325405597686768,48.0,16384.0,0.06135940924286842,0.04677540063858032,0.212200328707695,0.18631258606910706,0.061403509229421616,260.077880859375,0.614096999168396,0.862991213798523,1.364290475845337,-0.01613563485443592,-0.49235251545906067,0.27777299284935,0.064453125,0.5528790950775146,0.7348015308380127,0.0,0.0017759790644049644,1.0,1.0,0.78944993019104,0.11061938852071762,0.18322129547595978,0.4866108000278473,0.4787542223930359,0.6162912845611572,0.855296790599823,0.5795820951461792,32.0,2.1902401447296143,1.0,-0.00049867935013026,0.25322994589805603,0.9277661442756653,0.8958494663238525,0.6799641847610474,0.1907368153333664,0.18042439222335815,2.1225632735877298e-05,-3.70487373402284e-06,0.9305285811424255,0.9213957190513611,0.6994012594223022,0.20231258869171143,0.1973777562379837,0.9305064082145691,0.9213874936103821,0.6993877291679382,0.20227381587028503,0.19735385477542877,79999,3.5928876399993896,,,,,,,,,,,,,0.20005255937576294,0.0635434240102768,0.07362779974937439,0.43747830390930176,0.2322128415107727,0.13014018535614014,0.0,0.14454784989356995,0.1253635585308075,0.4699639678001404,0.32541611790657043,0.20005255937576294
,,,,,,,,,,,,,0,,,,,,,,,,,,,,,,,,,,,,,,,,,,,,,,,,,,,,,,,,,,,,,,0.004038835410028696,0.1646110713481903,,,,,,,,,,,,,,,,,,,,,,,,,,,,,,,,,,,,,,,,,,,,,,,,,,,,,,,,,,,,,,,,,,,79999,,0.8372513651847839,107.04206848144531,124.35012817382812,17.308059692382812,20.579952239990234,127.62201690673828,104.43582153320312,124.4562759399414,124.91148376464844,24.268095016479492,150.84152221679688,126.57343292236328,,,,,,,,,,,,
