aux/diversity_loss,aux/emotion_surprise_corr,carry/age_max,carry/age_mean,carry/broken_total,carry/data_frac,carry/delta_state_rms,carry/esn_state_rms,carry/frac,carry/nuc_state_rms,colony/diversity,emotion/abs_mean,emotion/tau_effective,epoch,esn/alpha,esn/decay_mean,esn/horizon_mean,esn/rel_norm,esn/slot_entropy_norm,esn/tau,global/slow_mean,layer_sens/abs_mean,layer_sens/diversity,mem/c_sub_mean,mem/cat_decisions_dropped_reassigned,mem/cat_emotion_std,mem/cat_join_hist_count,mem/cat_load_bias_mean,mem/cat_load_bias_spread,mem/cat_member_shadow_mean,mem/cat_size_max,mem/cat_size_mean,mem/cat_size_std,mem/cat_top_shadow,mem/cat_transform_events,mem/cat_transform_events_total,mem/commit_count,mem/docs_since_spawn,mem/drought_boost_mean,mem/emo_mag_nonfinite,mem/empty_categories,mem/empty_categories_frac,mem/idle_max,mem/idle_mean,mem/k_nov_mean,mem/merge_events_total,mem/merge_nn_sim_nonfinite,mem/n_categories,mem/n_slots,mem/novelty_history_count,mem/novelty_margin_max,mem/novelty_margin_mean,mem/null_bias,mem/null_mass,mem/occupied_slots_u_gt_thresh,mem/pending_decisions,mem/read_entropy,mem/read_entropy_norm,mem/sim_std_nonfinite,mem/sim_std_run_mean,mem/sim_std_run_std,mem/slot_cos_mean_direction_removed,mem/slot_cos_mean_raw,mem/spawn_bias_bias,mem/spawn_bias_n_updates,mem/spawn_bias_w_effort,mem/spawn_bias_w_emo,mem/spawn_bias_w_margin,mem/spawn_bias_w_std,mem/spawn_events_total,mem/spawn_rate,mem/total_docs_seen,mem/u_eff_slots,mem/u_mass_slots_p90,mem/u_mass_slots_p90_frac,mem/usage_max,mem/usage_mean,mem/usage_std,mem/write_events,mem/write_tokens,meta/gate_magnitude,meta/retention_mod_weight,nucleus/gate_delta_frac,nucleus/gate_nuc_frac,nucleus/half_life_collapse_frac,nucleus/half_life_mean,nucleus/wm_a_shift_rms_tracker_mean,nucleus/wm_a_shift_std_mean,retention/gate_delta_mag,retention/meta_directional_corr_within_block,retention/meta_gate_corr_across_blocks,router/cand_frac_doc_incumbent,router/cand_frac_doc_router,router/cand_frac_incumbent,router/cand_frac_router,router/degenerate_skips_total,router/grad_norm,router/in_control_next,router/isolation_verified,router/kl,router/lift_ema_incumbent,router/lift_ema_router,router/recall_doc_incumbent,router/recall_doc_router,router/recall_union_incumbent,router/recall_union_router,router/teacher_entropy_norm,router/temp,router/total_grad_norm,router/used_router,sig/col_dcryst_mean,sig/col_diversity,sig/col_phi1_mean,sig/col_phi2_mean,sig/col_phi3_mean,sig/col_phi4_mean,sig/col_phi5_mean,sig/delta_cryst,sig/glob_dcryst_slow,sig/glob_phi1_slow,sig/glob_phi2_slow,sig/glob_phi3_slow,sig/glob_phi4_slow,sig/glob_phi5_slow,sig/phi1_entropy,sig/phi2_norm,sig/phi3_alpha_mean,sig/phi4_beta_std,sig/phi5_beta_mean,step,train_loss,val_carry_window_frac,val_ppl_carry,val_ppl_carry_fresh,val_ppl_carry_gain,val_ppl_carry_mem_delta,val_ppl_carry_no_mem,val_ppl_cw_carry,val_ppl_cw_carry_no_mem,val_ppl_cw_fresh,val_ppl_mem_delta,val_ppl_no_mem,val_ppl_wikitext103,voice/gate_mean,voice/gate_std_channel,voice/gate_std_position,voice/round_delta_0,voice/round_delta_1,voice/round_delta_2,voice/round_gate_change_0,voice/round_gate_change_1,voice/round_gate_change_2,voice/round_gate_mean_0,voice/round_gate_mean_1,voice/round_gate_mean_2
1.0,0.234458789229393,0.0,0.0,0.0,0.59375,0.119575634598732,9.33801555633545,0.0,0.39360758662223816,0.006674407981336117,0.07958984375,1.0920277833938599,0,-0.0031511636916548014,0.9653381705284119,34.352108001708984,0.0031484004575759172,0.9951475262641907,0.996952474117279,0.20639054477214813,0.0010337878484278917,0.0009659627685323358,1.0,0.0,0.0,23797.0,0.0,0.0,999.9823608398438,1.0,1.0,0.0,999.9823608398438,0.0,0.0,23798.0,23797.0,0.0,0.0,0.0,0.0,0.0,0.0,1.0,0.0,0.0,1.0,1.0,23797.0,0.0,0.0,-0.0026213477831333876,0.4306032061576843,1.0,0.0,0.0,0.0,0.0,0.0,1.0,,,0.0,0.0,0.0,0.0,1.0,0.0,1.0,0.0,23798.0,1.0,1.0,1.0,999.9823608398438,999.9823608398438,0.0,48.0,16384.0,0.00048370828153565526,0.000781223876401782,0.505533754825592,0.5075569152832031,0.0,113.29119873046875,0.05868366360664368,1.0117311477661133,0.010511361062526703,-0.006127762608230114,-0.6659330725669861,,,,,0.0,0.0,,,,,,,,,,,,2.4242513179779053,,0.004993146285414696,0.2945631742477417,0.9546748399734497,0.9974872469902039,0.9245807528495789,0.006536717060953379,0.25630268454551697,0.004914998076856136,0.0016666804440319538,0.2032446712255478,0.2124234139919281,0.19678226113319397,0.000921502651181072,0.05575482174754143,0.9554458260536194,0.998449981212616,0.9252164363861084,0.007362077943980694,0.25608178973197937,499,8.344613075256348,,,,,,,,,,,,,0.15716378390789032,0.014067730866372585,0.007609697058796883,0.8561947345733643,0.07224851846694946,0.06533195078372955,0.0,0.0001350194215774536,0.0006637424230575562,0.1563650220632553,0.15650004148483276,0.15716378390789032
0.91796875,0.32468175888061523,0.0,0.0,0.0,0.625,0.12197718769311905,3.1074252128601074,0.0,0.34001126885414124,0.012870660051703453,0.1767578125,2.306300401687622,0,-0.01217784732580185,0.888516902923584,12.230976104736328,0.012207253836095333,0.9858492612838745,0.987588107585907,0.3294162452220917,0.0013365186750888824,0.0014416637131944299,46.0,0.0,0.12147513031959534,48039.0,0.018933704122900963,0.09999361634254456,7.54903507232666,64.0,3.267857313156128,8.820412635803223,18.28122901916504,0.0,113.0,48040.0,258.0,0.0011648309882730246,0.0,0.0,0.0,15409.650390625,5851.6611328125,76.0,1.0,0.0,56.0,183.0,48039.0,-1.3869895935058594,-3.178802490234375,-0.004707563668489456,9.32309234258355e-08,12.0,2048.0,0.5195337533950806,0.11528142541646957,0.0,2.9362435340881348,0.20404094457626343,,,-0.4373618960380554,13877.0,-0.06981468200683594,-0.41943055391311646,1.3930572271347046,-0.012333973310887814,184.0,0.0,48040.0,2.414853811264038,2.0,0.01092896144837141,753.5943603515625,5.484369277954102,57.272193908691406,51.0,16384.0,0.0009672720334492624,0.00404101237654686,0.5095441341400146,0.5047191381454468,0.010869565419852734,104.32994842529297,0.13369321823120117,1.0692219734191895,0.05937619134783745,0.03634950891137123,-0.555210292339325,0.6337090134620667,0.49609375,0.6830601096153259,0.5027322173118591,0.0,0.00324944406747818,1.0,1.0,1.5843908786773682,0.36904945969581604,0.5194553136825562,0.9999972581863403,0.9999963641166687,0.9999973177909851,0.9999964833259583,0.20193690061569214,8.061553001403809,0.9531339406967163,1.0,-0.008502057753503323,0.29518526792526245,0.9562180638313293,0.9981478452682495,0.8985560536384583,0.03164782375097275,0.23694539070129395,-0.00851879920810461,-0.0003450601943768561,0.49953821301460266,0.5218618512153625,0.47926369309425354,0.008932512253522873,0.1296255886554718,0.9563155174255371,0.9986846446990967,0.8972718119621277,0.03394792228937149,0.23746268451213837,999,6.799684047698975,,,,,,,,,,,,,0.15375947952270508,0.017983773723244667,0.013513716869056225,0.7676475644111633,0.12845703959465027,0.12633779644966125,0.0,0.0012291669845581055,0.004579991102218628,0.14795032143592834,0.14917948842048645,0.15375947952270508
0.494140625,0.395075261592865,0.0,0.0,0.0,0.5,0.11661694198846817,0.6309731006622314,0.0,0.3288801610469818,0.016532212495803833,0.21484375,3.4052746295928955,0,-0.02668394334614277,0.5274015665054321,2.7282822132110596,0.026863127946853638,0.9616298079490662,0.9729077219963074,0.4010953903198242,0.001669153105467558,0.00194831273984164,40.022727966308594,0.0,0.19001364707946777,72105.0,0.04599332809448242,0.22090213000774384,6.058427333831787,110.0,4.112903118133545,14.336819648742676,16.12969970703125,0.0,219.0,72106.0,176.0,0.0010346092749387026,0.0,9.0,0.14516128599643707,39475.6484375,20489.994140625,78.0,6.0,0.0,62.0,255.0,72105.0,-2.113851547241211,-3.741485834121704,-0.008370260708034039,6.357571692205966e-05,13.0,2048.0,0.5670346617698669,0.11410117149353027,0.0,4.3795061111450195,0.25564298033714294,,,-0.44600728154182434,37920.0,-0.0672709047794342,-0.3683333992958069,1.4033030271530151,0.06287816166877747,261.0,0.0,72106.0,3.5683555603027344,3.0,0.0117647061124444,555.2946166992188,3.92954421043396,39.082305908203125,44.0,16384.0,0.0014208403881639242,0.013117197901010513,0.5031973719596863,0.5047693252563477,0.010869565419852734,104.54749298095703,0.2305721938610077,1.0259103775024414,0.16220012307167053,0.040195029228925705,-0.37321099638938904,0.3707107901573181,0.56640625,0.8039215803146362,0.5960784554481506,0.0,0.002658531768247485,1.0,1.0,1.1995866298675537,0.203989177942276,0.4071429967880249,0.9106838703155518,0.9985241293907166,0.9996973276138306,0.9987980127334595,0.22593209147453308,8.200630187988281,1.1422739028930664,1.0,-0.010525413788855076,0.2910066545009613,0.9564661383628845,0.99742192029953,0.845897376537323,0.05228983610868454,0.22149768471717834,-0.009337765164673328,-0.004001471679657698,0.6793826222419739,0.7095656394958496,0.63321852684021,0.023112870752811432,0.16951929032802582,0.9564791321754456,0.998610258102417,0.8483870029449463,0.05274845287203789,0.22402672469615936,1499,6.23546028137207,,,,,,,,,,,,,0.14197826385498047,0.020318321883678436,0.018101904541254044,0.7363221049308777,0.11366687715053558,0.11998994648456573,0.0,0.001269698143005371,0.0045130252838134766,0.13619554042816162,0.137465238571167,0.14197826385498047
0.412109375,0.39466020464897156,0.0,0.0,0.0,0.53125,0.11300668865442276,0.47481516003608704,0.0,0.3362869918346405,0.023404158651828766,0.2109375,3.407343864440918,0,-0.046422455459833145,0.38641679286956787,2.5611460208892822,0.04669138789176941,0.9513089656829834,0.9552199840545654,0.44182324409484863,0.002263291971758008,0.0027212747372686863,14.956521987915039,0.0,0.23989470303058624,96267.0,0.046034153550863266,0.2107848972082138,8.676811218261719,108.0,4.126760482788086,14.22566032409668,14.085474014282227,0.0,311.0,96268.0,806.0,0.005713284481316805,0.0,21.0,0.2957746386528015,59395.6953125,33308.6328125,57.84782791137695,25.0,0.0,71.0,293.0,96267.0,-1.0905952453613281,-3.5034406185150146,-0.013835026882588863,0.0013694129884243011,20.0,2048.0,0.6153385639190674,0.1497005671262741,0.0,5.710467338562012,0.506360650062561,,,-0.4041745662689209,62081.0,-0.057882774621248245,-0.21563881635665894,1.4197428226470947,0.040077149868011475,318.0,0.0,96268.0,8.583520889282227,9.0,0.030716722831130028,351.92108154296875,3.415584087371826,24.813371658325195,46.0,16384.0,0.0024478340055793524,0.023103857412934303,0.4982832372188568,0.5011606216430664,0.010869565419852734,104.20965576171875,0.327203631401062,0.9608249664306641,0.2878497838973999,0.09991300851106644,-0.335710734128952,0.42747440934181213,0.35546875,0.9317406415939331,0.788395881652832,0.0,0.002172016305848956,1.0,1.0,1.2455344200134277,0.06769726425409317,0.13944698870182037,0.8856406211853027,0.790699303150177,0.9979156255722046,0.9486570358276367,0.345223069190979,8.375279426574707,1.0212141275405884,1.0,-0.008176661096513271,0.28938028216362,0.9564126133918762,0.9958149194717407,0.8036054968833923,0.06389591842889786,0.2007751613855362,-0.007128856144845486,-0.005635937210172415,0.788445770740509,0.8231908082962036,0.7092407941818237,0.03750878572463989,0.18747910857200623,0.9563947916030884,0.9977177977561951,0.8093616366386414,0.06458597630262375,0.20799985527992249,1999,6.019252777099609,,,,,,,,,,,,,0.13536038994789124,0.024401284754276276,0.022365199401974678,0.721095621585846,0.08997894823551178,0.09507359564304352,0.0,0.0008863508701324463,0.0030330419540405273,0.13144099712371826,0.1323273479938507,0.13536038994789124
0.234375,0.39769041538238525,0.0,0.0,0.0,0.6875,0.11391522735357285,0.47012630105018616,0.0,0.34810012578964233,0.029999416321516037,0.2001953125,3.2701919078826904,0,-0.07218199968338013,0.38180622458457947,3.9903812408447266,0.07230562716722488,0.9478955268859863,0.9335544109344482,0.4643593728542328,0.0030656291637569666,0.003711898811161518,6.139534950256348,0.0,0.28277817368507385,120364.0,0.049593258649110794,0.20618051290512085,9.303848266601562,52.0,4.929577350616455,8.965527534484863,14.085474014282227,0.0,622.0,120365.0,431.0,0.0038821622729301453,0.0,10.0,0.14084507524967194,81647.71875,31282.931640625,63.953487396240234,36.0,0.0,71.0,350.0,120364.0,-1.510406494140625,-3.974492311477661,-0.016833830624818802,0.002470653271302581,18.0,2049.0,1.1893976926803589,0.2610585391521454,0.0,4.64703369140625,0.5214911699295044,,,-0.3017432391643524,84995.0,-0.0419125072658062,-0.10731588304042816,1.3097840547561646,-0.0090296920388937,386.0,0.0,120365.0,7.236118793487549,6.0,0.017142856493592262,282.5690002441406,2.8595213890075684,22.621665954589844,43.0,16384.0,0.0036110524088144302,0.02994493767619133,0.49178948998451233,0.4971373677253723,0.010869565419852734,105.0263671875,0.41842925548553467,0.9356999397277832,0.42237555980682373,0.03229938820004463,-0.34335172176361084,0.21375000476837158,0.306640625,0.7514285445213318,0.7857142686843872,0.0,0.0011367254192009568,1.0,1.0,1.2766461372375488,0.11183663457632065,0.17374521493911743,0.5020953416824341,0.7730787992477417,0.7351177334785461,0.961491584777832,0.37425556778907776,8.588068008422852,1.2051132917404175,1.0,-0.005770035088062286,0.2900656461715698,0.9560387134552002,0.9911901354789734,0.7741926908493042,0.06978794932365417,0.18365754187107086,-0.004706165753304958,-0.0057025789283216,0.8544994592666626,0.8913144469261169,0.7425149083137512,0.049809642136096954,0.19274969398975372,0.9560721516609192,0.9943325519561768,0.7822766304016113,0.07237083464860916,0.19523707032203674,2499,5.71099853515625,,,,,,,,,,,,,0.1327027529478073,0.02961309812963009,0.02751491591334343,0.715718150138855,0.07617460191249847,0.07893362641334534,0.0,0.0006081163883209229,0.0020415037870407104,0.13005313277244568,0.1306612491607666,0.1327027529478073
0.11083984375,0.39837878942489624,0.0,0.0,0.0,0.53125,0.11549865454435349,0.5412802696228027,0.0,0.3713231086730957,0.03459397703409195,0.1923828125,3.0751023292541504,0,-0.10389132797718048,0.391355037689209,7.199868202209473,0.10337982326745987,0.9476354122161865,0.908089280128479,0.47633323073387146,0.003758591366931796,0.004704868886619806,4.510204315185547,2.0,0.3010867238044739,144228.0,0.06449361145496368,0.28798797726631165,7.584606647491455,46.0,5.394366264343262,9.176800727844238,14.085474014282227,0.0,1161.0,144229.0,235.0,0.0012398866238072515,0.0,1.0,0.014084506779909134,104168.046875,28707.64453125,72.34693908691406,50.0,0.0,71.0,383.0,144228.0,-0.674652099609375,-2.0897574424743652,-0.01705888845026493,0.003063557203859091,30.0,2048.0,1.1389555931091309,0.24359345436096191,0.0,5.123589038848877,0.4276709258556366,,,-0.2416394203901291,107103.0,-0.03278448432683945,-0.06350424140691757,1.2561873197555542,0.006720531266182661,433.0,0.0,144229.0,12.806018829345703,11.0,0.02872062660753727,236.8821258544922,2.616576910018921,18.364198684692383,49.0,16384.0,0.005230291746556759,0.032747361809015274,0.48374199867248535,0.48913976550102234,0.016304347664117813,112.60558319091797,0.5181871056556702,0.9402254819869995,0.5445441007614136,0.025383802130818367,-0.34962984919548035,0.29699739813804626,0.30078125,0.997389018535614,0.9138381481170654,0.0,0.0010404662461951375,1.0,1.0,1.3309979438781738,0.01736431010067463,0.09199897944927216,0.7645853757858276,0.782376766204834,0.9999682903289795,0.9942067861557007,0.34417492151260376,8.857720375061035,1.058380365371704,1.0,-0.004529180936515331,0.29004988074302673,0.9553247690200806,0.9831658005714417,0.7531243562698364,0.0775088369846344,0.17071732878684998,-0.0036303242668509483,-0.005059939809143543,0.8943635821342468,0.930556058883667,0.7538797855377197,0.06062944978475571,0.1915614753961563,0.9554592370986938,0.9880393147468567,0.7627955675125122,0.08168593049049377,0.18522970378398895,2999,5.52193546295166,,,,,,,,,,,,,0.13171547651290894,0.036171041429042816,0.03378680348396301,0.7144098281860352,0.06461998075246811,0.06559133529663086,0.0,0.0003424733877182007,0.0011389851570129395,0.1302340179681778,0.130576491355896,0.13171547651290894
0.1015625,0.363139808177948,0.0,0.0,0.0,0.5,0.11865060776472092,0.5014441609382629,0.0,0.38729149103164673,0.03900008276104927,0.1796875,2.8980178833007812,0,-0.14172518253326416,0.38053613901138306,9.14289379119873,0.1399276852607727,0.9470979571342468,0.8767251968383789,0.4824358820915222,0.004289454314857721,0.005586454179137945,49.55555725097656,12.0,0.22856786847114563,168271.0,0.06214185431599617,0.2600773274898529,3.978395462036133,39.0,5.191489219665527,7.039484024047852,10.895524024963379,2.0,1687.0,168272.0,327.0,0.0016295526875182986,0.0,0.0,0.0,123543.625,29000.537109375,132.77777099609375,53.0,0.0,94.0,488.0,168271.0,-0.6879310607910156,-2.950984239578247,-0.013418858870863914,0.0021858562249690294,59.0,2051.0,1.041902780532837,0.21448610723018646,0.0,5.889591693878174,0.44091516733169556,,,-0.18582378327846527,128718.0,-0.025002814829349518,-0.03459078446030617,1.1819614171981812,0.021544234827160835,541.0,0.0,168272.0,29.4656925201416,28.0,0.05737704783678055,181.77842712402344,2.0605576038360596,11.185704231262207,45.0,16384.0,0.0074067506939172745,0.03391432389616966,0.4782327711582184,0.4800236225128174,0.016304347664117813,116.71173858642578,0.6170362830162048,0.9360543489456177,0.6632870435714722,0.019538749009370804,-0.36272984743118286,0.3061603605747223,0.384765625,1.0,0.993852436542511,0.0,0.000826976029202342,1.0,1.0,1.9023618698120117,0.00019718885596375912,0.00787533912807703,0.6278496980667114,0.7558774352073669,1.0,0.9998021125793457,0.39438948035240173,9.190569877624512,0.9592235684394836,1.0,-0.0036423560231924057,0.28931981325149536,0.9543764591217041,0.9753040075302124,0.7366253733634949,0.0875808596611023,0.16086946427822113,-0.002868276322260499,-0.004297284875065088,0.9182494282722473,0.9518067836761475,0.7541266679763794,0.07136877626180649,0.18729127943515778,0.9546412825584412,0.981569766998291,0.7478038668632507,0.09333955496549606,0.17725351452827454,3499,5.309506416320801,,,,,,,,,,,,,0.134309783577919,0.04347190260887146,0.04072300344705582,0.7123945355415344,0.06340478360652924,0.06369112432003021,0.0,0.0002544969320297241,0.0008290708065032959,0.133226215839386,0.1334807127714157,0.134309783577919
0.052978515625,0.3618030548095703,0.0,0.0,0.0,0.59375,0.12204983830451965,0.5927115678787231,0.0,0.41041842103004456,0.04303957149386406,0.185546875,2.9636290073394775,0,-0.18535535037517548,0.38476961851119995,12.222164154052734,0.18134243786334991,0.9491919875144958,0.8391749858856201,0.48521333932876587,0.004847543314099312,0.006565525196492672,22.540000915527344,0.0,0.24688862264156342,192493.0,0.052281949669122696,0.22087623178958893,2.8446078300476074,41.0,6.383838176727295,8.825642585754395,10.101924896240234,0.0,2304.0,192494.0,190.0,0.000854245969094336,0.0,1.0,0.010101010091602802,147765.4375,33719.28125,118.31999969482422,63.0,0.0,99.0,632.0,192493.0,-0.5491580963134766,-1.9098567962646484,-0.002886323258280754,0.005994617473334074,35.0,2048.0,0.938880443572998,0.2162131518125534,0.0,5.709601879119873,0.3759433329105377,,,-0.17378833889961243,148732.0,-0.023465417325496674,-0.024721140041947365,1.1616275310516357,0.018350750207901,695.0,0.0,192494.0,10.271016120910645,13.0,0.02056962065398693,317.3375549316406,1.5874059200286865,17.128232955932617,50.0,16384.0,0.010219462215900421,0.03458069637417793,0.46691393852233887,0.4660344421863556,0.016304347664117813,121.75802612304688,0.6982475519180298,0.9414629340171814,0.7581060528755188,-0.00391785055398941,-0.3529701232910156,0.21237143874168396,0.1962890625,1.0,0.9810126423835754,0.0,0.0006537465960718691,1.0,1.0,1.5140936374664307,0.001434069941751659,0.008353128097951412,0.5584105253219604,0.6012871861457825,1.0,0.9941049814224243,0.43829455971717834,9.589716911315918,0.8623303174972534,1.0,-0.002433842048048973,0.2883053123950958,0.9531404376029968,0.966447114944458,0.7244086265563965,0.09700604528188705,0.15316849946975708,-0.0017542026471346617,-0.003530860645696521,0.9323585629463196,0.9619101881980896,0.7490896582603455,0.08238480240106583,0.18185022473335266,0.9535801410675049,0.9739074110984802,0.7369142174720764,0.10419463366270065,0.17051009833812714,3999,5.2500762939453125,,,,,,,,,,,,,0.13872860372066498,0.05146963894367218,0.0486893430352211,0.7047456502914429,0.06832097470760345,0.0680806115269661,0.0,0.0001927018165588379,0.0005783587694168091,0.13795754313468933,0.13815024495124817,0.13872860372066498
0.049072265625,0.35676050186157227,0.0,0.0,0.0,0.40625,0.1264192759990692,0.6385810375213623,0.0,0.43327796459198,0.04497770592570305,0.20703125,3.223299026489258,0,-0.2333766371011734,0.4101538062095642,18.785503387451172,0.22597943246364594,0.9516032934188843,0.7969486713409424,0.4863209128379822,0.005648600868880749,0.0077834841795265675,39.436363220214844,5.0,0.2943668067455292,216546.0,0.05108549818396568,0.22392816841602325,2.038306713104248,52.0,6.5897440910339355,9.038379669189453,8.624155044555664,0.0,2622.0,216547.0,122.0,0.00042339280480518937,0.0,0.0,0.0,171818.4375,42010.21875,146.39999389648438,69.0,0.0,117.0,771.0,216546.0,-0.7326889038085938,-1.8434405326843262,0.009865578263998032,0.001859860261902213,48.0,2048.0,1.010697841644287,0.20955967903137207,0.0,6.02244234085083,0.3480238616466522,,,-0.1866997480392456,170735.0,-0.02559281513094902,-0.023720884695649147,1.1570228338241577,0.0027188900858163834,840.0,0.0,216547.0,23.225765228271484,24.0,0.031128404662013054,145.8135986328125,1.302381157875061,9.622396469116211,55.0,16384.0,0.01375077199190855,0.035358380526304245,0.4520401060581207,0.4468887150287628,0.016304347664117813,130.65554809570312,0.7768393754959106,0.9312108755111694,0.8351746797561646,0.006594697944819927,-0.3348619341850281,0.2771562933921814,0.2060546875,1.0,1.0,0.0,0.0006416214746423066,1.0,1.0,1.5423762798309326,0.0007607516017742455,0.013155961409211159,0.6924591660499573,0.6278948783874512,1.0,1.0,0.4978683292865753,10.019369125366211,0.786601722240448,1.0,-0.0022280141711235046,0.28709834814071655,0.9518827795982361,0.959476888179779,0.7149998545646667,0.10595884174108505,0.14943134784698486,-0.001649525249376893,-0.002800706075504422,0.9404869675636292,0.9653211832046509,0.7425042986869812,0.09309610724449158,0.17652468383312225,0.9524950385093689,0.9678024053573608,0.7285979390144348,0.11427689343690872,0.16686607897281647,4499,4.98524284362793,,,,,,,,,,,,,0.14084646105766296,0.056833453476428986,0.05476917326450348,0.6959083080291748,0.07470385730266571,0.07430247217416763,0.0,0.00016966462135314941,0.00046637654304504395,0.14021041989326477,0.14038008451461792,0.14084646105766296
0.0546875,0.3578917384147644,0.0,0.0,0.0,0.53125,0.12817010283470154,0.6132813096046448,0.0,0.44992491602897644,0.04672325775027275,0.220703125,3.4799625873565674,0,-0.28171616792678833,0.4084665775299072,21.028770446777344,0.2697589695453644,0.9558122158050537,0.7553801536560059,0.4865734577178955,0.0064178635366261005,0.008821981959044933,55.5476188659668,1.0,0.32620829343795776,240666.0,0.04819140210747719,0.2113381326198578,1.0487772226333618,56.0,6.789474010467529,9.11629581451416,7.550813674926758,0.0,2850.0,240667.0,563.0,0.0025577645283192396,0.0,0.0,0.0,195938.4375,51351.22265625,180.64285278320312,69.0,0.0,133.0,903.0,240666.0,-1.1382637023925781,-2.0644619464874268,0.018292084336280823,0.0021406959276646376,59.0,2048.0,1.0523860454559326,0.21920470893383026,0.0,5.82539176940918,0.3384953439235687,,,-0.20150913298130035,194384.0,-0.028174789622426033,-0.017701314762234688,1.1532524824142456,-0.017431199550628662,972.0,0.0,240667.0,35.06074523925781,32.0,0.03543743118643761,84.56787872314453,1.1093100309371948,6.958032131195068,42.0,16384.0,0.017544226720929146,0.03574612736701965,0.4393090307712555,0.43098267912864685,0.016304347664117813,133.20848083496094,0.8341180086135864,0.9194328784942627,0.8901233077049255,-0.002402516081929207,-0.33476200699806213,0.21701966226100922,0.1787109375,1.0,0.9966777563095093,0.0,0.0007189868483692408,1.0,1.0,1.539215087890625,0.0014385139802470803,0.012078318744897842,0.6293763518333435,0.660828709602356,1.0,0.9997437596321106,0.46136993169784546,10.442256927490234,0.7501779794692993,1.0,-0.0012308876030147076,0.2859923243522644,0.9506133198738098,0.9530264139175415,0.7093369364738464,0.11298074573278427,0.14607180655002594,-0.0007489085546694696,-0.002136942930519581,0.9449845552444458,0.9650763273239136,0.7358834743499756,0.10323451459407806,0.17202141880989075,0.9513934254646301,0.9621556997299194,0.7237536311149597,0.12221980839967728,0.16328144073486328,4999,4.870535373687744,,,,,,,,,,,,,0.1447106897830963,0.0615246444940567,0.05939213186502457,0.6863094568252563,0.07875893265008926,0.07814671099185944,0.0,0.00015889108180999756,0.00041177868843078613,0.14414002001285553,0.14429891109466553,0.1447106897830963
0.042236328125,0.36700892448425293,0.0,0.0,0.0,0.625,0.13023649156093597,0.6559256911277771,0.0,0.4660893976688385,0.047600120306015015,0.248046875,3.8570806980133057,0,-0.33010050654411316,0.42667967081069946,17.903072357177734,0.3128965198993683,0.9604820013046265,0.7124906182289124,0.4863234758377075,0.007210289128124714,0.009836520999670029,76.26667022705078,0.0,0.37592533230781555,264659.0,0.049287013709545135,0.21816369891166687,1.1952608823776245,58.0,6.755395889282227,8.940092086791992,7.195610523223877,0.0,3072.0,264660.0,235.0,0.0008510521147400141,0.0,0.0,0.0,219931.4375,62644.234375,204.1777801513672,99.0,0.0,139.0,939.0,264659.0,-0.4363117218017578,-1.2784414291381836,0.030698802322149277,0.002233590930700302,54.0,2048.0,1.01374089717865,0.22005252540111542,0.0,5.638366222381592,0.2921757698059082,,,-0.20321625471115112,217951.0,-0.028976108878850937,-0.016166340559720993,1.1497769355773926,-0.03043627180159092,1038.0,0.0,264660.0,34.499202728271484,29.0,0.030883919447660446,88.49849700927734,1.0660456418991089,6.529518127441406,45.0,16384.0,0.02126476541161537,0.03627421706914902,0.42460158467292786,0.4146091341972351,0.016304347664117813,139.5286865234375,0.8757805228233337,0.92164146900177,0.9327775239944458,-0.006419368553906679,-0.3212485909461975,0.16400426626205444,0.12890625,1.0,0.8892439007759094,0.0,0.0007768844370730221,1.0,1.0,1.3054242134094238,0.002810860052704811,0.020489372313022614,0.595105767250061,0.637241005897522,1.0,0.932302713394165,0.4759974181652069,10.86154556274414,0.771421492099762,1.0,-0.0015217476757243276,0.28511109948158264,0.9493359923362732,0.9473627805709839,0.7039936780929565,0.11927445232868195,0.1440153270959854,-0.0010098750935867429,-0.0016503294464200735,0.9472757577896118,0.962840735912323,0.7301797270774841,0.11219307780265808,0.16794320940971375,0.9502878785133362,0.9571422338485718,0.7190771698951721,0.12926368415355682,0.1609862595796585,5499,4.690208911895752,,,,,,,,,,,,,0.14627352356910706,0.06466256082057953,0.06293544173240662,0.6717811226844788,0.08225825428962708,0.08128266036510468,0.0,9.877979755401611e-05,0.00020834803581237793,0.14596639573574066,0.14606517553329468,0.14627352356910706
0.04296875,0.34307950735092163,0.0,0.0,0.0,0.46875,0.13227374851703644,0.8427786231040955,0.0,0.4833819270133972,0.049452003091573715,0.259765625,4.142973899841309,0,-0.37836015224456787,0.43357497453689575,16.072933197021484,0.3539927005767822,0.9638742804527283,0.6703070402145386,0.48589009046554565,0.007945089600980282,0.010711914859712124,96.08695983886719,2.0,0.41661080718040466,288613.0,0.054952532052993774,0.24503010511398315,1.016546368598938,57.0,6.325301170349121,8.545221328735352,6.028939247131348,0.0,3202.0,288614.0,589.0,0.002785054035484791,0.0,1.0,0.0060240961611270905,243885.4375,72126.6484375,245.97825622558594,107.0,0.0,166.0,1050.0,288613.0,-0.3185749053955078,-1.4646410942077637,0.0422854870557785,0.0015494802501052618,61.0,2051.0,1.0176849365234375,0.20003078877925873,0.0,5.8857574462890625,0.31380999088287354,,,-0.19574439525604248,241337.0,-0.0284243393689394,-0.010810495354235172,1.1411468982696533,-0.0235538799315691,1157.0,0.0,288614.0,29.20785903930664,30.0,0.02857142873108387,157.98831176757812,0.9539905190467834,7.46778678894043,46.0,16384.0,0.02456168457865715,0.03667270392179489,0.4112812280654907,0.3987026512622833,0.016304347664117813,145.8731689453125,0.9171018600463867,0.9243834018707275,0.9611775279045105,-0.000686639454215765,-0.3024747669696808,0.21264880895614624,0.189453125,1.0,0.9876190423965454,0.0,0.0006761492695659399,1.0,1.0,1.5017590522766113,0.003541052108630538,0.019351474940776825,0.6519118547439575,0.6735801100730896,1.0,0.9977828860282898,0.46480634808540344,11.27972412109375,0.7829152345657349,1.0,-0.0007945242105051875,0.2843484878540039,0.9481682777404785,0.9424515962600708,0.7014904618263245,0.12359016388654709,0.1418924331665039,-0.00037415159749798477,-0.0012206578394398093,0.9482450485229492,0.9595829248428345,0.7252361178398132,0.12010441720485687,0.16474832594394684,0.9492684602737427,0.9526179432868958,0.7167617678642273,0.13435423374176025,0.15883076190948486,5999,4.486286640167236,,,,,,,,,,,,,0.1488528549671173,0.06770208477973938,0.06626579910516739,0.663429856300354,0.08593221008777618,0.08462545275688171,0.0,0.00012022256851196289,0.00022596120834350586,0.14850667119026184,0.1486268937587738,0.1488528549671173
0.040771484375,0.3349715769290924,0.0,0.0,0.0,0.4375,0.13317988812923431,0.7363436818122864,0.0,0.5048503279685974,0.050905536860227585,0.267578125,4.272243022918701,0,-0.426238089799881,0.43038293719291687,15.917011260986328,0.3939942717552185,0.9672025442123413,0.6284852027893066,0.4854532480239868,0.008554980158805847,0.011409340426325798,112.86000061035156,0.0,0.440921813249588,312563.0,0.05095865949988365,0.2299407571554184,0.8847821354866028,59.0,6.1508378982543945,8.191160202026367,5.5869340896606445,0.0,3319.0,312564.0,449.0,0.0021844590082764626,0.0,0.0,0.0,267835.4375,80673.4140625,274.5199890136719,142.0,0.0,179.0,1101.0,312563.0,-0.4826087951660156,-2.0417797565460205,0.051788076758384705,0.0011234955163672566,59.0,2052.0,1.003019094467163,0.19828197360038757,0.0,5.950761318206787,0.2962101399898529,,,-0.19049039483070374,264847.0,-0.028146525844931602,-0.006264802068471909,1.145214557647705,-0.023192476481199265,1243.0,0.0,312564.0,41.7083740234375,36.0,0.03269754722714424,75.80829620361328,0.9091054797172546,5.647450923919678,50.0,16384.0,0.027337603271007538,0.03664297237992287,0.39673614501953125,0.3831397593021393,0.016304347664117813,149.8667449951172,0.9384405016899109,0.9249711632728577,0.9841798543930054,-0.013712518848478794,-0.2987186014652252,0.17932561039924622,0.1708984375,1.0,0.9909173250198364,0.0,0.0006359987892210484,1.0,1.0,1.4969892501831055,0.0041778841987252235,0.019784139469265938,0.5894227027893066,0.6318918466567993,1.0,0.999609112739563,0.47764143347740173,11.708189010620117,0.7988367080688477,1.0,-0.0009866174077615142,0.28364428877830505,0.9470380544662476,0.9384055733680725,0.6983051896095276,0.12735910713672638,0.14220945537090302,-0.0005150598590262234,-0.0009446683689020574,0.9484467506408691,0.9560791254043579,0.7213283181190491,0.1266527622938156,0.16245707869529724,0.9482877254486084,0.9490150809288025,0.7140607237815857,0.13869090378284454,0.1591898500919342,6499,4.623202323913574,,,,,,,,,,,,,0.1519359052181244,0.0707591101527214,0.06973116099834442,0.6499807834625244,0.09044107794761658,0.08840435743331909,0.0,3.2320618629455566e-05,6.096065044403076e-05,0.15196454524993896,0.15199686586856842,0.1519359052181244
0.037109375,0.3253598213195801,0.0,0.0,0.0,0.65625,0.13677479326725006,0.7628117203712463,0.0,0.5061255693435669,0.05081889033317566,0.27734375,4.406326770782471,0,-0.47406506538391113,0.46962302923202515,19.006338119506836,0.4320199489593506,0.970491886138916,0.5865853428840637,0.4851040542125702,0.009085390716791153,0.01196740847080946,119.63265228271484,0.0,0.4672083556652069,336636.0,0.04745961353182793,0.22065633535385132,0.7647997736930847,63.0,5.933333396911621,7.977459907531738,5.150284290313721,0.0,3419.0,336637.0,183.0,0.0009482461609877646,0.0,0.0,0.0,291908.4375,87709.0546875,297.2449035644531,180.0,0.0,195.0,1157.0,336636.0,-0.9712085723876953,-2.266615867614746,0.06104753166437149,0.0024600625038146973,67.0,2049.0,1.0916931629180908,0.220689058303833,0.0,5.953577995300293,0.3079347610473633,,,-0.1863853931427002,288832.0,-0.028020741418004036,-0.007855972275137901,1.1493407487869263,-0.025710467249155045,1337.0,0.0,336637.0,37.955867767333984,37.0,0.03197925537824631,149.42391967773438,0.8666142821311951,6.483907699584961,49.0,16384.0,0.02983146719634533,0.036404065787792206,0.3859409689903259,0.3672412931919098,0.016304347664117813,156.72201538085938,0.9520653486251831,0.9136573672294617,1.0039268732070923,-0.013914302922785282,-0.2881675064563751,0.2348206639289856,0.1572265625,0.9965428113937378,0.9464131593704224,0.0,0.0006607028772123158,1.0,1.0,1.7241849899291992,0.005092998035252094,0.032259780913591385,0.6234548687934875,0.5525557994842529,0.9998407363891602,0.9807448387145996,0.50044184923172,12.130715370178223,0.765153169631958,1.0,-0.0007291331421583891,0.28309524059295654,0.946043848991394,0.935381293296814,0.6961149573326111,0.1304146945476532,0.14247509837150574,-0.00019033605349250138,-0.0007222743588499725,0.9482021927833557,0.9527177810668945,0.7180687785148621,0.13206921517848969,0.16121011972427368,0.947415828704834,0.9461827874183655,0.712437629699707,0.14209997653961182,0.15937204658985138,6999,4.673907279968262,,,,,,,,,,,,,0.15330636501312256,0.07228090614080429,0.07177716493606567,0.6403354406356812,0.09479469060897827,0.09194578975439072,0.0,9.955465793609619e-05,0.00040318071842193604,0.1538091003894806,0.1537095457315445,0.15330636501312256
0.03857421875,0.30530452728271484,0.0,0.0,0.0,0.4375,0.13858646154403687,0.7961443066596985,0.0,0.5245041251182556,0.05273701995611191,0.291015625,4.631645679473877,0,-0.5218501687049866,0.4638722538948059,17.55854606628418,0.46971726417541504,0.9740603566169739,0.5465080738067627,0.48470789194107056,0.0095841558650136,0.012525544501841068,110.78181457519531,2.0,0.46602749824523926,360677.0,0.04217439889907837,0.19629985094070435,0.750485897064209,41.0,5.956097602844238,6.935488700866699,4.886157035827637,1.0,3682.0,360678.0,580.0,0.0026658892165869474,0.0,0.0,0.0,315949.4375,88151.71875,299.7818298339844,201.0,0.0,205.0,1221.0,360677.0,-0.46678924560546875,-1.8392547369003296,0.06804393231868744,0.0013474507723003626,99.0,2048.0,0.9984874725341797,0.20468252897262573,0.0,5.56207799911499,0.2940512001514435,,,-0.18255533277988434,312357.0,-0.027912193909287453,-0.00537592638283968,1.1607615947723389,-0.033546604216098785,1422.0,0.0,360678.0,72.47773742675781,67.0,0.05487305670976639,62.362064361572266,0.820376455783844,4.264192581176758,55.0,16384.0,0.03200899437069893,0.03716475889086723,0.3734855055809021,0.35469216108322144,0.016304347664117813,162.2163543701172,0.964288055896759,0.9267768859863281,1.025526523590088,-0.010875183157622814,-0.2868223190307617,0.16062653064727783,0.1376953125,0.9819819927215576,0.9754299521446228,0.0,0.000698975520208478,1.0,1.0,1.6057648658752441,0.003293130546808243,0.03570103645324707,0.4788394868373871,0.5411361455917358,0.997169017791748,0.9952340722084045,0.5023884177207947,12.545865058898926,0.8220635056495667,1.0,-0.0011209693038836122,0.2824397683143616,0.944978654384613,0.9322143793106079,0.6939491033554077,0.1339278668165207,0.14258114993572235,-0.0006165284430608153,-0.0005639278097078204,0.9476984143257141,0.9494760036468506,0.7155439853668213,0.13685324788093567,0.16049319505691528,0.9464780688285828,0.9431512355804443,0.7104933857917786,0.14577215909957886,0.1594296246767044,7499,4.5162858963012695,,,,,,,,,,,,,0.15599098801612854,0.07457205653190613,0.07481497526168823,0.6278859972953796,0.0964030846953392,0.09311423450708389,0.0,0.00016579031944274902,0.0006191730499267578,0.15677595138549805,0.1566101610660553,0.15599098801612854
0.043701171875,0.32605767250061035,0.0,0.0,0.0,0.65625,0.1393490433692932,0.821236789226532,0.0,0.5391009449958801,0.054133638739585876,0.3046875,4.890710830688477,0,-0.5697601437568665,0.4619360566139221,13.630277633666992,0.5057598948478699,0.9780300855636597,0.5073081851005554,0.484272301197052,0.009994503110647202,0.012969625182449818,97.13725280761719,0.0,0.4907473623752594,384724.0,0.04371844232082367,0.20493806898593903,0.8826899528503418,36.0,5.990610599517822,6.602594375610352,4.696530342102051,0.0,3952.0,384725.0,4.0,0.0006873934762552381,0.0,0.0,0.0,339996.4375,88812.765625,292.1960754394531,222.0,0.0,213.0,1276.0,384724.0,0.1966419219970703,-1.326717495918274,0.07617578655481339,0.0009599569020792842,91.0,2048.0,1.071573257446289,0.21316516399383545,0.0,5.59113073348999,0.2746957838535309,,,-0.1700574904680252,334402.0,-0.02638917602598667,-0.0046788365580141544,1.1523094177246094,-0.027080170810222626,1498.0,0.03921568766236305,384725.0,69.42898559570312,59.0,0.0462382435798645,48.06843566894531,0.7867686152458191,3.944974660873413,51.0,16384.0,0.033870428800582886,0.03710184991359711,0.3622073531150818,0.34296339750289917,0.016304347664117813,165.25645446777344,0.9811699986457825,0.9193910360336304,1.0472984313964844,-0.015236289240419865,-0.2909269332885742,0.17521095275878906,0.1328125,0.9850863218307495,0.8791208863258362,0.0,0.00051023781998083,1.0,1.0,1.2680768966674805,0.0049150739796459675,0.042056117206811905,0.6053299903869629,0.5978609323501587,0.9867496490478516,0.9518922567367554,0.5327613353729248,12.951665878295898,0.8467332720756531,1.0,-0.0008674562559463084,0.2821560204029083,0.9439969658851624,0.929767906665802,0.6923871636390686,0.135281041264534,0.14217157661914825,-0.0002758589980658144,-0.000452884822152555,0.9470418095588684,0.9465174078941345,0.7133291959762573,0.14068180322647095,0.15996205806732178,0.9456151127815247,0.9409269690513611,0.7093652486801147,0.14728796482086182,0.15889513492584229,7999,4.336736679077148,,,,,,,,,,,,,0.15768612921237946,0.07643508911132812,0.07625046372413635,0.6170457601547241,0.09759600460529327,0.09352457523345947,0.0,0.00030106306076049805,0.0009995847940444946,0.15898677706718445,0.15868571400642395,0.15768612921237946
0.040283203125,0.2958066761493683,0.0,0.0,0.0,0.71875,0.1443461924791336,0.8940358757972717,0.0,0.5405963063240051,0.05520462989807129,0.3203125,5.0936384201049805,0,-0.6174390316009521,0.47524237632751465,11.676288604736328,0.5409852862358093,0.9803923964500427,0.4689461588859558,0.4840608537197113,0.010325316339731216,0.013340466655790806,123.97777557373047,10.0,0.5220855474472046,408742.0,0.040001098066568375,0.1926434487104416,0.7189856171607971,37.0,6.036529541015625,6.605428695678711,4.570083141326904,0.0,4105.0,408743.0,278.0,0.0014217863790690899,0.0,0.0,0.0,364014.4375,97449.203125,324.1333312988281,229.0,0.0,219.0,1322.0,408742.0,-0.7745208740234375,-2.069833993911743,0.0778721272945404,0.001455892575904727,103.0,2048.0,1.1959084272384644,0.24211636185646057,0.0,5.615576267242432,0.2624616324901581,,,-0.16306212544441223,357167.0,-0.025690149515867233,-0.0041929008439183235,1.1480809450149536,-0.02487676963210106,1551.0,0.0,408743.0,88.67633056640625,74.0,0.05597579479217529,42.05292510986328,0.7583532333374023,3.3958497047424316,45.0,16384.0,0.035284094512462616,0.036686886101961136,0.3529222905635834,0.3312889635562897,0.021739130839705467,173.33724975585938,0.9859258532524109,0.9308546185493469,1.054100513458252,-0.012298399582505226,-0.2877303957939148,0.1746879667043686,0.1279296875,0.9969742894172668,0.9326777458190918,0.0,0.0005961291026324034,1.0,1.0,1.2832088470458984,0.0060475547797977924,0.056819673627614975,0.6005262136459351,0.5935274958610535,0.9931814074516296,0.9750325679779053,0.508567750453949,13.36246395111084,0.8260830044746399,1.0,-0.0006316984072327614,0.28167784214019775,0.9431571960449219,0.9281315207481384,0.6908026933670044,0.13808216154575348,0.14328978955745697,-7.599681703140959e-05,-0.00039383029798045754,0.9463233947753906,0.9439965486526489,0.7113874554634094,0.14392487704753876,0.15980985760688782,0.9448865056037903,0.9395318031311035,0.7080013155937195,0.15005488693714142,0.16007590293884277,8499,4.201340675354004,,,,,,,,,,,,,0.15916165709495544,0.07723741978406906,0.07726268470287323,0.6115337610244751,0.09832142293453217,0.09414316713809967,0.0,0.0004341006278991699,0.001319289207458496,0.1609150469303131,0.16048094630241394,0.15916165709495544
0.027587890625,0.30544593930244446,0.0,0.0,0.0,0.53125,0.14577823877334595,0.9398884773254395,0.0,0.5446531176567078,0.05608230084180832,0.330078125,5.354780197143555,0,-0.6648194789886475,0.4705529808998108,10.873682022094727,0.5739998817443848,0.9826764464378357,0.4319780170917511,0.48400014638900757,0.010616593062877655,0.013646348379552364,103.86956787109375,0.0,0.5493724346160889,432936.0,0.035457953810691833,0.1725923866033554,0.6607997417449951,42.0,5.995689868927002,6.78073263168335,4.318204402923584,0.0,4265.0,432937.0,29.0,0.0004433753201738,0.0,0.0,0.0,388208.4375,100289.5078125,321.13043212890625,241.0,0.0,232.0,1391.0,432936.0,0.25800323486328125,-2.2586300373077393,0.07791246473789215,0.0011293061543256044,107.0,2048.0,1.2380964756011963,0.23642198741436005,0.0,5.970142841339111,0.32626375555992126,,,-0.15600231289863586,379590.0,-0.024897262454032898,-0.0019366979831829667,1.1485583782196045,-0.01715613156557083,1632.0,0.021739130839705467,432937.0,78.09658813476562,71.0,0.05104241520166397,50.41998291015625,0.7216652035713196,3.697946548461914,46.0,16384.0,0.03640466928482056,0.03683822229504585,0.34554263949394226,0.3219086825847626,0.016304347664117813,175.69000244140625,0.9815583229064941,0.9305008053779602,1.073685884475708,-0.006942129693925381,-0.2887066602706909,0.19750449061393738,0.1572265625,0.9625899195671082,0.9474819898605347,0.0,0.000535100931301713,1.0,1.0,1.4106523990631104,0.0063341157510876656,0.03630102798342705,0.5876400470733643,0.6200845241546631,0.9861559867858887,0.987517237663269,0.5333878397941589,13.771443367004395,0.8686266541481018,1.0,-0.0006696457276120782,0.2813795506954193,0.9423126578330994,0.9262679815292358,0.6896126866340637,0.14044791460037231,0.14425010979175568,-5.8544878811517265e-06,-0.0003104067000094801,0.9456015825271606,0.9418521523475647,0.7097913026809692,0.14690329134464264,0.1601751148700714,0.9441443681716919,0.9378413558006287,0.7071326971054077,0.15290942788124084,0.1612236648797989,8999,4.3374528884887695,,,,,,,,,,,,,0.16323250532150269,0.08004792034626007,0.07935681194067001,0.6075676083564758,0.10360866785049438,0.097596175968647,0.0,0.0005774348974227905,0.0017026960849761963,0.16551263630390167,0.16493520140647888,0.16323250532150269
0.0294189453125,0.28740406036376953,0.0,0.0,0.0,0.53125,0.146821066737175,0.9963353276252747,0.0,0.5539932250976562,0.055054835975170135,0.345703125,5.573515892028809,0,-0.7121797800064087,0.4785851240158081,10.690452575683594,0.6070464849472046,0.9849357604980469,0.3985432982444763,0.4839014708995819,0.010864700190722942,0.01395851094275713,92.62222290039062,1.0,0.5659502744674683,456821.0,0.0371803343296051,0.17906078696250916,0.8491702079772949,50.0,5.624520778656006,6.739437103271484,3.84808611869812,0.0,4409.0,456822.0,277.0,0.001620996743440628,0.0,0.0,0.0,412093.4375,103830.5703125,334.022216796875,254.0,0.0,261.0,1468.0,456821.0,-0.6917781829833984,-2.4147379398345947,0.08711143583059311,0.0010451775742694736,101.0,2050.0,1.3514585494995117,0.25484728813171387,0.0,5.798229217529297,0.29920417070388794,,,-0.15509282052516937,402683.0,-0.025033850222826004,-0.000875798927154392,1.1479322910308838,-0.03219776600599289,1722.0,0.0,456822.0,71.69967651367188,68.0,0.046321526169776917,70.59722900390625,0.6821155548095703,3.9412734508514404,45.0,16384.0,0.03762995824217796,0.03713285177946091,0.3401803970336914,0.31222444772720337,0.016304347664117813,192.9353790283203,0.980202317237854,0.9331066012382507,1.0824837684631348,-0.017930062487721443,-0.28283995389938354,0.19482289254665375,0.1513671875,0.9611716866493225,0.9080381393432617,0.0,0.0006057021673768759,1.0,1.0,1.405148983001709,0.011560410261154175,0.04589185491204262,0.6201364994049072,0.6634820699691772,0.9806502461433411,0.9725788831710815,0.5176761746406555,14.18144702911377,0.7767044901847839,1.0,-0.0008976898388937116,0.28113293647766113,0.941506564617157,0.924954891204834,0.6890436410903931,0.14211983978748322,0.1445455104112625,-0.00034060419420711696,-0.0002141558943549171,0.9448838829994202,0.9400542378425598,0.7087329626083374,0.14973033964633942,0.160606250166893,0.9434279203414917,0.936659574508667,0.7065495848655701,0.15483002364635468,0.1614471822977066,9499,4.131365776062012,,,,,,,,,,,,,0.1630856692790985,0.0793461948633194,0.07986418902873993,0.6007863283157349,0.10321193933486938,0.09708058834075928,0.0,0.0008207410573959351,0.0022202730178833008,0.16612668335437775,0.1653059422969818,0.1630856692790985
0.03173828125,0.2681077718734741,0.0,0.0,0.0,0.6875,0.14795783162117004,0.9935079216957092,0.0,0.5683023929595947,0.05587834119796753,0.359375,5.8752312660217285,0,-0.7591017484664917,0.49542370438575745,10.5086669921875,0.6385558247566223,0.9864301085472107,0.3660961389541626,0.4838758111000061,0.011110718362033367,0.014197762124240398,181.7446746826172,0.0,0.5652860403060913,480609.0,0.03616664931178093,0.170975923538208,0.6791737675666809,53.0,5.436619758605957,6.858452796936035,3.5248353481292725,0.0,4532.0,480610.0,25.0,0.002043741289526224,0.0,0.0,0.0,435881.4375,110840.1640625,433.2765808105469,258.0,0.0,284.0,1544.0,480609.0,0.5318336486816406,-1.8198208808898926,0.09885863214731216,0.001240325509570539,119.0,2048.0,1.3136796951293945,0.24491247534751892,0.0,5.7122979164123535,0.27318358421325684,,,-0.14788003265857697,425119.0,-0.024148786440491676,-0.0005006589344702661,1.1320523023605347,-0.030923210084438324,1802.0,0.021276595070958138,480610.0,99.31969451904297,85.0,0.05505181476473808,47.26069259643555,0.6484888195991516,3.054168224334717,47.0,16384.0,0.03860180079936981,0.03712382912635803,0.33106768131256104,0.30348190665245056,0.016304347664117813,182.8321075439453,0.98464435338974,0.9212028384208679,1.0916656255722046,-0.009918363764882088,-0.2812381982803345,0.18577851355075836,0.15234375,0.9980557560920715,0.9708360433578491,0.0,0.0007202737615443766,1.0,1.0,1.558114767074585,0.013418404385447502,0.04804228991270065,0.6197161078453064,0.6619743704795837,0.9995978474617004,0.9976582527160645,0.4823267459869385,14.58369255065918,0.8498549461364746,1.0,-0.0004118664946872741,0.2807614207267761,0.9408997297286987,0.9237438440322876,0.6885957717895508,0.14361582696437836,0.14493796229362488,0.00010955337347695604,-0.00020003155805170536,0.9441863298416138,0.9384558796882629,0.7076674699783325,0.15194663405418396,0.16098789870738983,0.9428843259811401,0.9356160759925842,0.7060273289680481,0.1562245637178421,0.1618359535932541,9999,4.191211700439453,,,,,,,,,,,,,0.16533416509628296,0.08073610067367554,0.08148038387298584,0.5938497185707092,0.10735161602497101,0.09961044788360596,0.0,0.0011729300022125244,0.0030619800090789795,0.16956907510757446,0.16839614510536194,0.16533416509628296
0.0260009765625,0.2825467586517334,0.0,0.0,0.0,0.53125,0.14987963438034058,1.1218276023864746,0.0,0.5700485706329346,0.05636577308177948,0.380859375,6.113574504852295,0,-0.8058110475540161,0.5119354724884033,10.903534889221191,0.6694274544715881,0.9885666966438293,0.3364328145980835,0.48380589485168457,0.011309625580906868,0.014449781738221645,81.34042358398438,0.0,0.5861305594444275,504696.0,0.03237685561180115,0.1582161784172058,0.637068510055542,56.0,5.39072847366333,6.842288970947266,3.327007532119751,0.0,4723.0,504697.0,73.0,0.00024256008327938616,0.0,0.0,0.0,459968.4375,112277.9140625,368.2978820800781,271.0,0.0,302.0,1628.0,504696.0,-0.4219989776611328,-1.7030593156814575,0.10636696964502335,0.001670414349064231,107.0,2049.0,1.2293567657470703,0.24531710147857666,0.0,5.847138404846191,0.30888453125953674,,,-0.1459241658449173,449001.0,-0.024136025458574295,0.0015308907022699714,1.1272963285446167,-0.025138679891824722,1899.0,0.0,504697.0,78.26897430419922,73.0,0.04484029486775398,59.33113098144531,0.6164222955703735,3.4903478622436523,47.0,16384.0,0.03967132419347763,0.037246569991111755,0.32657504081726074,0.29785826802253723,0.016304347664117813,190.88613891601562,0.9830754995346069,0.9310595989227295,1.1016881465911865,-0.005171054508537054,-0.29022133350372314,0.15976274013519287,0.1171875,0.9834152460098267,0.9183046817779541,0.0,0.0007521320949308574,1.0,1.0,1.3826406002044678,0.01614570803940296,0.05956146493554115,0.6169040203094482,0.6434751749038696,0.996417760848999,0.9817845225334167,0.47408100962638855,14.988621711730957,0.8137815594673157,1.0,-0.0009197855251841247,0.2805507779121399,0.9402665495872498,0.9224629402160645,0.6877046823501587,0.14546597003936768,0.145490363240242,-0.0002419021911919117,-0.00016104747192002833,0.9435589909553528,0.9371152520179749,0.7069259285926819,0.15411125123500824,0.16144785284996033,0.9423268437385559,0.9345148205757141,0.7052640318870544,0.15796588361263275,0.16229140758514404,10499,4.204010009765625,,,,,,,,,,,,,0.1631637066602707,0.07982651889324188,0.08097308874130249,0.5848507285118103,0.10670933127403259,0.09851983934640884,0.0,0.0014844536781311035,0.00370730459690094,0.16835546493530273,0.16687101125717163,0.1631637066602707
0.0303955078125,0.31262683868408203,0.0,0.0,0.0,0.40625,0.15505437552928925,1.0900524854660034,0.0,0.5789225697517395,0.05650486797094345,0.408203125,6.501330852508545,0,-0.8519485592842102,0.49791914224624634,10.74171257019043,0.6982702612876892,0.9902466535568237,0.3108013868331909,0.4837534427642822,0.011458845809102058,0.014607945457100868,207.14894104003906,2.0,0.6105443239212036,528790.0,0.033495672047138214,0.16807126998901367,0.6042052507400513,59.0,5.306501388549805,6.723615646362305,3.110501527786255,0.0,4910.0,528791.0,310.0,0.001519897487014532,0.0,0.0,0.0,484062.4375,115001.7109375,489.9361572265625,286.0,0.0,323.0,1714.0,528790.0,-0.12109756469726562,-1.9332226514816284,0.11323151737451553,0.002246137009933591,126.0,2050.0,1.1617716550827026,0.2241573929786682,0.0,5.905270099639893,0.3409717082977295,,,-0.14167092740535736,472638.0,-0.023665927350521088,-0.00017353797738905996,1.124420404434204,-0.026693955063819885,2000.0,0.0,528791.0,87.92190551757812,92.0,0.053675614297389984,83.44127655029297,0.58500736951828,3.607438802719116,47.0,16384.0,0.04029453173279762,0.037400562316179276,0.3223249018192291,0.29047441482543945,0.016304347664117813,201.37564086914062,0.9827544689178467,0.9357774257659912,1.1130924224853516,-0.010045355185866356,-0.2820914685726166,0.19045361876487732,0.12890625,0.9334889054298401,0.9358226656913757,0.0,0.0007811499526724219,1.0,1.0,1.4015398025512695,0.014412982389330864,0.07207762449979782,0.6327638626098633,0.6560455560684204,0.9574637413024902,0.9795677661895752,0.4852929711341858,15.394923210144043,0.8321590423583984,1.0,-0.0006026471965014935,0.2804687023162842,0.9396681189537048,0.9217380285263062,0.6874248385429382,0.14589907228946686,0.14566729962825775,4.718291893368587e-05,-0.00012495201372075826,0.9429674744606018,0.9359780550003052,0.7061970829963684,0.1557157188653946,0.16185611486434937,0.9418044090270996,0.9340085983276367,0.705136239528656,0.15843547880649567,0.16248899698257446,10999,3.9433608055114746,,,,,,,,,,,,,0.16667109727859497,0.0807742029428482,0.08260063827037811,0.5795425772666931,0.10665808618068695,0.0985206663608551,0.0,0.0014719069004058838,0.0036722272634506226,0.17181523144245148,0.1703433245420456,0.16667109727859497
0.0289306640625,0.2850392758846283,0.0,0.0,0.0,0.59375,0.1547718495130539,1.1725672483444214,0.0,0.5861836075782776,0.05823884159326553,0.435546875,6.843013286590576,0,-0.8984432220458984,0.5251247882843018,11.242559432983398,0.7272934913635254,0.991512656211853,0.2863514721393585,0.4837675988674164,0.011600011959671974,0.01474197581410408,188.7608642578125,0.0,0.6338312029838562,552900.0,0.03131260350346565,0.16112077236175537,0.5901079177856445,60.0,5.296511650085449,6.669576644897461,2.928121328353882,0.0,5053.0,552901.0,42.0,0.00022373840329237282,0.0,0.0,0.0,508172.4375,116895.421875,496.6739196777344,300.0,0.0,344.0,1822.0,552900.0,1.3298664093017578,-2.3351333141326904,0.12095708400011063,0.0029813642613589764,108.0,2048.0,1.2841944694519043,0.2522171139717102,0.0,5.961691856384277,0.32178860902786255,,,-0.13909566402435303,496429.0,-0.02349255234003067,0.0009760658140294254,1.1233762502670288,-0.026009609922766685,2122.0,0.021739130839705467,552901.0,78.16372680664062,74.0,0.04061470925807953,69.63370513916016,0.5510194897651672,3.5068705081939697,46.0,16384.0,0.04117662459611893,0.03768777847290039,0.3119175434112549,0.280894011259079,0.016304347664117813,193.75807189941406,0.985241174697876,0.9327033758163452,1.1200658082962036,-0.0018457400146871805,-0.2752760946750641,0.16616900265216827,0.111328125,0.9445359706878662,0.8720483183860779,0.0,0.0007160372333601117,1.0,1.0,1.349228858947754,0.014901789836585522,0.09063288569450378,0.6489298343658447,0.6669882535934448,0.9512597322463989,0.9755780696868896,0.4876723885536194,15.799423217773438,0.8544864058494568,1.0,-0.0008288343087770045,0.2802973687648773,0.9392585754394531,0.920907735824585,0.6871296763420105,0.14723940193653107,0.14622029662132263,-0.00019122792582493275,-8.466275176033378e-05,0.9424425363540649,0.9350873827934265,0.7057923674583435,0.15705536305904388,0.16215556859970093,0.9414483904838562,0.9334158301353455,0.7048479318618774,0.15998053550720215,0.16307273507118225,11499,4.104902267456055,,,,,,,,,,,,,0.1687765270471573,0.08191198855638504,0.08376313000917435,0.5774641036987305,0.10748696327209473,0.098260797560215,0.0,0.0016613751649856567,0.004062443971633911,0.17450034618377686,0.1728389710187912,0.1687765270471573
0.0213623046875,0.30649852752685547,0.0,0.0,0.0,0.53125,0.15412317216396332,1.1726182699203491,0.0,0.5967043042182922,0.05822287127375603,0.447265625,7.149350643157959,0,-0.9444777965545654,0.5127333402633667,10.382574081420898,0.7552288174629211,0.9928126335144043,0.26275190711021423,0.48380762338638306,0.011731480248272419,0.014894233085215092,255.5853729248047,0.0,0.6571374535560608,576951.0,0.03362588584423065,0.1719677746295929,0.5616709589958191,61.0,5.206521987915039,6.536900520324707,2.7186031341552734,0.0,5154.0,576952.0,94.0,0.0003735566860996187,0.0,0.0,0.0,532223.4375,123336.7578125,573.4146118164062,317.0,0.0,368.0,1916.0,576951.0,-0.9797515869140625,-2.1950504779815674,0.1251189112663269,0.0016127515118569136,110.0,2050.0,1.3227299451828003,0.25657105445861816,0.0,5.72419548034668,0.2858426570892334,,,-0.13687396049499512,520273.0,-0.023383187130093575,0.0011201273882761598,1.1187553405761719,-0.03267434984445572,2233.0,0.0,576952.0,72.55823516845703,79.0,0.041231732815504074,110.69361114501953,0.5225119590759277,3.9051759243011475,41.0,16384.0,0.04176812246441841,0.037307899445295334,0.31053516268730164,0.2783788740634918,0.016304347664117813,212.404052734375,0.9924136400222778,0.9370492696762085,1.125840425491333,0.0006737089715898037,-0.2913786768913269,0.19898225367069244,0.11376953125,0.9895615577697754,0.9086638689041138,0.0,0.0007715794490650296,1.0,1.0,1.598832607269287,0.014705963432788849,0.10742416232824326,0.6850447654724121,0.6228678226470947,0.9964449405670166,0.9911783933639526,0.4748407304286957,16.198102951049805,0.8567415475845337,1.0,-0.0008751900168135762,0.28006502985954285,0.9388068318367004,0.920082688331604,0.6862605214118958,0.14879874885082245,0.1468748301267624,-0.00020473392214626074,-0.00011234275007154793,0.9419633746147156,0.934305727481842,0.7052718997001648,0.1585986465215683,0.16269788146018982,0.9410373568534851,0.932837963104248,0.7040599584579468,0.16164663434028625,0.16379386186599731,11999,4.091733455657959,,,,,,,,,,,,,0.16716474294662476,0.0809933990240097,0.0827733501791954,0.5782662630081177,0.10830719023942947,0.09806492924690247,0.0,0.002088978886604309,0.005002662539482117,0.17425638437271118,0.17216740548610687,0.16716474294662476
0.0216064453125,0.3000451326370239,0.0,0.0,0.0,0.78125,0.15512537956237793,1.3435380458831787,0.0,0.5966570377349854,0.058950942009687424,0.470703125,7.578899383544922,0,-0.9899104833602905,0.5325814485549927,12.505974769592285,0.7826529145240784,0.9938153028488159,0.24153178930282593,0.4838993549346924,0.01186708826571703,0.015056801028549671,204.47999572753906,0.0,0.682475209236145,601156.0,0.030939990654587746,0.16006048023700714,0.5917326807975769,62.0,5.083756446838379,6.416072845458984,2.544609308242798,0.0,5207.0,601157.0,499.0,0.0027043663430958986,0.0,0.0,0.0,556428.4375,132806.25,551.8800048828125,324.0,0.0,394.0,2003.0,601156.0,-0.8544750213623047,-2.078132152557373,0.13177235424518585,0.0016854077111929655,98.0,2048.0,1.345489740371704,0.2527469992637634,0.0,5.671233177185059,0.29800519347190857,,,-0.13246387243270874,544451.0,-0.02284378372132778,0.0022529945708811283,1.1126257181167603,-0.030975190922617912,2327.0,0.0,601157.0,62.32441711425781,62.0,0.03095356933772564,101.30278015136719,0.5000714659690857,3.9188990592956543,50.0,16384.0,0.042383626103401184,0.03759901225566864,0.30181851983070374,0.26964354515075684,0.016304347664117813,196.77972412109375,0.9907394647598267,0.9273928999900818,1.1398905515670776,-0.00043453683611005545,-0.28442618250846863,0.19760984182357788,0.11279296875,0.9266101121902466,0.8447328805923462,0.0,0.0006989408284425735,1.0,1.0,1.369832992553711,0.016737429425120354,0.11273753643035889,0.6499072909355164,0.6736424565315247,0.9537341594696045,0.9747393727302551,0.4921950101852417,16.600566864013672,0.8824668526649475,1.0,-0.0006111562252044678,0.2800101339817047,0.9384537935256958,0.9196361303329468,0.6860835552215576,0.14977549016475677,0.14723534882068634,8.835858170641586e-05,-9.358133684145287e-05,0.9415394067764282,0.9336709380149841,0.7047176361083984,0.1601005643606186,0.1633213609457016,0.9407267570495605,0.9326103329658508,0.7039657235145569,0.16271966695785522,0.1642071008682251,12499,3.9941418170928955,,,,,,,,,,,,,0.17004790902137756,0.08179334551095963,0.08495751768350601,0.5638532638549805,0.10878719389438629,0.09812958538532257,0.0,0.0024081915616989136,0.005533561110496521,0.177989661693573,0.17558147013187408,0.17004790902137756
0.023193359375,0.28899696469306946,0.0,0.0,0.0,0.59375,0.15580151975154877,1.2563501596450806,0.0,0.603149950504303,0.05882633849978447,0.5,7.899044036865234,0,-1.0349503755569458,0.525658130645752,13.88454818725586,0.8090895414352417,0.9946717023849487,0.22312703728675842,0.4838050305843353,0.011985342018306255,0.015172284096479416,316.9375,0.0,0.6835546493530273,625125.0,0.0313408188521862,0.1647491753101349,0.5256714224815369,63.0,4.960000038146973,6.191579818725586,2.355846643447876,0.0,5250.0,625126.0,348.0,0.0018731992458924651,0.0,0.0,0.0,580397.4375,142206.296875,671.5416870117188,340.0,0.0,425.0,2108.0,625125.0,-0.9563713073730469,-2.979705333709717,0.13751211762428284,0.01068655401468277,97.0,2048.0,1.5064985752105713,0.30667173862457275,0.0,5.7227783203125,0.24637018144130707,,,-0.12901952862739563,568428.0,-0.022458888590335846,0.004557316657155752,1.110419511795044,-0.02451023831963539,2448.0,0.0,625126.0,71.49125671386719,66.0,0.03130929917097092,72.66710662841797,0.474916934967041,3.294956684112549,48.0,16384.0,0.042973097413778305,0.03741207718849182,0.2959376275539398,0.26282644271850586,0.016304347664117813,208.6460723876953,0.9885973930358887,0.9324837923049927,1.1417651176452637,-0.002442417899146676,-0.29415395855903625,0.20182044804096222,0.11474609375,0.9777039885520935,0.8965844511985779,0.0,0.0006484942859970033,1.0,1.0,1.5234405994415283,0.02265661023557186,0.13036492466926575,0.6386032104492188,0.6190569400787354,0.9677924513816833,0.9904334545135498,0.5088948607444763,17.0020694732666,0.896523118019104,1.0,-0.0008292541024275124,0.28014516830444336,0.9380152821540833,0.9190930724143982,0.6851953268051147,0.1493445783853531,0.14650262892246246,-0.00014988357725087553,-0.00010524589015403762,0.9411302804946899,0.9331796765327454,0.704223096370697,0.1610913872718811,0.16346363723278046,0.9403394460678101,0.9323246479034424,0.703126847743988,0.1625128835439682,0.16366057097911835,12999,4.060432434082031,,,,,,,,,,,,,0.1701757311820984,0.08176213502883911,0.08529902994632721,0.5619295239448547,0.11459726840257645,0.10204929113388062,0.0,0.0029419809579849243,0.006613835692405701,0.179731547832489,0.1767895668745041,0.1701757311820984
0.0203857421875,0.2708829939365387,0.0,0.0,0.0,0.5625,0.15803468227386475,1.2582907676696777,0.0,0.6055108308792114,0.05935254320502281,0.5234375,8.313033103942871,0,-1.0797951221466064,0.5182560682296753,8.438517570495605,0.8326342701911926,0.9953098297119141,0.20808963477611542,0.48388323187828064,0.01210043765604496,0.015316282398998737,483.24444580078125,0.0,0.6872953772544861,649074.0,0.033151742070913315,0.17236927151679993,0.5266159176826477,63.0,4.705757141113281,5.908742427825928,2.1328046321868896,0.0,5285.0,649075.0,1306.0,0.007563321385532618,0.0,0.0,0.0,604346.4375,151094.578125,836.111083984375,357.0,0.0,469.0,2207.0,649074.0,-0.7258815765380859,-3.147904872894287,0.13778893649578094,0.001395155442878604,113.0,2048.0,1.3321914672851562,0.256603479385376,0.0,5.452967166900635,0.2211986780166626,,,-0.12454027682542801,592307.0,-0.021843843162059784,0.0019092680886387825,1.1088005304336548,-0.03106866031885147,2564.0,0.0,649075.0,74.05949401855469,78.0,0.03534209355711937,89.77754211425781,0.4535321891307831,3.4308345317840576,45.0,16384.0,0.04362786188721657,0.0380171462893486,0.2979479730129242,0.2622317969799042,0.021739130839705467,205.71458435058594,0.9878487586975098,0.9314589500427246,1.1493970155715942,-0.00829316582530737,-0.29578331112861633,0.19401337206363678,0.10986328125,0.9220661520957947,0.8853647708892822,0.0,0.0006698126089759171,1.0,1.0,1.6439423561096191,0.03340867534279823,0.16338886320590973,0.601809024810791,0.6315081119537354,0.9563935995101929,0.9882748126983643,0.4651854932308197,17.400606155395508,1.0078456401824951,1.0,-0.0007610113825649023,0.27999019622802734,0.9377479553222656,0.9189774394035339,0.6852374076843262,0.15046553313732147,0.14751127362251282,-3.0528128263540566e-05,-6.798646063543856e-05,0.9407861828804016,0.9329123497009277,0.7038761973381042,0.16176660358905792,0.16371509432792664,0.9401015043258667,0.9323535561561584,0.7032340168952942,0.16364869475364685,0.1645837128162384,13499,4.070316791534424,,,,,,,,,,,,,0.1722467541694641,0.08262505382299423,0.08523665368556976,0.5661870241165161,0.11361700296401978,0.1009468212723732,0.0,0.0032427608966827393,0.007244765758514404,0.18273428082466125,0.17949151992797852,0.1722467541694641
0.0306396484375,0.2784695029258728,0.0,0.0,0.0,0.5,0.16024844348430634,1.3310542106628418,0.0,0.6124997735023499,0.06011814996600151,0.546875,8.679054260253906,0,-1.1249885559082031,0.5170944929122925,9.083210945129395,0.8567944765090942,0.9959102272987366,0.19257788360118866,0.483924925327301,0.01218044850975275,0.015376748517155647,483.2916564941406,0.0,0.7027156949043274,672956.0,0.03287987411022186,0.17331703007221222,0.4845864772796631,67.0,4.602822303771973,5.841467380523682,2.0185914039611816,0.0,5330.0,672957.0,58.0,0.00019438890740275383,0.0,0.0,0.0,628228.4375,160883.390625,864.375,372.0,0.0,496.0,2283.0,672956.0,-0.14827346801757812,-2.0146007537841797,0.14014263451099396,0.0010302425362169743,110.0,2049.0,1.332349181175232,0.2489127814769745,0.0,5.4884138107299805,0.2473468780517578,,,-0.12149560451507568,616201.0,-0.021503871306777,0.003329020459204912,1.1080130338668823,-0.027123602107167244,2655.0,0.0,672957.0,74.65266418457031,80.0,0.03504161164164543,103.21540832519531,0.43855366110801697,3.52109432220459,48.0,16384.0,0.04399729147553444,0.03807830065488815,0.2922511100769043,0.2572123110294342,0.021739130839705467,203.47994995117188,0.9799816012382507,0.9355422854423523,1.1575136184692383,0.0008384581306017935,-0.30451279878616333,0.22317126393318176,0.1064453125,0.864213764667511,0.7936925292015076,0.0,0.0007428427925333381,1.0,1.0,1.434229850769043,0.030067844316363335,0.1865522563457489,0.6825621128082275,0.6411987543106079,0.9528552293777466,0.9777320623397827,0.5095682144165039,17.797700881958008,0.9182788729667664,1.0,-0.0007731035002507269,0.279864639043808,0.9373096823692322,0.9181398153305054,0.6846243143081665,0.15160836279392242,0.14751847088336945,2.399149707343895e-05,-7.853656279621646e-05,0.9404352307319641,0.9325746297836304,0.7034702301025391,0.16288430988788605,0.1641814112663269,0.9397150874137878,0.9318417906761169,0.702785074710846,0.16484586894512177,0.16471540927886963,13999,3.8958802223205566,,,,,,,,,,,,,0.17272496223449707,0.08238379657268524,0.08562766015529633,0.5572255253791809,0.11172787100076675,0.09922542423009872,0.0,0.003277495503425598,0.007192537188529968,0.18319499492645264,0.17991749942302704,0.17272496223449707
0.0247802734375,0.28812286257743835,0.0,0.0,0.0,0.5,0.1611575484275818,1.3945420980453491,0.0,0.6216564774513245,0.06003336235880852,0.55859375,8.949955940246582,0,-1.169793963432312,0.5043591856956482,10.247193336486816,0.8833063840866089,0.9965084195137024,0.18047721683979034,0.48405298590660095,0.012270977720618248,0.015469360165297985,507.26922607421875,1.0,0.723262369632721,696966.0,0.03215976059436798,0.1723940372467041,0.4557501971721649,69.0,4.550192832946777,5.759894847869873,1.9312630891799927,0.0,5410.0,696967.0,29.0,0.0008322902722284198,0.0,0.0,0.0,652238.4375,166966.796875,908.0192260742188,394.0,0.0,518.0,2357.0,696966.0,0.367095947265625,-1.7174797058105469,0.14547470211982727,0.004185860976576805,114.0,2052.0,1.1765496730804443,0.24314884841442108,0.0,5.286526679992676,0.21869595348834991,,,-0.11556483060121536,640015.0,-0.020623737946152687,0.001712798373773694,1.103135347366333,-0.0255748201161623,2751.0,0.01923076994717121,696967.0,80.42164611816406,91.0,0.038608402013778687,112.14405059814453,0.42550787329673767,3.49930739402771,52.0,16384.0,0.04442186281085014,0.03818608447909355,0.28846266865730286,0.25341659784317017,0.016304347664117813,204.1018524169922,0.9856513142585754,0.9383173584938049,1.1651724576950073,-0.004863204434514046,-0.30046358704566956,0.19078947603702545,0.06591796875,0.8005093336105347,0.6778438091278076,0.0,0.0007919333293102682,1.0,1.0,1.4483184814453125,0.03331146761775017,0.19130463898181915,0.7031134366989136,0.6340428590774536,0.913510799407959,0.939497709274292,0.45743346214294434,18.195514678955078,1.0194156169891357,1.0,-0.000907337584067136,0.2795768678188324,0.937126636505127,0.9177836775779724,0.684052586555481,0.15315942466259003,0.14844878017902374,-0.00018011592328548431,-7.63193384045735e-05,0.9401183128356934,0.932277500629425,0.7031148672103882,0.16386401653289795,0.16452589631080627,0.9395505785942078,0.9318436980247498,0.7022444009780884,0.16621750593185425,0.16564445197582245,14499,4.083441734313965,,,,,,,,,,,,,0.17179936170578003,0.08232452720403671,0.08539274334907532,0.5629862546920776,0.11618373543024063,0.10121997445821762,0.0,0.004056796431541443,0.008690372109413147,0.18454653024673462,0.18048973381519318,0.17179936170578003
0.024658203125,0.3123633563518524,0.0,0.0,0.0,0.65625,0.15987946093082428,1.3732175827026367,0.0,0.6264218688011169,0.06076258420944214,0.58203125,9.27258014678955,0,-1.2140122652053833,0.5382993817329407,10.929588317871094,0.9073899984359741,0.9969348907470703,0.16971680521965027,0.4842853248119354,0.012350409291684628,0.015571685507893562,558.4081420898438,0.0,0.7448116540908813,720751.0,0.03151734545826912,0.16780436038970947,0.44014132022857666,71.0,4.462246894836426,5.70249080657959,1.8457163572311401,0.0,5485.0,720752.0,158.0,0.0008474551723338664,0.0,0.0,0.0,676023.4375,173572.3125,967.653076171875,405.0,0.0,543.0,2423.0,720751.0,-0.7379932403564453,-2.63200044631958,0.14702951908111572,0.0014668107032775879,120.0,2049.0,1.354360580444336,0.2661832273006439,0.0,5.294109344482422,0.19927072525024414,,,-0.1113850399851799,663715.0,-0.0200511422008276,0.0023886216804385185,1.1010898351669312,-0.023845024406909943,2828.0,0.0,720752.0,95.17474365234375,90.0,0.03714403510093689,69.1192855834961,0.41325080394744873,2.688394069671631,49.0,16384.0,0.04491369426250458,0.03798925131559372,0.2848600149154663,0.2478768676519394,0.021739130839705467,206.61343383789062,0.9870673418045044,0.9251064658164978,1.1686630249023438,-0.00439863558858633,-0.3021582365036011,0.19630880653858185,0.08349609375,0.8819645047187805,0.7870408296585083,0.0,0.0006475758855231106,1.0,1.0,1.4105184078216553,0.036211974918842316,0.2079685926437378,0.6789467334747314,0.5963696241378784,0.9334002733230591,0.9833132028579712,0.5093146562576294,18.589502334594727,0.9446412920951843,1.0,-0.0008506287704221904,0.27929267287254333,0.9368979334831238,0.9178358316421509,0.6843175292015076,0.1549859642982483,0.149466872215271,-5.218693695496768e-05,-3.7607565900543705e-05,0.9398586750030518,0.9321067333221436,0.702878475189209,0.165201798081398,0.16513501107692719,0.9393312335014343,0.932003378868103,0.7024859189987183,0.16779281198978424,0.16633225977420807,14999,3.9793996810913086,,,,,,,,,,,,,0.17267951369285583,0.081808902323246,0.08607612550258636,0.56104576587677,0.11905819177627563,0.10222634673118591,0.0,0.004842862486839294,0.010126292705535889,0.18764866888523102,0.18280580639839172,0.17267951369285583
0.02685546875,0.29781585931777954,0.0,0.0,0.0,0.5625,0.16203570365905762,1.4398049116134644,0.0,0.639233410358429,0.061021722853183746,0.5859375,9.610947608947754,0,-1.2581754922866821,0.543571949005127,8.140555381774902,0.9276036620140076,0.9972260594367981,0.15712660551071167,0.4844967722892761,0.012375610880553722,0.015623991377651691,611.5208129882812,0.0,0.760645866394043,744629.0,0.03180934488773346,0.1708178073167801,0.4054147005081177,71.0,4.445035457611084,5.646058082580566,1.7792593240737915,0.0,5561.0,744630.0,28.0,0.00031759272678755224,0.0,0.0,0.0,699901.4375,180190.171875,1034.7083740234375,414.0,0.0,564.0,2507.0,744629.0,0.2929534912109375,-2.936216115951538,0.14977680146694183,0.0020993766374886036,132.0,2051.0,1.3585600852966309,0.2706772983074188,0.0,5.248931407928467,0.2056356519460678,,,-0.10680384933948517,687408.0,-0.019368380308151245,0.0028509858530014753,1.0999490022659302,-0.02340436913073063,2921.0,0.02083333395421505,744630.0,115.8710708618164,109.0,0.043478261679410934,42.261959075927734,0.4001689851284027,2.347946882247925,48.0,16384.0,0.04522692784667015,0.037892911583185196,0.2846304178237915,0.24707195162773132,0.027173912152647972,218.28822326660156,0.9836604595184326,0.9460371732711792,1.1706562042236328,-0.00924296397715807,-0.30903157591819763,0.17874601483345032,0.08251953125,0.8934556841850281,0.7877094745635986,0.0,0.0006871539517305791,1.0,1.0,1.5635950565338135,0.04048598185181618,0.20471757650375366,0.5977704524993896,0.6240365505218506,0.9404714107513428,0.9836500883102417,0.4878216087818146,18.980985641479492,0.9635991454124451,1.0,-0.0006196291651576757,0.2792721688747406,0.9365274906158447,0.9176048040390015,0.6847378015518188,0.15510782599449158,0.1501200944185257,0.0002876245998777449,-2.1031710275565274e-06,0.9395785927772522,0.9320831298828125,0.7027457356452942,0.16628526151180267,0.16579195857048035,0.9390147924423218,0.931983470916748,0.7030118703842163,0.16784240305423737,0.1668277084827423,15499,3.9212565422058105,,,,,,,,,,,,,0.17258210480213165,0.08193568885326385,0.08427368104457855,0.5658954977989197,0.11460579186677933,0.09905223548412323,0.0,0.004681617021560669,0.009779110550880432,0.18704283237457275,0.18236121535301208,0.17258210480213165
0.0281982421875,0.29569560289382935,0.0,0.0,0.0,0.53125,0.16251416504383087,1.4580941200256348,0.0,0.6410836577415466,0.06073570251464844,0.625,10.052541732788086,0,-1.3014191389083862,0.5478695034980774,8.354755401611328,0.9508569240570068,0.9976519346237183,0.1477341651916504,0.48457083106040955,0.012491686269640923,0.015751248225569725,529.3404541015625,0.0,0.7817335724830627,768681.0,0.0294952355325222,0.15734176337718964,0.3787735104560852,66.0,4.487931251525879,5.584476947784424,1.7242933511734009,0.0,5640.0,768682.0,1305.0,0.008113987743854523,0.0,0.0,0.0,723953.4375,184919.421875,995.0,417.0,0.0,580.0,2603.0,768681.0,-1.4131412506103516,-3.131951093673706,0.15218153595924377,0.002035088138654828,145.0,2049.0,1.4281337261199951,0.267874538898468,0.0,5.601116180419922,0.2126583606004715,,,-0.10447368770837784,711373.0,-0.019131667912006378,0.0011849564034491777,1.097822904586792,-0.015870781615376472,3020.0,0.0,768682.0,118.17090606689453,113.0,0.04341144859790802,48.39488983154297,0.38446739315986633,2.299032688140869,47.0,16384.0,0.04580439627170563,0.037643127143383026,0.2797006666660309,0.24112604558467865,0.010869565419852734,217.39251708984375,0.9834135174751282,0.9399592280387878,1.1778203248977661,-0.0030785934068262577,-0.3125070035457611,0.16112418472766876,0.0947265625,0.8090664744377136,0.8033038973808289,0.0,0.0007367116631940007,1.0,1.0,1.572056770324707,0.06749212741851807,0.21046890318393707,0.5878148078918457,0.5952707529067993,0.8902416229248047,0.9841601848602295,0.5126197934150696,19.36936378479004,0.9548566341400146,1.0,-0.0011341633507981896,0.27916809916496277,0.9363065361976624,0.9173211455345154,0.6838974952697754,0.15593014657497406,0.15034036338329315,-0.00043365475721657276,-2.9666514819837175e-05,0.939325749874115,0.9320608377456665,0.7027997374534607,0.16691288352012634,0.16605983674526215,0.938806414604187,0.9318861365318298,0.7020953297615051,0.16863709688186646,0.16699716448783875,15999,4.104274272918701,,,,,,,,,,,,,0.17397016286849976,0.08130441606044769,0.08542077243328094,0.5588025450706482,0.11504100263118744,0.09879985451698303,0.0,0.005119398236274719,0.010561853647232056,0.18965141475200653,0.1845320165157318,0.17397016286849976
0.01708984375,0.275222510099411,0.0,0.0,0.0,0.5625,0.16720546782016754,1.5525637865066528,0.0,0.6445432901382446,0.06045899912714958,0.6484375,10.376235008239746,0,-1.3450061082839966,0.553131103515625,10.280915260314941,0.9729670882225037,0.9979631900787354,0.13877657055854797,0.4847916066646576,0.012504979968070984,0.015799200162291527,299.7291564941406,0.0,0.8336375951766968,792666.0,0.027483925223350525,0.14426766335964203,0.33623942732810974,60.0,4.474380016326904,5.532392978668213,1.6578702926635742,1.0,5750.0,792667.0,26.0,0.0005180374137125909,0.0,0.0,0.0,747938.4375,187887.421875,847.3333129882812,422.0,0.0,605.0,2707.0,792666.0,0.15921974182128906,-2.2200582027435303,0.1517120599746704,0.004833645187318325,123.0,2048.0,1.318399429321289,0.2743350863456726,0.0,5.668998718261719,0.22305776178836823,,,-0.10321436077356339,735312.0,-0.019039660692214966,0.00043713420745916665,1.0994336605072021,-0.017965465784072876,3129.0,0.02083333395421505,792667.0,92.6012954711914,95.0,0.03509420156478882,62.047142028808594,0.3707365095615387,2.67220401763916,48.0,16384.0,0.045969292521476746,0.03787927329540253,0.2787162661552429,0.23636305332183838,0.016304347664117813,238.0203857421875,0.9823463559150696,0.935918390750885,1.184730887413025,-0.005849207751452923,-0.29976925253868103,0.15069521963596344,0.0673828125,0.7834442257881165,0.6581670641899109,0.0,0.0007189916213974357,1.0,1.0,1.5196421146392822,0.0734536349773407,0.2128724902868271,0.6856348514556885,0.6040875911712646,0.930909276008606,0.9334965348243713,0.4609137177467346,19.755605697631836,0.9849897623062134,1.0,-0.0006306138238869607,0.27902454137802124,0.9360912442207336,0.9171129465103149,0.6840551495552063,0.15720920264720917,0.15070313215255737,0.00020149500051047653,-3.440193540882319e-05,0.9390842914581299,0.9319651126861572,0.7025100588798523,0.16787393391132355,0.16657917201519012,0.9386239647865295,0.9318910837173462,0.7023980021476746,0.1699024736881256,0.1675747185945511,16499,3.8481364250183105,,,,,,,,,,,,,0.17607280611991882,0.08257351070642471,0.08699041604995728,0.5473703742027283,0.12119166553020477,0.10285221040248871,0.0,0.006312116980552673,0.01240772008895874,0.19479264318943024,0.18848052620887756,0.17607280611991882
0.03173828125,0.2769848108291626,0.0,0.0,0.0,0.53125,0.16649504005908966,1.5260847806930542,0.0,0.6600029468536377,0.061333343386650085,0.66015625,10.71837043762207,0,-1.3875057697296143,0.5365171432495117,10.454679489135742,0.9933629035949707,0.9981231689453125,0.1303018182516098,0.4850119948387146,0.012540980242192745,0.015840187668800354,507.4117736816406,0.0,0.8591858148574829,816557.0,0.02769908495247364,0.14326459169387817,0.30711129307746887,57.0,4.511253833770752,5.515812397003174,1.6085131168365479,0.0,5832.0,816558.0,215.0,0.0011351424036547542,0.0,0.0,0.0,771829.4375,193558.546875,1033.6470947265625,431.0,0.0,622.0,2806.0,816557.0,-0.6181850433349609,-2.822477340698242,0.15342631936073303,0.002449563704431057,126.0,2048.0,1.3611438274383545,0.2577439248561859,0.0,5.489603519439697,0.2106829732656479,,,-0.10215134173631668,759129.0,-0.019006013870239258,0.0016438433667644858,1.1002812385559082,-0.02468748390674591,3237.0,0.0,816558.0,103.89666748046875,101.0,0.03599429875612259,49.6116828918457,0.3574388027191162,2.4375858306884766,51.0,16384.0,0.046426646411418915,0.03817374259233475,0.2750830352306366,0.23448874056339264,0.016304347664117813,221.18299865722656,0.9795288443565369,0.945030152797699,1.1912946701049805,0.0035703068133443594,-0.3090454638004303,0.1502026915550232,0.08349609375,0.7883107662200928,0.6575195789337158,0.0,0.0007155439234338701,1.0,1.0,1.5231294631958008,0.08375928550958633,0.23327133059501648,0.691954493522644,0.6922636032104492,0.9501453638076782,0.9446530342102051,0.44903868436813354,20.141576766967773,0.9805980920791626,1.0,-0.0010789254447445273,0.2789583206176758,0.9358958005905151,0.9170742630958557,0.6840854287147522,0.15842843055725098,0.15162600576877594,-0.00027088134083896875,3.1994329674489563e-06,0.9388700127601624,0.9319747686386108,0.7025535106658936,0.16899597644805908,0.16718025505542755,0.9384353756904602,0.9319766163825989,0.7023086547851562,0.17124100029468536,0.1685037910938263,16999,3.834268569946289,,,,,,,,,,,,,0.17787213623523712,0.08286943286657333,0.08741965889930725,0.5533838272094727,0.12332440167665482,0.10348448902368546,0.0,0.00689205527305603,0.013590142130851746,0.1983543336391449,0.19146227836608887,0.17787213623523712
0.0230712890625,0.2826688885688782,0.0,0.0,0.0,0.75,0.16941937804222107,1.6131376028060913,0.0,0.6558363437652588,0.06235741078853607,0.703125,11.1367826461792,0,-1.4301007986068726,0.5447941422462463,10.119114875793457,1.0127294063568115,0.9983347058296204,0.12269562482833862,0.4852282404899597,0.012638532556593418,0.015975551679730415,561.5098266601562,3.0,0.8860818147659302,840849.0,0.02868720330297947,0.1471811681985855,0.30806437134742737,56.0,4.497637748718262,5.46204948425293,1.578735113143921,1.0,5887.0,840850.0,198.0,0.0011577405966818333,0.0,0.0,0.0,796121.4375,204503.578125,1087.8431396484375,443.0,0.0,635.0,2856.0,840849.0,-1.5473747253417969,-3.5740418434143066,0.15642984211444855,0.0019778162240982056,115.0,2048.0,1.4192841053009033,0.26575717329978943,0.0,5.415065288543701,0.24210919439792633,,,-0.09740710258483887,783237.0,-0.01826702617108822,0.0028245060238987207,1.09689462184906,-0.024511190131306648,3299.0,0.0,840850.0,85.21813201904297,86.0,0.030112044885754585,63.30683517456055,0.35103780031204224,2.6876275539398193,51.0,16384.0,0.046758901327848434,0.038272809237241745,0.2715453505516052,0.22933954000473022,0.027173912152647972,227.23780822753906,0.979505717754364,0.927667498588562,1.1882383823394775,0.0017245610943064094,-0.29823625087738037,0.1633184552192688,0.09375,0.7629551887512207,0.7696078419685364,0.0,0.0007462964858859777,1.0,1.0,1.652686357498169,0.08943044394254684,0.25286996364593506,0.5671826601028442,0.6455659866333008,0.8725969791412354,0.9627745151519775,0.47074803709983826,20.525184631347656,0.9873653054237366,1.0,-0.0006481827585957944,0.2789754867553711,0.9355406761169434,0.9168927669525146,0.6830717921257019,0.15915270149707794,0.1522015482187271,0.0001515888870926574,-9.767105802893639e-05,0.9386366605758667,0.9319640398025513,0.7020850777626038,0.17011478543281555,0.16792377829551697,0.9381191730499268,0.9320385456085205,0.7013549208641052,0.1721867322921753,0.16933903098106384,17499,3.983649492263794,,,,,,,,,,,,,0.17725348472595215,0.08277267217636108,0.08721266686916351,0.5555888414382935,0.12018509209156036,0.10060840845108032,0.0,0.006688535213470459,0.013020187616348267,0.19696220755577087,0.19027367234230042,0.17725348472595215
0.0211181640625,0.2989300489425659,0.0,0.0,0.0,0.46875,0.1688491702079773,1.6468462944030762,0.0,0.6685501933097839,0.0623680055141449,0.7265625,11.553412437438965,0,-1.4719783067703247,0.547505259513855,9.344826698303223,1.034973382949829,0.998553454875946,0.11632659286260605,0.4854603409767151,0.012747690081596375,0.016092367470264435,602.7142944335938,0.0,0.9106190800666809,864957.0,0.029211007058620453,0.14959290623664856,0.29418572783470154,56.0,4.483821392059326,5.439351558685303,1.5436644554138184,0.0,5923.0,864958.0,291.0,0.0016393447294831276,0.0,0.0,0.0,820229.4375,217427.796875,1139.09521484375,447.0,0.0,649.0,2910.0,864957.0,-0.33647918701171875,-3.172060251235962,0.15829132497310638,0.002086837310343981,101.0,2048.0,1.3435590267181396,0.26169630885124207,0.0,5.519984722137451,0.23411159217357635,,,-0.0920911431312561,807208.0,-0.017381561920046806,0.0019786027260124683,1.093394160270691,-0.019613608717918396,3357.0,0.0,864958.0,68.78646850585938,71.0,0.024398624897003174,89.83748626708984,0.3441126346588135,3.0906643867492676,42.0,16384.0,0.047024473547935486,0.03809306025505066,0.2712765336036682,0.23129796981811523,0.016304347664117813,230.96397399902344,0.9787200689315796,0.9468396902084351,1.1920543909072876,0.00334378844127059,-0.295555979013443,0.14480240643024445,0.07373046875,0.7718213200569153,0.6109965443611145,0.0,0.0009003598242998123,1.0,1.0,1.4985361099243164,0.0933515876531601,0.27293911576271057,0.6566872596740723,0.6952751874923706,0.9211001396179199,0.9563519358634949,0.4299139082431793,20.906225204467773,1.0922616720199585,1.0,-0.0007602879195474088,0.2788832485675812,0.9353104829788208,0.916477382183075,0.6837258338928223,0.16009294986724854,0.15296205878257751,-4.696011728810845e-06,-6.1609307522303425e-06,0.9383938312530518,0.9319741725921631,0.7020320296287537,0.17117096483707428,0.16867437958717346,0.9379055500030518,0.9318016767501831,0.7019689083099365,0.17321453988552094,0.17009508609771729,17999,3.7945868968963623,,,,,,,,,,,,,0.17639103531837463,0.0821835845708847,0.08627248555421829,0.5604659914970398,0.1220671534538269,0.10132385045289993,0.0,0.007515370845794678,0.014739826321601868,0.19864623248577118,0.1911308616399765,0.17639103531837463
0.030517578125,0.26828092336654663,0.0,0.0,0.0,0.5,0.17242112755775452,1.8440576791763306,0.0,0.6624215245246887,0.06239979714155197,0.74609375,11.824474334716797,0,-1.513409972190857,0.5425074696540833,8.057989120483398,1.0528124570846558,0.9987114071846008,0.11021457612514496,0.4857320785522461,0.01276363618671894,0.016110733151435852,700.551025390625,0.0,0.9266580939292908,889085.0,0.029697265475988388,0.15216252207756042,0.29047346115112305,55.0,4.4553704261779785,5.280027389526367,1.5159916877746582,0.0,5965.0,889086.0,38.0,0.0008265115320682526,0.0,0.0,0.0,844357.4375,228836.96875,1230.346923828125,467.0,0.0,661.0,2945.0,889085.0,0.7342910766601562,-4.53839635848999,0.16481690108776093,0.0010829896200448275,96.0,2051.0,1.3754422664642334,0.2535545229911804,0.0,5.5691423416137695,0.2364397794008255,,,-0.08555205911397934,831351.0,-0.01623082160949707,0.001318087219260633,1.0849603414535522,-0.017374536022543907,3412.0,0.020408162847161293,889086.0,72.2377700805664,71.0,0.024108659476041794,74.1064224243164,0.34038597345352173,2.9444589614868164,49.0,16384.0,0.04742471128702164,0.038271039724349976,0.26823562383651733,0.22692056000232697,0.016304347664117813,232.3421630859375,0.9793118238449097,0.9379721283912659,1.209320306777954,-0.005061952862888575,-0.3144818842411041,0.2153957188129425,0.08740234375,0.81691575050354,0.6817255616188049,0.0,0.0008583866874687374,1.0,1.0,1.573897361755371,0.06510620564222336,0.2915996313095093,0.5763035416603088,0.6455360651016235,0.8763024806976318,0.9723381996154785,0.49057766795158386,21.28541374206543,1.0282453298568726,1.0,-0.0007443070644512773,0.2789223790168762,0.9352102279663086,0.9170519113540649,0.683608889579773,0.16087482869625092,0.15350134670734406,5.06877331645228e-05,-2.12337909033522e-05,0.9381797909736633,0.9320732951164246,0.7018917798995972,0.17209069430828094,0.1692948043346405,0.9378066658973694,0.9325463175773621,0.7017478346824646,0.17400239408016205,0.1705772876739502,18499,3.899982452392578,,,,,,,,,,,,,0.180608868598938,0.08299700170755386,0.08747345209121704,0.5605658888816833,0.12228371202945709,0.10145728290081024,0.0,0.008002147078514099,0.015514805912971497,0.20412582159042358,0.19612367451190948,0.180608868598938
0.0286865234375,0.2751336097717285,0.0,0.0,0.0,0.6875,0.17244020104408264,1.8471635580062866,0.0,0.6628881692886353,0.06256560981273651,0.7578125,12.244217872619629,0,-1.5543817281723022,0.5496660470962524,8.445869445800781,1.072205901145935,0.9988381862640381,0.10475298762321472,0.4860174357891083,0.012839902192354202,0.016204798594117165,708.8958129882812,0.0,0.9456306099891663,913321.0,0.030808035284280777,0.1576710343360901,0.28527289628982544,53.0,4.436282157897949,5.21548318862915,1.5003278255462646,0.0,6014.0,913322.0,1172.0,0.007670132908970118,0.0,0.0,0.0,868593.4375,242251.921875,1244.0833740234375,488.0,0.0,667.0,2959.0,913321.0,-1.6976280212402344,-4.563444137573242,0.16839130222797394,0.0019429067615419626,91.0,2052.0,1.3600056171417236,0.2599332928657532,0.0,5.61641263961792,0.23670393228530884,,,-0.077464759349823,855596.0,-0.014802719466388226,-0.00031319563277065754,1.0774343013763428,-0.01313360221683979,3447.0,0.0,913322.0,58.562808990478516,58.0,0.019601216539740562,88.85717010498047,0.33818668127059937,3.271064043045044,48.0,16384.0,0.047675568610429764,0.0382281057536602,0.26603826880455017,0.225303515791893,0.016304347664117813,238.66714477539062,0.9763017892837524,0.9328052997589111,1.2086396217346191,0.004408828914165497,-0.31747347116470337,0.20343655347824097,0.07275390625,0.8256167769432068,0.6704967617988586,0.0,0.0007319579599425197,1.0,1.0,1.283475399017334,0.07711882144212723,0.30551692843437195,0.6464613676071167,0.6826465129852295,0.8933357000350952,0.9632048010826111,0.4842560589313507,21.661582946777344,1.0321921110153198,1.0,-0.0008565389434807003,0.2786110043525696,0.935035228729248,0.9167004823684692,0.6832311153411865,0.16283582150936127,0.15461158752441406,-4.886079113930464e-05,-4.525832264334895e-05,0.9380058646202087,0.932220995426178,0.7017348408699036,0.17322498559951782,0.1700320839881897,0.9376432299613953,0.9324081540107727,0.7012768983840942,0.1756698191165924,0.1716116964817047,18999,3.8725123405456543,,,,,,,,,,,,,0.18066605925559998,0.08311843127012253,0.08873678743839264,0.556302547454834,0.12717130780220032,0.103668212890625,0.0,0.009152144193649292,0.0173894464969635,0.20720764994621277,0.19805550575256348,0.18066605925559998
0.0252685546875,0.3014191687107086,0.0,0.0,0.0,0.6875,0.1736702173948288,1.7644468545913696,0.0,0.6775681972503662,0.06279489398002625,0.796875,12.523038864135742,0,-1.594550371170044,0.5364208221435547,8.5643949508667,1.0882211923599243,0.9989590048789978,0.10000000149011612,0.4860451817512512,0.012837030924856663,0.016187455505132675,774.6511840820312,0.0,0.9677181243896484,937118.0,0.03121699020266533,0.1596146821975708,0.28097113966941833,53.0,4.422848701477051,5.20322322845459,1.483757495880127,0.0,6066.0,937119.0,1044.0,0.006370579823851585,0.0,0.0,0.0,892390.4375,254224.875,1303.0,497.0,0.0,674.0,2981.0,937118.0,-2.3530426025390625,-5.559584617614746,0.17044714093208313,0.0016491259448230267,100.0,2048.0,1.298332929611206,0.2637796998023987,0.0,5.513115406036377,0.2216072827577591,,,-0.069738008081913,879336.0,-0.013409319333732128,-5.887552470085211e-05,1.0714603662490845,-0.011472940444946289,3478.0,0.0,937119.0,71.43461608886719,71.0,0.023817511275410652,92.24421691894531,0.3356025516986847,3.013512372970581,43.0,16384.0,0.0479746088385582,0.03864448517560959,0.2651991546154022,0.22453580796718597,0.016304347664117813,242.76095581054688,0.9768140912055969,0.9494938850402832,1.212388515472412,0.003372624982148409,-0.3108755946159363,0.1773209422826767,0.0595703125,0.7078161835670471,0.6048306226730347,0.0,0.0008408090798184276,1.0,1.0,1.3784160614013672,0.08636824786663055,0.3082590103149414,0.6784054636955261,0.6788060069084167,0.8732535243034363,0.9445453882217407,0.4474996328353882,22.034183502197266,1.0120699405670166,1.0,-0.000960927049163729,0.2788933217525482,0.9348509907722473,0.9165700078010559,0.6837116479873657,0.16139017045497894,0.15340910851955414,-7.799560262355953e-05,2.8233906050445512e-05,0.9378282427787781,0.932305097579956,0.7018089294433594,0.1739264577627182,0.17037981748580933,0.9374735951423645,0.9324824810028076,0.7019825577735901,0.1744152307510376,0.17029693722724915,19499,3.468674659729004,,,,,,,,,,,,,0.1796756386756897,0.08280760049819946,0.08807004988193512,0.5559079051017761,0.12578697502613068,0.10265608131885529,0.0,0.009058743715286255,0.017216265201568604,0.20595064759254456,0.1968919038772583,0.1796756386756897
0.027587890625,0.31344079971313477,0.0,0.0,0.0,0.6875,0.17561720311641693,1.8156554698944092,0.0,0.6802427172660828,0.06394249200820923,0.80078125,12.89197063446045,0,-1.6335787773132324,0.5463287830352783,8.553940773010254,1.1038331985473633,0.998954176902771,0.10000000149011612,0.48602479696273804,0.01287447102367878,0.016273364424705505,766.6521606445312,0.0,1.0027931928634644,960934.0,0.030932608991861343,0.15739572048187256,0.2740713357925415,52.0,4.435294151306152,5.2131524085998535,1.4717053174972534,0.0,6104.0,960935.0,677.0,0.004122218117117882,0.0,0.0,0.0,916206.4375,263954.65625,1306.1522216796875,502.0,0.0,680.0,3016.0,960934.0,-1.23760986328125,-5.558384418487549,0.17316478490829468,0.002255401574075222,113.0,2048.0,1.3051910400390625,0.25845250487327576,0.0,5.5774359703063965,0.20829112827777863,,,-0.0605069063603878,903148.0,-0.01167602650821209,-0.001132384524680674,1.0613203048706055,-0.009446443989872932,3518.0,0.0,960935.0,84.56278228759766,84.0,0.02785145863890648,70.88697052001953,0.3317594528198242,2.689415693283081,46.0,16384.0,0.04831827059388161,0.038539379835128784,0.2621366083621979,0.2209133356809616,0.016304347664117813,236.62399291992188,0.9733477830886841,0.9402816295623779,1.220621109008789,-0.00724203372374177,-0.3190476596355438,0.18730312585830688,0.0615234375,0.7622678875923157,0.6419098377227783,0.0,0.0007129127625375986,1.0,1.0,1.4531493186950684,0.07224923372268677,0.30553656816482544,0.5259260535240173,0.5630016326904297,0.8050123453140259,0.9305863976478577,0.49189645051956177,22.40557098388672,1.021870493888855,1.0,-0.0007830028189346194,0.2790984511375427,0.934597373008728,0.916551947593689,0.6836423873901367,0.16100433468818665,0.15279100835323334,0.00016105169197544456,1.3441323972074315e-05,0.9376523494720459,0.9324613213539124,0.7018530964851379,0.17417310178279877,0.17034059762954712,0.9372391700744629,0.932655930519104,0.7021312713623047,0.17415548861026764,0.16986115276813507,19999,3.7397570610046387,,,,,,,,,,,,,0.1785559058189392,0.0816708505153656,0.08580908179283142,0.5589261054992676,0.12500999867916107,0.10068748891353607,0.0,0.009694069623947144,0.018143057823181152,0.2063930332660675,0.19669896364212036,0.1785559058189392
0.0169677734375,0.3079677224159241,0.0,0.0,0.0,0.53125,0.17452700436115265,1.8592407703399658,0.0,0.6739935874938965,0.06355917453765869,0.81640625,13.041800498962402,0,-1.6723463535308838,0.5601356029510498,8.143320083618164,1.1210097074508667,0.9989576935768127,0.10000000149011612,0.4860679805278778,0.013012947514653206,0.01639336161315441,695.7254638671875,0.0,1.0341567993164062,985066.0,0.030307747423648834,0.15394547581672668,0.2642005383968353,52.0,4.4283623695373535,5.237756729125977,1.4622632265090942,0.0,6155.0,985067.0,201.0,0.0011919831158593297,0.0,0.0,0.0,940338.4375,275137.875,1256.058837890625,514.0,0.0,684.0,3029.0,985066.0,-1.2130317687988281,-4.2626214027404785,0.17915920913219452,0.002914467826485634,100.0,2049.0,1.2393925189971924,0.2549152672290802,0.0,5.5873260498046875,0.23387707769870758,,,-0.06112818792462349,927290.0,-0.011888707056641579,-0.0004853879800066352,1.063087821006775,-0.010473053902387619,3543.0,0.0,985067.0,75.70904541015625,74.0,0.02443050593137741,83.60142517089844,0.33109158277511597,2.844254493713379,51.0,16384.0,0.04876498878002167,0.038998305797576904,0.26306235790252686,0.21930260956287384,0.016304347664117813,237.6879119873047,0.981372594833374,0.9337483048439026,1.2212984561920166,0.012501921504735947,-0.3230237364768982,0.19793042540550232,0.049072265625,0.7877187132835388,0.561571478843689,0.0,0.0007055667228996754,1.0,1.0,1.3698649406433105,0.06598202884197235,0.31612545251846313,0.5970114469528198,0.6079193353652954,0.8564625382423401,0.9118912220001221,0.4640200436115265,22.774850845336914,1.050980806350708,1.0,-0.0008965629967860878,0.2790517210960388,0.9344925880432129,0.9164682030677795,0.682797372341156,0.1618470549583435,0.15353688597679138,-0.00021909535280428827,-4.760036608786322e-05,0.9374566078186035,0.9325133562088013,0.7017204761505127,0.17417572438716888,0.17023999989032745,0.937106728553772,0.9327457547187805,0.7010710835456848,0.17496661841869354,0.17086438834667206,20499,3.834822177886963,,,,,,,,,,,,,0.1797088086605072,0.08308158814907074,0.08816362172365189,0.5671943426132202,0.12950502336025238,0.10299379378557205,0.0,0.010597258806228638,0.019921422004699707,0.21022748947143555,0.1996302306652069,0.1797088086605072
0.0242919921875,0.33928167819976807,0.0,0.0,0.0,0.625,0.17699870467185974,1.859401822090149,0.0,0.6845505237579346,0.06391756981611252,0.8515625,13.49647331237793,0,-1.7116116285324097,0.5595200657844543,12.87282943725586,1.139968991279602,0.9989821910858154,0.10000000149011612,0.4863661229610443,0.013028216548264027,0.016410723328590393,699.7708129882812,0.0,1.0659160614013672,1009271.0,0.0320158451795578,0.16163204610347748,0.2694104313850403,52.0,4.439767837524414,5.293665409088135,1.451451301574707,0.0,6205.0,1009272.0,385.0,0.002400964731350541,0.0,0.0,0.0,964543.4375,284928.9375,1260.9375,518.0,0.0,689.0,3059.0,1009271.0,-0.34142303466796875,-4.328021049499512,0.1852588951587677,0.0054677012376487255,113.0,2048.0,1.5232303142547607,0.2993345260620117,0.0,5.659346103668213,0.2215038686990738,,,-0.06263436377048492,951418.0,-0.012283669784665108,-0.000550037482753396,1.0657862424850464,-0.011910984292626381,3577.0,0.0,1009272.0,76.29570770263672,85.0,0.02778685837984085,92.14405059814453,0.3271176218986511,2.943763017654419,48.0,16384.0,0.04895166680216789,0.039113134145736694,0.2582446038722992,0.21754327416419983,0.016304347664117813,252.7892608642578,0.975649893283844,0.9489113092422485,1.2270766496658325,0.01064053364098072,-0.32254448533058167,0.1462283432483673,0.07080078125,0.6796338558197021,0.6868257522583008,0.0,0.0006933581316843629,1.0,1.0,1.4376392364501953,0.052525609731674194,0.29642173647880554,0.4611878991127014,0.6211502552032471,0.7501988410949707,0.9474598169326782,0.4903581738471985,23.139631271362305,1.1071114540100098,1.0,-0.0008863468538038433,0.27874696254730225,0.9343178272247314,0.9165651202201843,0.6831612586975098,0.16408176720142365,0.15499496459960938,5.895519643672742e-05,-7.87749195296783e-06,0.9372991323471069,0.9327237010002136,0.7016124725341797,0.17496739327907562,0.17078444361686707,0.9369671940803528,0.9331042766571045,0.7015978097915649,0.17703568935394287,0.17214712500572205,20999,3.720993995666504,,,,,,,,,,,,,0.17715711891651154,0.08083415031433105,0.08657680451869965,0.562454342842102,0.1286163181066513,0.10117815434932709,0.0,0.011303707957267761,0.020965278148651123,0.20942610502243042,0.19812239706516266,0.17715711891651154
0.024658203125,0.3075108230113983,0.0,0.0,0.0,0.46875,0.17850027978420258,1.9757180213928223,0.0,0.6798037886619568,0.06382844597101212,0.859375,13.769518852233887,0,-1.7488980293273926,0.554627537727356,9.652810096740723,1.1556389331817627,0.9990110993385315,0.10000000149011612,0.4866846799850464,0.013110491447150707,0.01651000790297985,693.8181762695312,0.0,1.080071210861206,1033274.0,0.03272898495197296,0.16553719341754913,0.27146604657173157,51.0,4.4430012702941895,5.296552658081055,1.4434850215911865,0.0,6239.0,1033275.0,364.0,0.002323717810213566,0.0,0.0,0.0,988546.4375,295750.90625,1255.227294921875,528.0,0.0,693.0,3079.0,1033274.0,-2.150531768798828,-4.734306335449219,0.18673540651798248,0.003761246334761381,111.0,2049.0,1.3632073402404785,0.2789967656135559,0.0,5.74959135055542,0.22599302232265472,,,-0.06621019542217255,975414.0,-0.013073046691715717,-0.00016737602709326893,1.0707318782806396,-0.011708153411746025,3607.0,0.0,1033275.0,75.98111724853516,84.0,0.027281584218144417,92.10342407226562,0.32527434825897217,2.9338927268981934,44.0,16384.0,0.04916258156299591,0.03910723328590393,0.25721195340156555,0.21578744053840637,0.021739130839705467,242.9813995361328,0.978430449962616,0.9408920407295227,1.2320066690444946,0.005077122710645199,-0.33382534980773926,0.1914379596710205,0.062255859375,0.7401753664016724,0.7443975210189819,0.0,0.0007756212144158781,1.0,1.0,1.2773151397705078,0.05915902554988861,0.2893693447113037,0.5247578620910645,0.6295740604400635,0.7134091854095459,0.9655773639678955,0.4778398871421814,23.504369735717773,1.1077330112457275,1.0,-0.0006604416994377971,0.27850863337516785,0.9341771602630615,0.9169123768806458,0.6833480596542358,0.16535989940166473,0.15558463335037231,0.00012978936138097197,-8.151209840434603e-07,0.9371439814567566,0.9329439997673035,0.7015833854675293,0.17606288194656372,0.1714370995759964,0.9368302226066589,0.9335443377494812,0.7017033696174622,0.17818887531757355,0.17257028818130493,21499,3.828803062438965,,,,,,,,,,,,,0.18084897100925446,0.08250489830970764,0.08730201423168182,0.5644673109054565,0.130723237991333,0.10254359990358353,0.0,0.011662766337394714,0.02162395417690277,0.21413569152355194,0.20247292518615723,0.18084897100925446
0.030517578125,0.3070111870765686,0.0,0.0,0.0,0.75,0.18232953548431396,1.9003690481185913,0.0,0.692128598690033,0.06345520913600922,0.88671875,14.195637702941895,0,-1.7862404584884644,0.5629016160964966,10.129581451416016,1.1689974069595337,0.9989631175994873,0.10000000149011612,0.4868928790092468,0.013146103359758854,0.01656555011868477,684.974365234375,0.0,1.1095303297042847,1056781.0,0.031113581731915474,0.15760965645313263,0.280573308467865,50.0,4.425501823425293,5.246933460235596,1.4327352046966553,0.0,6276.0,1056782.0,281.0,0.0017909746384248137,0.0,0.0,0.0,1012053.4375,306444.8125,1248.6666259765625,546.0,0.0,698.0,3089.0,1056781.0,-2.3803672790527344,-5.799627780914307,0.19267909228801727,0.0033947238698601723,113.0,2052.0,1.5112603902816772,0.29404139518737793,0.0,5.832698822021484,0.24955405294895172,,,-0.06541246920824051,998933.0,-0.012984192930161953,-0.0011081922566518188,1.0695182085037231,-0.011398970149457455,3635.0,0.0,1056782.0,80.20266723632812,84.0,0.02719326689839363,80.5143051147461,0.3244219422340393,2.7834153175354004,39.0,16384.0,0.04961441829800606,0.03917485848069191,0.255352258682251,0.211758553981781,0.005434782709926367,246.91433715820312,0.972136378288269,0.9414480328559875,1.2379637956619263,0.009442727081477642,-0.34089675545692444,0.19636209309101105,0.06884765625,0.742311418056488,0.6529621481895447,0.0,0.0008113066432997584,1.0,1.0,1.3753468990325928,0.07762277871370316,0.29951047897338867,0.5608692169189453,0.6422681212425232,0.8183460235595703,0.941659688949585,0.4966451823711395,23.86542320251465,1.1428983211517334,1.0,-0.001166926696896553,0.2784419655799866,0.9340336322784424,0.9165971875190735,0.6829663515090942,0.16614200174808502,0.15603339672088623,-0.00024317504721693695,1.696641083981376e-05,0.9369999766349792,0.9331790208816528,0.7017359733581543,0.1769794076681137,0.17190535366535187,0.9367191195487976,0.9334960579872131,0.70164555311203,0.17876285314559937,0.17290525138378143,21999,3.9158523082733154,,,,,,,,,,,,,0.179612934589386,0.08136002719402313,0.0872221440076828,0.5563395619392395,0.12943148612976074,0.09985451400279999,0.0,0.013004466891288757,0.02324831485748291,0.21586571633815765,0.2028612494468689,0.179612934589386
0.019775390625,0.28884732723236084,0.0,0.0,0.0,0.625,0.18072395026683807,2.023749351501465,0.0,0.7073476314544678,0.06409868597984314,0.9140625,14.572510719299316,0,-1.8227200508117676,0.5470326542854309,9.241713523864746,1.182125449180603,0.9990296363830566,0.10000000149011612,0.4871084690093994,0.013201490044593811,0.01663544774055481,631.2083129882812,0.0,1.1330082416534424,1080562.0,0.03148933872580528,0.16098880767822266,0.2723923921585083,50.0,4.469242095947266,5.278774261474609,1.430708646774292,0.0,6314.0,1080563.0,1314.0,0.008494583889842033,0.0,0.0,0.0,1035834.4375,315175.21875,1213.1041259765625,550.0,0.0,699.0,3124.0,1080562.0,-1.0367584228515625,-3.8061277866363525,0.19510908424854279,0.004318776540458202,108.0,2048.0,1.3699798583984375,0.2812197208404541,0.0,5.851902484893799,0.24454334378242493,,,-0.06750500947237015,1022721.0,-0.01346298586577177,-0.0011340552009642124,1.0712565183639526,-0.012545394711196423,3674.0,0.0,1080563.0,72.37747955322266,78.0,0.024967988952994347,112.09862518310547,0.320314884185791,3.076164484024048,48.0,16384.0,0.0496855229139328,0.03938937187194824,0.25348392128944397,0.21170984208583832,0.021739130839705467,259.9042053222656,0.9727774262428284,0.9477154612541199,1.2394564151763916,0.009567614644765854,-0.35078418254852295,0.16979433596134186,0.05859375,0.657170295715332,0.6939820647239685,0.0,0.0006891295779496431,1.0,1.0,1.265793800354004,0.06708785146474838,0.2778902053833008,0.5216245651245117,0.606759786605835,0.7285250425338745,0.9580256938934326,0.47721803188323975,24.222013473510742,1.1138747930526733,1.0,-0.0006875618710182607,0.27830028533935547,0.933893620967865,0.9164802432060242,0.6828323006629944,0.16617469489574432,0.15703928470611572,0.00015212349535431713,-2.2139445718494244e-05,0.9368645548820496,0.9333152174949646,0.7015709280967712,0.177778959274292,0.17257218062877655,0.9365825653076172,0.9335975646972656,0.7015244364738464,0.1788388192653656,0.1739383041858673,22499,3.741272449493408,,,,,,,,,,,,,0.18001681566238403,0.08109192550182343,0.08708439767360687,0.558469831943512,0.1329144835472107,0.10198459029197693,0.0,0.013673529028892517,0.02423630654811859,0.21792665123939514,0.20425312221050262,0.18001681566238403
0.0220947265625,0.2932698130607605,0.0,0.0,0.0,0.625,0.17953749001026154,1.9544023275375366,0.0,0.7029171586036682,0.06441569328308105,0.9375,14.907901763916016,0,-1.8580987453460693,0.5558153390884399,9.677660942077637,1.1936887502670288,0.9990589022636414,0.10000000149011612,0.48735126852989197,0.013306984677910805,0.01672806777060032,678.8222045898438,0.0,1.1525205373764038,1104610.0,0.030895400792360306,0.15843191742897034,0.2660139501094818,49.0,4.491453170776367,5.272793769836426,1.424883246421814,0.0,6351.0,1104611.0,1258.0,0.008620521053671837,0.0,0.0,0.0,1059882.5,324440.59375,1254.4666748046875,555.0,0.0,702.0,3153.0,1104610.0,-2.6431236267089844,-4.969066143035889,0.19869989156723022,0.00248265964910388,115.0,2048.0,1.3997430801391602,0.2890748977661133,0.0,6.110502243041992,0.2840190529823303,,,-0.06577492505311966,1046765.0,-0.013179118745028973,-0.000994606758467853,1.0688576698303223,-0.009055393747985363,3708.0,0.0,1104611.0,94.47760009765625,91.0,0.028861401602625847,84.89694213867188,0.3173065185546875,2.5491795539855957,45.0,16384.0,0.049955710768699646,0.039384063333272934,0.25631946325302124,0.21113371849060059,0.021739130839705467,258.2355651855469,0.9721797704696655,0.9366986751556396,1.2482622861862183,0.003928269259631634,-0.34225839376449585,0.19233666360378265,0.049560546875,0.6739612817764282,0.5937202572822571,0.0,0.0007161058601923287,1.0,1.0,1.235025405883789,0.07693953812122345,0.28949296474456787,0.5400994420051575,0.5906839370727539,0.7375538349151611,0.9068918228149414,0.5097151398658752,24.577970504760742,1.1098700761795044,1.0,-0.0010658575920388103,0.27823391556739807,0.933790922164917,0.9167805314064026,0.6822344064712524,0.16771996021270752,0.15820643305778503,-0.00022844402701593935,-5.3157851652940735e-05,0.9367422461509705,0.9335364103317261,0.7014294266700745,0.17844614386558533,0.17335155606269836,0.9364701509475708,0.9339720606803894,0.7007222175598145,0.18035463988780975,0.17503909766674042,22999,3.4703760147094727,,,,,,,,,,,,,0.17906972765922546,0.08017051219940186,0.08656366914510727,0.5579293966293335,0.1303282380104065,0.10072429478168488,0.0,0.013265565037727356,0.023682162165641785,0.2160174548625946,0.20275188982486725,0.17906972765922546
0.02392578125,0.2979958951473236,0.0,0.0,0.0,0.5625,0.1839924156665802,2.0578787326812744,0.0,0.7099990248680115,0.06521520018577576,0.95703125,15.234418869018555,0,-1.8927303552627563,0.5667152404785156,8.902853012084961,1.211206078529358,0.9990742206573486,0.10000000149011612,0.48762771487236023,0.013336287811398506,0.016774212941527367,741.52001953125,0.0,1.1761021614074707,1128626.0,0.03224528208374977,0.16624295711517334,0.26810207962989807,48.0,4.486486434936523,5.257421970367432,1.4228270053863525,0.0,6402.0,1128627.0,73.0,0.00033660896588116884,0.0,0.0,0.0,1083898.5,334573.1875,1306.0400390625,579.0,0.0,703.0,3154.0,1128626.0,-2.6108055114746094,-7.349497318267822,0.20531432330608368,0.00404915539547801,123.0,2054.0,1.3180760145187378,0.2708010673522949,0.0,6.1063761711120605,0.2582942247390747,,,-0.06514182686805725,1070780.0,-0.013141879811882973,-0.0006705032428726554,1.0676313638687134,-0.011141168884932995,3733.0,0.0,1128627.0,106.79008483886719,96.0,0.030437540262937546,61.6639404296875,0.31766360998153687,2.216677188873291,50.0,16384.0,0.05039861425757408,0.039816714823246,0.25140777230262756,0.21214982867240906,0.027173912152647972,246.88803100585938,0.9758406281471252,0.9477040767669678,1.2473992109298706,0.0023915518540889025,-0.3305070698261261,0.15618064999580383,0.054443359375,0.6255548596382141,0.6496512293815613,0.0,0.0008868241566233337,1.0,1.0,1.4074044227600098,0.06268654763698578,0.2839677333831787,0.5074957609176636,0.578765869140625,0.6755826473236084,0.9296493530273438,0.49645572900772095,24.930034637451172,1.2162890434265137,1.0,-0.0008469180320389569,0.27819088101387024,0.9336020946502686,0.9170133471488953,0.6818310022354126,0.16891492903232574,0.1585121750831604,3.492909672786482e-05,-7.274439121829346e-05,0.9365943074226379,0.9337921142578125,0.7010305523872375,0.17945611476898193,0.17402930557727814,0.9363014101982117,0.9343386888504028,0.7004088759422302,0.18163873255252838,0.17537853121757507,23499,3.937152862548828,,,,,,,,,,,,,0.18453441560268402,0.08241727948188782,0.08717014640569687,0.5716597437858582,0.13449059426784515,0.10135742276906967,0.0,0.014759734272956848,0.02637195587158203,0.2256661057472229,0.21090637147426605,0.18453441560268402
0.0263671875,0.2991598844528198,0.0,0.0,0.0,0.59375,0.18402990698814392,1.9775742292404175,0.0,0.7167274951934814,0.06508101522922516,0.984375,15.716564178466797,0,-1.9259212017059326,0.552139401435852,9.291366577148438,1.2142459154129028,0.9990979433059692,0.10000000149011612,0.4878750741481781,0.01332548726350069,0.016770949587225914,600.5,0.0,1.2129334211349487,1152807.0,0.0329153873026371,0.1813155561685562,0.24761302769184113,48.0,4.524079322814941,5.267065048217773,1.4177558422088623,0.0,6452.0,1152808.0,479.0,0.002850614720955491,0.0,1.0,0.00141643057577312,1108079.5,342836.625,1202.25,583.0,0.0,706.0,3194.0,1152807.0,-0.80438232421875,-3.1482419967651367,0.21008801460266113,0.0015567848458886147,101.0,2048.0,1.47641921043396,0.28481072187423706,0.0,6.155104160308838,0.2345273345708847,,,-0.05971101298928261,1094833.0,-0.01210231427103281,-0.0016973899910226464,1.0620043277740479,-0.00995249580591917,3777.0,0.0,1152808.0,78.59239959716797,72.0,0.02254226617515087,81.5992202758789,0.3135329782962799,2.660371780395508,44.0,16384.0,0.05064027011394501,0.039675209671258926,0.2541015148162842,0.21174412965774536,0.027173912152647972,254.9212646484375,0.9764629006385803,0.9505934715270996,1.2592707872390747,0.012573793530464172,-0.3505503833293915,0.18341030180454254,0.0673828125,0.6127113103866577,0.5742016434669495,0.0,0.000897961959708482,1.0,1.0,1.2153093814849854,0.09455791860818863,0.30171725153923035,0.6519601345062256,0.6482627391815186,0.8610354661941528,0.9498990178108215,0.5053724050521851,25.278610229492188,1.175560712814331,1.0,-0.0009147536475211382,0.2780352830886841,0.9334930777549744,0.9168428182601929,0.6822363138198853,0.1695723980665207,0.15912744402885437,-3.060603194171563e-05,-5.70992415305227e-06,0.9364717602729797,0.9340119957923889,0.7009636759757996,0.18040628731250763,0.1746983379125595,0.9362102746963501,0.9343977570533752,0.7008786797523499,0.1821177452802658,0.17590127885341644,23999,3.54679012298584,,,,,,,,,,,,,0.18216116726398468,0.081149622797966,0.08587591350078583,0.5683085918426514,0.13147830963134766,0.10034739971160889,0.0,0.014279469847679138,0.025473132729530334,0.22191376984119415,0.20763429999351501,0.18216116726398468
0.03076171875,0.3148796558380127,0.0,0.0,0.0,0.59375,0.18444612622261047,2.062786102294922,0.0,0.7160881161689758,0.06482895463705063,1.0078125,16.023876190185547,0,-1.9587352275848389,0.541806697845459,8.257791519165039,1.2329061031341553,0.9990583062171936,0.10000000149011612,0.48811155557632446,0.013371357694268227,0.016823088750243187,614.3529663085938,0.0,1.2249572277069092,1176939.0,0.03132746368646622,0.16407553851604462,0.2619374394416809,48.0,4.557284355163574,5.2848639488220215,1.4144959449768066,1.0,6498.0,1176940.0,23.0,0.0015506430063396692,0.0,0.0,0.0,1132211.5,353073.625,1211.6077880859375,590.0,0.0,707.0,3222.0,1176939.0,0.20856094360351562,-2.797971487045288,0.21787607669830322,0.004125778563320637,112.0,2048.0,1.3257551193237305,0.27481943368911743,0.0,6.381689548492432,0.276193231344223,,,-0.061778564006090164,1118963.0,-0.012590105645358562,-0.0008417043136432767,1.0643906593322754,-0.010133727453649044,3812.0,0.03921568766236305,1176940.0,82.45277404785156,81.0,0.025139665231108665,72.54550170898438,0.31088966131210327,2.601452589035034,51.0,16384.0,0.05074900761246681,0.03990429267287254,0.25025802850723267,0.2067478597164154,0.016304347664117813,249.6763458251953,0.9745784401893616,0.937538743019104,1.2554633617401123,0.008826382458209991,-0.352295845746994,0.1856754720211029,0.052978515625,0.5677018761634827,0.560869574546814,0.0,0.0008895189384929836,1.0,1.0,1.2305760383605957,0.08746413141489029,0.3134456276893616,0.5367001295089722,0.598574161529541,0.7189069390296936,0.9289106130599976,0.5004589557647705,25.62603759765625,1.1358251571655273,1.0,-0.0008252162951976061,0.27785858511924744,0.9333268404006958,0.9168559312820435,0.6820309162139893,0.1703849583864212,0.15982282161712646,-5.376517947297543e-05,-2.3381837308988906e-05,0.9363272786140442,0.9341486096382141,0.7008768916130066,0.18122659623622894,0.1752348244190216,0.9360413551330566,0.934546947479248,0.7006099820137024,0.1829049289226532,0.17653818428516388,24499,3.5058469772338867,,,,,,,,,,,,,0.1843540519475937,0.08156628906726837,0.08738959580659866,0.5624610185623169,0.1377948373556137,0.10282358527183533,0.0,0.016804039478302002,0.02914772927761078,0.23030582070350647,0.21350178122520447,0.1843540519475937
0.029052734375,0.2859005331993103,0.0,0.0,0.0,0.5,0.1853814423084259,2.1590073108673096,0.0,0.7089549899101257,0.0651763379573822,1.015625,16.345701217651367,0,-1.9931813478469849,0.5627442002296448,9.778684616088867,1.2471050024032593,0.999090313911438,0.10000000149011612,0.4883882701396942,0.013428173027932644,0.016885921359062195,720.4468383789062,0.0,1.2231099605560303,1200914.0,0.03277802839875221,0.17269252240657806,0.2598040997982025,48.0,4.593220233917236,5.332620620727539,1.4124693870544434,0.0,6541.0,1200915.0,328.0,0.0020513376221060753,0.0,0.0,0.0,1156186.5,363853.6875,1294.978759765625,595.0,0.0,708.0,3252.0,1200914.0,-1.2926101684570312,-5.021353721618652,0.22304250299930573,0.02047312818467617,98.0,2048.0,1.5616029500961304,0.2932029664516449,0.0,6.215384006500244,0.24810846149921417,,,-0.06489112228155136,1142885.0,-0.013311599381268024,-0.0005945892189629376,1.069092869758606,-0.013675572350621223,3847.0,0.0,1200915.0,71.32750701904297,67.0,0.02060270681977272,88.51351928710938,0.307705283164978,2.771876811981201,47.0,16384.0,0.05089816451072693,0.040066689252853394,0.24965724349021912,0.20601072907447815,0.027173912152647972,242.334716796875,0.9683697819709778,0.9355465769767761,1.2645361423492432,0.014421517960727215,-0.34301888942718506,0.19485124945640564,0.07763671875,0.6436039209365845,0.6165436506271362,0.0,0.0009162256610579789,1.0,1.0,1.2052552700042725,0.05655273050069809,0.31107571721076965,0.586291491985321,0.6956154108047485,0.8198049068450928,0.9532917737960815,0.49663659930229187,25.969879150390625,1.179019808769226,1.0,-0.0007020629127509892,0.27772289514541626,0.9331752061843872,0.9168927073478699,0.6821929216384888,0.1717422902584076,0.16047391295433044,0.00017206842312589288,-1.3635171853820793e-05,0.9362000226974487,0.9344125390052795,0.700756847858429,0.18226352334022522,0.1760326474905014,0.9358975291252136,0.9347873330116272,0.7008025050163269,0.1841995269060135,0.17707495391368866,24999,3.7574210166931152,,,,,,,,,,,,,0.18125461041927338,0.08094856142997742,0.08620008826255798,0.5748431086540222,0.13507211208343506,0.10153694450855255,0.0,0.015499517321586609,0.027602389454841614,0.2243565171957016,0.208856999874115,0.18125461041927338
,,,,,,,,,,,,,0,,,,,,,,,,,,,,,,,,,,,,,,,,,,,,,,,,,,,,,,,,,,,,,,0.006457662209868431,0.265201210975647,,,,,,,,,,,,,,,,,,,,,,,,,,,,,,,,,,,,,,,,,,,,,,,,,,,,,,,,,,,,,,,,,,,24999,,0.8372513651847839,132.860595703125,152.42550659179688,19.56490135192871,7.817014217376709,140.6776123046875,130.2594451904297,138.00477600097656,153.48568725585938,8.746959686279297,163.53811645507812,154.79115295410156,,,,,,,,,,,,
0.033447265625,0.27887633442878723,0.0,0.0,0.0,0.6875,0.18746060132980347,2.223388671875,0.0,0.72391676902771,0.06527385860681534,1.0390625,16.533222198486328,0,-2.0263233184814453,0.5687690377235413,10.371148109436035,1.2627497911453247,0.9990882277488708,0.10000000149011612,0.4885428547859192,0.013443340547382832,0.01693524420261383,750.2244873046875,0.0,1.239423394203186,1224849.0,0.031534601002931595,0.16787821054458618,0.24724158644676208,47.0,4.620056629180908,5.316409111022949,1.4124693870544434,0.0,6572.0,1224850.0,492.0,0.003205573419108987,0.0,0.0,0.0,1180121.5,372398.0625,1326.5306396484375,602.0,0.0,708.0,3271.0,1224849.0,-2.1366539001464844,-6.3678154945373535,0.2263350784778595,0.005220112390816212,108.0,2050.0,1.398386001586914,0.277713805437088,0.0,6.408679962158203,0.27495908737182617,,,-0.05573105439543724,1166811.0,-0.011468690820038319,4.428190368344076e-05,1.0589985847473145,-0.008657163940370083,3873.0,0.0,1224850.0,80.24080657958984,82.0,0.02506878599524498,74.11262512207031,0.3059888780117035,2.6578972339630127,49.0,16384.0,0.05107736960053444,0.040036145597696304,0.24968431890010834,0.2034701257944107,0.016304347664117813,262.0245056152344,0.9669162034988403,0.9378146529197693,1.266167163848877,0.009858396835625172,-0.3455544412136078,0.21289360523223877,0.0537109375,0.6563742160797119,0.5863650441169739,0.0,0.0008643058245070279,1.0,1.0,1.2425992488861084,0.05208079144358635,0.30039146542549133,0.5416871905326843,0.6327654123306274,0.7363214492797852,0.9172212481498718,0.5105749368667603,26.31110382080078,1.1780781745910645,1.0,-0.001056418288499117,0.2779388725757599,0.9331517815589905,0.917108952999115,0.6815817952156067,0.17154206335544586,0.16057661175727844,-0.0001390078687109053,-2.6766905648401007e-05,0.9360746741294861,0.9346525073051453,0.7006743550300598,0.18298187851905823,0.1764233410358429,0.935867965221405,0.9351807236671448,0.70029217004776,0.18407145142555237,0.17733179032802582,25499,3.790236234664917,,,,,,,,,,,,,0.183469757437706,0.08139080554246902,0.08684758096933365,0.5712682008743286,0.14078332483768463,0.10166731476783752,0.0,0.018544495105743408,0.031619563698768616,0.23363381624221802,0.2150893211364746,0.183469757437706
0.0255126953125,0.28816351294517517,0.0,0.0,0.0,0.4375,0.18857035040855408,2.2833688259124756,0.0,0.7175976037979126,0.06639198958873749,1.0390625,16.775798797607422,0,-2.0577166080474854,0.5640715956687927,9.233747482299805,1.2714418172836304,0.9991041421890259,0.10000000149011612,0.48873934149742126,0.013473299331963062,0.016980960965156555,706.6666870117188,0.0,1.250028371810913,1248627.0,0.03371015563607216,0.19061049818992615,0.24379074573516846,50.0,4.634181022644043,5.35530424118042,1.4124693870544434,0.0,6617.0,1248628.0,789.0,0.005426864139735699,0.0,1.0,0.0014124293811619282,1203899.5,382355.3125,1292.4666748046875,611.0,0.0,708.0,3281.0,1248627.0,-2.0786590576171875,-6.62001895904541,0.230201855301857,0.0027332191821187735,95.0,2051.0,1.3360016345977783,0.2641734182834625,0.0,6.057902812957764,0.2573569118976593,,,-0.05503907799720764,1190592.0,-0.011371063999831676,-0.00023959713871590793,1.0581597089767456,-0.01235988363623619,3892.0,0.0,1248628.0,69.24360656738281,71.0,0.021639743819832802,90.68870544433594,0.30493754148483276,2.9085865020751953,45.0,16384.0,0.0512094683945179,0.04024067521095276,0.24700219929218292,0.20510680973529816,0.021739130839705467,250.018798828125,0.9577780961990356,0.9466807246208191,1.264451503753662,0.003888177452608943,-0.3481951057910919,0.23717045783996582,0.061767578125,0.6068271994590759,0.6022554039955139,0.0,0.000919645419344306,1.0,1.0,1.2891416549682617,0.041381362825632095,0.2867409288883209,0.551655650138855,0.599919319152832,0.7180004715919495,0.9260410070419312,0.5246067643165588,26.64906883239746,1.17208731174469,1.0,-0.0008157574338838458,0.27812808752059937,0.9329032301902771,0.9171397089958191,0.6819217801094055,0.17181792855262756,0.16098320484161377,-3.4129083360312507e-05,-1.5715957488282584e-05,0.9359551072120667,0.934908390045166,0.7006000876426697,0.18349049985408783,0.17691412568092346,0.935656726360321,0.9353894591331482,0.7004225254058838,0.18467172980308533,0.17806096374988556,25999,3.7979891300201416,,,,,,,,,,,,,0.18719005584716797,0.0823202133178711,0.08684849739074707,0.5751543045043945,0.14311689138412476,0.10322685539722443,0.0,0.019525572657585144,0.03329432010650635,0.24000994861125946,0.22048437595367432,0.18719005584716797
0.0167236328125,0.31080466508865356,0.0,0.0,0.0,0.5625,0.1862940788269043,2.2236216068267822,0.0,0.7301735877990723,0.06584592908620834,1.0546875,17.024112701416016,0,-2.087078809738159,0.575477123260498,11.565876007080078,1.2842152118682861,0.9991170167922974,0.10000000149011612,0.4890611171722412,0.013544456101953983,0.01705583557486534,716.6400146484375,0.0,1.272672176361084,1272717.0,0.03370688855648041,0.1906832754611969,0.24443352222442627,50.0,4.637005805969238,5.317595481872559,1.4124693870544434,0.0,6644.0,1272718.0,906.0,0.005647632293403149,0.0,1.0,0.0014124293811619282,1227989.5,394219.09375,1299.3599853515625,621.0,0.0,708.0,3283.0,1272717.0,-2.4178085327148438,-4.636851787567139,0.23435033857822418,0.012815195135772228,101.0,2050.0,1.265877604484558,0.26810890436172485,0.0,6.2999420166015625,0.25227344036102295,,,-0.05436196178197861,1214692.0,-0.011268692091107368,-0.0003736658254638314,1.058679461479187,-0.009306452237069607,3904.0,0.0,1272718.0,64.16452026367188,69.0,0.02101736143231392,98.18367004394531,0.30478939414024353,3.025360107421875,50.0,16384.0,0.05154331400990486,0.0400596484541893,0.24400538206100464,0.20009635388851166,0.010869565419852734,248.23414611816406,0.9593249559402466,0.9421287178993225,1.2702544927597046,0.009992644190788269,-0.34666863083839417,0.2278023213148117,0.05126953125,0.6561072468757629,0.6402680277824402,0.0,0.0008024062844924629,1.0,1.0,1.1566517353057861,0.057710420340299606,0.28515177965164185,0.5233873128890991,0.5777286291122437,0.7731227874755859,0.939152717590332,0.524792492389679,26.98564910888672,1.252458930015564,1.0,-0.0007219937979243696,0.27774909138679504,0.933002233505249,0.9170776605606079,0.6816988587379456,0.17338034510612488,0.16282199323177338,4.3224008550168946e-05,-2.8185639166622423e-05,0.9358537197113037,0.9351155757904053,0.7004374265670776,0.18425878882408142,0.17768996953964233,0.9356978535652161,0.9354557394981384,0.7002249360084534,0.18602018058300018,0.1797085702419281,26499,3.751660108566284,,,,,,,,,,,,,0.18002066016197205,0.07868283987045288,0.08508948236703873,0.5673210620880127,0.14084212481975555,0.1007901281118393,0.0,0.01982186734676361,0.032938152551651,0.23278068006038666,0.21295881271362305,0.18002066016197205
0.02001953125,0.2855832278728485,0.0,0.0,0.0,0.6875,0.18989869952201843,2.1961212158203125,0.0,0.7282794713973999,0.06594210863113403,1.0703125,17.251720428466797,0,-2.1179444789886475,0.5482733249664307,10.710742950439453,1.2886521816253662,0.9991130828857422,0.10000000149011612,0.48925477266311646,0.013606052845716476,0.01711241900920868,735.8163452148438,0.0,1.2904815673828125,1296733.0,0.0328863151371479,0.18724964559078217,0.24374260008335114,50.0,4.637005805969238,5.225834369659424,1.4124693870544434,1.0,6668.0,1296734.0,1433.0,0.009797416627407074,0.0,1.0,0.0014124293811619282,1252005.5,405139.90625,1314.8367919921875,641.0,0.0,708.0,3283.0,1296733.0,-2.2452430725097656,-5.243738651275635,0.2364351451396942,0.003582415170967579,95.0,2050.0,1.4322837591171265,0.2874366044998169,0.0,6.279651165008545,0.2592655420303345,,,-0.05365709215402603,1238708.0,-0.011170336976647377,-0.0006732864421792328,1.0577515363693237,-0.008808599784970284,3924.0,0.0,1296734.0,69.53252410888672,71.0,0.021626561880111694,72.27021026611328,0.30468833446502686,2.822971820831299,49.0,16384.0,0.05183670297265053,0.040213655680418015,0.24749796092510223,0.20290136337280273,0.016304347664117813,246.92103576660156,0.9529783725738525,0.9344562888145447,1.2730088233947754,0.012273232452571392,-0.35624560713768005,0.223623588681221,0.05615234375,0.6070666909217834,0.6439232230186462,0.0,0.0007865799125283957,1.0,1.0,1.2585701942443848,0.04841599240899086,0.27993398904800415,0.5658318400382996,0.5577068328857422,0.7431936264038086,0.9319087266921997,0.5206624269485474,27.320838928222656,1.3324856758117676,1.0,-0.0008438521763309836,0.2777617871761322,0.9328774809837341,0.9168505668640137,0.6815012097358704,0.17355799674987793,0.16272105276584625,6.809622573200613e-05,-1.5637388059985824e-05,0.9357703328132629,0.9352464079856873,0.7003450393676758,0.18501286208629608,0.178523451089859,0.9355780482292175,0.9354797601699829,0.7002711296081543,0.18616898357868195,0.17960211634635925,26999,3.6023473739624023,,,,,,,,,,,,,0.18317857384681702,0.07973623275756836,0.0854957103729248,0.5676153898239136,0.13904771208763123,0.10111825168132782,0.0,0.019091486930847168,0.032077133655548096,0.23434719443321228,0.2152557075023651,0.18317857384681702
0.0224609375,0.30052584409713745,0.0,0.0,0.0,0.75,0.1914832442998886,2.228623867034912,0.0,0.7265878915786743,0.06594249606132507,1.1015625,17.567665100097656,0,-2.1473135948181152,0.5680297613143921,10.652993202209473,1.3042986392974854,0.9991347193717957,0.10000000149011612,0.4895690381526947,0.013679368421435356,0.017196688801050186,705.9545288085938,0.0,1.3198390007019043,1320791.0,0.03500155732035637,0.1985989212989807,0.2618233561515808,48.0,4.645480155944824,5.237501621246338,1.4124693870544434,0.0,6700.0,1320792.0,852.0,0.005603429861366749,0.0,1.0,0.0014124293811619282,1276063.5,412890.71875,1281.772705078125,653.0,0.0,708.0,3289.0,1320791.0,-2.665363311767578,-5.035398006439209,0.24061061441898346,0.004697283264249563,103.0,2049.0,1.331428050994873,0.28165125846862793,0.0,6.630742073059082,0.2524092197418213,,,-0.05140480026602745,1262775.0,-0.01074250228703022,-0.0006030536605976522,1.0547949075698853,-0.005898820236325264,3942.0,0.0,1320792.0,73.18099975585938,75.0,0.022803284227848053,65.0756607055664,0.3041658103466034,2.724801778793335,44.0,16384.0,0.05207443609833717,0.040152668952941895,0.2431342750787735,0.20117388665676117,0.016304347664117813,262.0632019042969,0.9598856568336487,0.9368724226951599,1.2799980640411377,-0.0008799911011010408,-0.35564735531806946,0.2266741394996643,0.045654296875,0.6457889676094055,0.585892379283905,0.0,0.0009126844233833253,1.0,1.0,1.1710846424102783,0.05314718186855316,0.27622511982917786,0.6291543841362,0.5993192195892334,0.8087012767791748,0.9164614677429199,0.5101792812347412,27.65416145324707,1.4454030990600586,1.0,-0.0008374971803277731,0.27740323543548584,0.9328463673591614,0.9171584248542786,0.6816370487213135,0.17528952658176422,0.16382229328155518,-9.498238796368241e-06,5.063198841526173e-06,0.9356889128684998,0.9354516863822937,0.7003783583641052,0.18567301332950592,0.17906074225902557,0.9355574250221252,0.9359103441238403,0.7004131078720093,0.1876436173915863,0.18047605454921722,27499,3.646848678588867,,,,,,,,,,,,,0.18482160568237305,0.0804848000407219,0.08587609231472015,0.5741734504699707,0.14632120728492737,0.10306797176599503,0.0,0.021739527583122253,0.03637439012527466,0.24293552339076996,0.2211959958076477,0.18482160568237305
0.0228271484375,0.3011431396007538,0.0,0.0,0.0,0.65625,0.1910219043493271,2.285552978515625,0.0,0.7384980916976929,0.06603355705738068,1.1015625,17.791465759277344,0,-2.176434278488159,0.5750939846038818,12.148874282836914,1.3071556091308594,0.999142587184906,0.10000000149011612,0.4897936284542084,0.013710297644138336,0.017247948795557022,762.4000244140625,0.0,1.3496440649032593,1345063.0,0.033804599195718765,0.19167962670326233,0.26458418369293213,49.0,4.661016941070557,5.278742790222168,1.4124693870544434,0.0,6725.0,1345064.0,1027.0,0.006226513534784317,0.0,1.0,0.0014124293811619282,1300335.5,421285.78125,1327.13330078125,659.0,0.0,708.0,3300.0,1345063.0,-0.3238677978515625,-5.123749732971191,0.24722523987293243,0.00609089620411396,110.0,2049.0,1.4514474868774414,0.2939922511577606,0.0,6.72859001159668,0.23169143497943878,,,-0.05058858543634415,1286971.0,-0.010618855245411396,-0.0005009876331314445,1.0541437864303589,-0.00537668215110898,3959.0,0.0,1345064.0,80.93093872070312,92.0,0.027878787368535995,69.83718872070312,0.30307337641716003,2.6783618927001953,45.0,16384.0,0.05220688506960869,0.04012453183531761,0.24477052688598633,0.1992340236902237,0.021739130839705467,262.78125,0.9590413570404053,0.9438595771789551,1.275574803352356,0.013288463465869427,-0.36188095808029175,0.2063920497894287,0.054931640625,0.5912120938301086,0.5648484826087952,0.0,0.0009233244927600026,1.0,1.0,1.0951647758483887,0.0893743485212326,0.28714877367019653,0.523849368095398,0.5785850882530212,0.7168431282043457,0.8858826756477356,0.534511148929596,27.981334686279297,1.190087080001831,1.0,-0.0010589606827124953,0.27743762731552124,0.9328071475028992,0.9175674319267273,0.6813244819641113,0.1756644994020462,0.16438032686710358,-0.0001554210903123021,5.046695605415152e-06,0.9356459975242615,0.9357555508613586,0.7003852725028992,0.18665379285812378,0.17979276180267334,0.9355208277702332,0.936490535736084,0.7002730965614319,0.18784736096858978,0.18091470003128052,27999,3.5584263801574707,,,,,,,,,,,,,0.1817299723625183,0.07832461595535278,0.08451367169618607,0.572126030921936,0.14176127314567566,0.1006486713886261,0.0,0.020860478281974792,0.03471842408180237,0.23730887472629547,0.21644839644432068,0.1817299723625183
0.0185546875,0.31303104758262634,0.0,0.0,0.0,0.46875,0.19327124953269958,2.3314297199249268,0.0,0.737565815448761,0.06678720563650131,1.1171875,18.056346893310547,0,-2.2052152156829834,0.5723217129707336,13.464287757873535,1.3209630250930786,0.9991557002067566,0.10000000149011612,0.49001383781433105,0.013775225728750229,0.017315799370408058,724.780029296875,0.0,1.3764383792877197,1368943.0,0.03404052555561066,0.19409336149692535,0.2616046071052551,49.0,4.683615684509277,5.277200222015381,1.4124693870544434,0.0,6760.0,1368944.0,1332.0,0.008936463855206966,0.0,1.0,0.0014124293811619282,1324215.5,427498.4375,1295.3199462890625,670.0,0.0,708.0,3316.0,1368943.0,-2.1061859130859375,-5.692230224609375,0.2517242729663849,0.0035720346495509148,101.0,2048.0,1.411788821220398,0.2846870422363281,0.0,6.7421650886535645,0.2423344999551773,,,-0.048375025391578674,1310855.0,-0.01018107682466507,2.4479864805471152e-05,1.0514694452285767,-0.006823542527854443,3986.0,0.0,1368944.0,68.94340515136719,78.0,0.02352231554687023,71.8488998413086,0.3016863763332367,2.885277509689331,50.0,16384.0,0.05257445573806763,0.04017127677798271,0.23900355398654938,0.19617825746536255,0.010869565419852734,252.07264709472656,0.9544501304626465,0.9404222369194031,1.2791985273361206,0.012356306426227093,-0.3612581491470337,0.19244760274887085,0.056640625,0.6625452637672424,0.6522918939590454,0.0,0.0008040764951147139,1.0,1.0,1.1460704803466797,0.05649198591709137,0.2756701707839966,0.540786623954773,0.6343717575073242,0.7810163497924805,0.9288523197174072,0.5055789947509766,28.309946060180664,1.2175474166870117,1.0,-0.0007147073047235608,0.2773629426956177,0.9326841235160828,0.917183518409729,0.6816053986549377,0.1760384887456894,0.16481247544288635,4.2120278521906585e-05,-3.079326006627525e-06,0.9355675578117371,0.9360000491142273,0.7003603577613831,0.18709711730480194,0.18027740716934204,0.935393214225769,0.9362483620643616,0.7003723382949829,0.18833036720752716,0.18151293694972992,28499,3.687537431716919,,,,,,,,,,,,,0.18368060886859894,0.07907833904027939,0.08538997918367386,0.5697296857833862,0.14476242661476135,0.10169783234596252,0.0,0.02251969277858734,0.03691105544567108,0.24311135709285736,0.22059166431427002,0.18368060886859894
0.0174560546875,0.31522026658058167,0.0,0.0,0.0,0.625,0.19327424466609955,2.4363913536071777,0.0,0.7424180507659912,0.06696490943431854,1.140625,18.293746948242188,0,-2.2316739559173584,0.5640915632247925,14.85693645477295,1.3277794122695923,0.9991695880889893,0.10000000149011612,0.49018198251724243,0.013874643482267857,0.017429107800126076,745.6400146484375,0.0,1.4131009578704834,1392814.0,0.033016953617334366,0.18972493708133698,0.2640816569328308,49.0,4.700564861297607,5.203431129455566,1.4124693870544434,0.0,6789.0,1392815.0,1649.0,0.011044838465750217,0.0,1.0,0.0014124293811619282,1348086.5,432830.09375,1311.760009765625,683.0,0.0,708.0,3328.0,1392814.0,-2.271350860595703,-5.836704254150391,0.25648239254951477,0.008303730748593807,112.0,2049.0,1.3149456977844238,0.28788596391677856,0.0,6.880605220794678,0.26757556200027466,,,-0.048292383551597595,1334690.0,-0.010199549607932568,0.00023641208827029914,1.051092505455017,-0.006371740717440844,4011.0,0.0,1392815.0,83.5422134399414,89.0,0.026742788031697273,57.3322639465332,0.30054956674575806,2.5959312915802,50.0,16384.0,0.052821606397628784,0.040501806885004044,0.2396085560321808,0.19622845947742462,0.016304347664117813,268.5220642089844,0.9578074216842651,0.9458105564117432,1.2880408763885498,0.0032660560682415962,-0.3698652386665344,0.1942514330148697,0.042724609375,0.5961538553237915,0.5883413553237915,0.0,0.0009195902966894209,1.0,1.0,1.0986247062683105,0.07214438915252686,0.2797246277332306,0.47984281182289124,0.5458760261535645,0.6978826522827148,0.8854480981826782,0.5358109474182129,28.632171630859375,1.3325531482696533,1.0,-0.0008353743469342589,0.2774414122104645,0.9326462745666504,0.9173218607902527,0.6817896366119385,0.17654356360435486,0.16461504995822906,1.6575515473959967e-05,2.531300651753554e-06,0.9354979395866394,0.9361749887466431,0.7003971338272095,0.18782243132591248,0.1808312088251114,0.9353418350219727,0.9365639090538025,0.7004346251487732,0.18892712891101837,0.18142224848270416,28999,3.789531946182251,,,,,,,,,,,,,0.18220868706703186,0.07860998809337616,0.08446995168924332,0.5807210206985474,0.14698955416679382,0.10231070965528488,0.0,0.022330209612846375,0.03751248121261597,0.2420513778924942,0.21972116827964783,0.18220868706703186
0.0205078125,0.32814186811447144,0.0,0.0,0.0,0.4375,0.19455382227897644,2.2732932567596436,0.0,0.747661828994751,0.06664685904979706,1.1640625,18.57221221923828,0,-2.2603538036346436,0.5639209747314453,12.02547836303711,1.3389532566070557,0.9991956949234009,0.10000000149011612,0.4903506636619568,0.01394576858729124,0.017522746697068214,781.5106201171875,0.0,1.450486421585083,1416849.0,0.034365829080343246,0.19751739501953125,0.2767122685909271,49.0,4.700564861297607,5.157288551330566,1.4124693870544434,0.0,6823.0,1416850.0,522.0,0.0035308022052049637,0.0,1.0,0.0014124293811619282,1372121.5,439356.65625,1333.978759765625,697.0,0.0,708.0,3328.0,1416849.0,-3.1818695068359375,-6.732954025268555,0.26402148604393005,0.0039003051351755857,115.0,2050.0,1.2906039953231812,0.2621370255947113,0.0,6.9810590744018555,0.2568579614162445,,,-0.04996003955602646,1358738.0,-0.010589126497507095,1.3715166460315231e-05,1.053398609161377,-0.006217145826667547,4025.0,0.0,1416850.0,90.7752914428711,99.0,0.029747596010565758,56.95505905151367,0.30062541365623474,2.4855940341949463,47.0,16384.0,0.05290806666016579,0.04140614718198776,0.24028469622135162,0.19726797938346863,0.021739130839705467,271.29852294921875,0.9602906107902527,0.9415581226348877,1.2938326597213745,0.01700253039598465,-0.3703513443470001,0.22030875086784363,0.05126953125,0.6234976053237915,0.5378605723381042,0.0,0.0007597309886477888,1.0,1.0,1.0126171112060547,0.10341168940067291,0.28874558210372925,0.6076300144195557,0.6322137117385864,0.8617637753486633,0.9054284691810608,0.5066735148429871,28.95361328125,1.2740281820297241,1.0,-0.0007858454482629895,0.2773417830467224,0.93270343542099,0.9170745015144348,0.6822912096977234,0.17662349343299866,0.16533204913139343,7.368723163381219e-05,4.553281905828044e-05,0.9354329705238342,0.9362937211990356,0.7005681395530701,0.18821090459823608,0.18115155398845673,0.9353485703468323,0.9364321827888489,0.7010495066642761,0.18886108696460724,0.18193592131137848,29499,3.5643258094787598,,,,,,,,,,,,,0.18429937958717346,0.07879354059696198,0.08488563448190689,0.5730258226394653,0.1480843424797058,0.10216185450553894,0.0,0.023862972855567932,0.039046257734298706,0.2472086101770401,0.22334563732147217,0.18429937958717346
0.0150146484375,0.3140347898006439,0.0,0.0,0.0,0.59375,0.19475844502449036,2.433129072189331,0.0,0.7407273054122925,0.06710147857666016,1.1796875,18.945823669433594,0,-2.289152145385742,0.558111310005188,13.44464111328125,1.3509010076522827,0.9992012977600098,0.10000000149011612,0.49048036336898804,0.013986334204673767,0.017577577382326126,705.7111206054688,0.0,1.4708762168884277,1440724.0,0.033065035939216614,0.18950505554676056,0.26851415634155273,46.0,4.724576473236084,5.171088695526123,1.4124693870544434,0.0,6886.0,1440725.0,32.0,0.0015323477564379573,0.0,1.0,0.0014124293811619282,1395996.5,440891.875,1278.04443359375,708.0,0.0,708.0,3345.0,1440724.0,0.8495292663574219,-5.354772567749023,0.2670121490955353,0.003778402227908373,113.0,2050.0,1.333204984664917,0.28070199489593506,0.0,7.106533527374268,0.2945237159729004,,,-0.050761640071868896,1382589.0,-0.010811029002070427,-0.0008370789582841098,1.0551385879516602,-0.006645311135798693,4053.0,0.02222222276031971,1440725.0,93.6928482055664,102.0,0.030493274331092834,54.36762237548828,0.29924535751342773,2.4479289054870605,45.0,16384.0,0.05317281559109688,0.041464198380708694,0.23947465419769287,0.1947147101163864,0.027173912152647972,283.24383544921875,0.9519399404525757,0.938927412033081,1.2966704368591309,0.01371066179126501,-0.3536282181739807,0.19805996119976044,0.048583984375,0.508074164390564,0.6351674795150757,0.0,0.0009813911747187376,1.0,1.0,1.2216033935546875,0.06753039360046387,0.2637104094028473,0.36791878938674927,0.5674377679824829,0.5119312405586243,0.8959015607833862,0.5303651690483093,29.269771575927734,1.2719098329544067,1.0,-0.0007573156035505235,0.27727141976356506,0.9325692653656006,0.917214572429657,0.6817500591278076,0.17716382443904877,0.1656920313835144,8.752817666390911e-05,-6.593968464585487e-06,0.9353912472724915,0.9364140629768372,0.7005813121795654,0.18859140574932098,0.1815839409828186,0.9352428317070007,0.9366769194602966,0.7006087899208069,0.18925093114376068,0.18220146000385284,29999,3.780026435852051,,,,,,,,,,,,,0.1815013289451599,0.07799877226352692,0.0827174186706543,0.586352527141571,0.1497388482093811,0.10070028901100159,0.0,0.0247020423412323,0.040408581495285034,0.24661195278167725,0.22190991044044495,0.1815013289451599
0.0238037109375,0.3117138743400574,0.0,0.0,0.0,0.59375,0.19750934839248657,2.4736127853393555,0.0,0.7470212578773499,0.06681469082832336,1.203125,19.186925888061523,0,-2.316892385482788,0.5706570744514465,14.008874893188477,1.356182336807251,0.9991781115531921,0.10000000149011612,0.49054035544395447,0.014065325260162354,0.017651313915848732,732.52001953125,0.0,1.5042182207107544,1464590.0,0.03373175486922264,0.19342173635959625,0.264803946018219,46.0,4.741525650024414,5.190255641937256,1.4124693870544434,0.0,6919.0,1464591.0,1279.0,0.009191423654556274,0.0,1.0,0.0014124293811619282,1419862.5,443565.75,1303.719970703125,712.0,0.0,708.0,3357.0,1464590.0,-3.0513572692871094,-6.204983234405518,0.2726691961288452,0.006571605801582336,106.0,2048.0,1.4209879636764526,0.2836102247238159,0.0,7.184680938720703,0.28636258840560913,,,-0.05127687752246857,1406394.0,-0.010967171750962734,-0.0006216411711648107,1.0563031435012817,-0.007846705615520477,4069.0,0.0,1464591.0,85.87577819824219,93.0,0.027703305706381798,67.4742660522461,0.2980442941188812,2.610398054122925,50.0,16384.0,0.05349401757121086,0.041455693542957306,0.24034260213375092,0.193463534116745,0.032608695328235626,286.8187255859375,0.9462736248970032,0.9418070912361145,1.2995166778564453,0.0032631289213895798,-0.36157771944999695,0.22407469153404236,0.059326171875,0.5195114612579346,0.6035150289535522,0.0,0.0009626263054087758,1.0,1.0,1.1282591819763184,0.08120717108249664,0.26233822107315063,0.5294530391693115,0.5773393511772156,0.6873419284820557,0.8889948129653931,0.5357009768486023,29.583881378173828,1.385024070739746,1.0,-0.0008369413553737104,0.27756693959236145,0.932390034198761,0.9171271324157715,0.6820311546325684,0.17638753354549408,0.16527381539344788,-1.3008654605073389e-05,1.6084817616501823e-05,0.9353069067001343,0.9365280270576477,0.7006871700286865,0.18873365223407745,0.18178126215934753,0.9350749850273132,0.936706006526947,0.7008175253868103,0.18891355395317078,0.18223115801811218,30499,3.6480231285095215,,,,,,,,,,,,,0.18347950279712677,0.07818412035703659,0.08436396718025208,0.5768440961837769,0.1486380696296692,0.1015547662973404,0.0,0.024928122758865356,0.04012005031108856,0.2485276758670807,0.22359955310821533,0.18347950279712677
0.01007080078125,0.29465022683143616,0.0,0.0,0.0,0.625,0.19449351727962494,2.5330047607421875,0.0,0.7474173903465271,0.06745888292789459,1.21875,19.461137771606445,0,-2.344517230987549,0.5734536647796631,15.310081481933594,1.3629485368728638,0.9992048144340515,0.10000000149011612,0.49067121744155884,0.014092870987951756,0.017747513949871063,658.780029296875,0.0,1.5360172986984253,1488579.0,0.033782098442316055,0.1943913698196411,0.26095736026763916,46.0,4.76694917678833,5.277657508850098,1.4124693870544434,0.0,6972.0,1488580.0,2840.0,0.019523296505212784,0.0,1.0,0.0014124293811619282,1443851.5,444188.625,1244.719970703125,713.0,0.0,708.0,3375.0,1488579.0,-0.8058547973632812,-3.7853212356567383,0.27991312742233276,0.0036174217239022255,103.0,2048.0,1.3564033508300781,0.28487318754196167,0.0,7.3526482582092285,0.3172878324985504,,,-0.05214943364262581,1430303.0,-0.01120475772768259,-0.0012666761176660657,1.0568788051605225,-0.007844879291951656,4088.0,0.0,1488580.0,77.87361907958984,92.0,0.027259258553385735,83.11115264892578,0.2963169515132904,2.826211452484131,50.0,16384.0,0.053726229816675186,0.04113772511482239,0.23783986270427704,0.19241926074028015,0.021739130839705467,270.6654357910156,0.9430650472640991,0.9394518733024597,1.2998758554458618,0.01163003221154213,-0.36593571305274963,0.21058332920074463,0.047607421875,0.5780740976333618,0.6512592434883118,0.0,0.0009644230012781918,1.0,1.0,1.2497615814208984,0.07282505929470062,0.26113998889923096,0.40060317516326904,0.5256979465484619,0.6028562188148499,0.8735330104827881,0.5388708114624023,29.894407272338867,1.2735153436660767,1.0,-0.0009768072050064802,0.2772861421108246,0.9322375655174255,0.9169589877128601,0.6819207668304443,0.17780521512031555,0.16608445346355438,-0.0002065115113509819,1.0766773812065367e-05,0.9351845979690552,0.9365943670272827,0.7007656693458557,0.18898499011993408,0.18201413750648499,0.9349319338798523,0.9367321729660034,0.7006547451019287,0.19010718166828156,0.18286170065402985,30999,3.7556662559509277,,,,,,,,,,,,,0.18207129836082458,0.07817673683166504,0.08387964963912964,0.5808470249176025,0.1524459421634674,0.10178181529045105,0.0,0.026555508375167847,0.0424865186214447,0.25111332535743713,0.2245578169822693,0.18207129836082458
0.01348876953125,0.3275505006313324,0.0,0.0,0.0,0.53125,0.19438202679157257,2.494281053543091,0.0,0.752190351486206,0.0673942118883133,1.234375,19.626651763916016,0,-2.371354341506958,0.5696642398834229,17.062389373779297,1.367665410041809,0.9991975426673889,0.10000000149011612,0.49087998270988464,0.014143738895654678,0.01779976300895214,713.2653198242188,0.0,1.5538884401321411,1512572.0,0.03597414493560791,0.20867399871349335,0.26885154843330383,47.0,4.793785095214844,5.367128849029541,1.4124693870544434,0.0,7032.0,1512573.0,1578.0,0.010799253359436989,0.0,1.0,0.0014124293811619282,1467844.5,442889.9375,1284.2244873046875,717.0,0.0,708.0,3394.0,1512572.0,-1.202667236328125,-4.3586015701293945,0.2850980758666992,0.005475311540067196,112.0,2049.0,1.4380128383636475,0.28607165813446045,0.0,7.702476501464844,0.3154061436653137,,,-0.05515497550368309,1454294.0,-0.011915544047951698,-0.0009061956079676747,1.0626674890518188,-0.006146288476884365,4111.0,0.0,1512573.0,83.49502563476562,109.0,0.032115496695041656,86.7813949584961,0.29469195008277893,2.8667101860046387,49.0,16384.0,0.05394630506634712,0.04098990932106972,0.23681490123271942,0.19360627233982086,0.027173912152647972,281.85748291015625,0.9448164701461792,0.942165732383728,1.3038052320480347,0.011381345801055431,-0.3703627586364746,0.22585813701152802,0.05712890625,0.6051856279373169,0.7015321254730225,0.0,0.000799182744231075,1.0,1.0,1.1056995391845703,0.07326767593622208,0.24102337658405304,0.47420814633369446,0.5963127613067627,0.6683193445205688,0.9355102181434631,0.531444251537323,30.199871063232422,1.2400611639022827,1.0,-0.0007774956175126135,0.2773219048976898,0.9322065711021423,0.9170316457748413,0.682108998298645,0.17845921218395233,0.16667971014976501,5.679494279320352e-05,2.4709284843993373e-05,0.9350782632827759,0.9366864562034607,0.7008268237113953,0.1896175593137741,0.1824996918439865,0.9349091649055481,0.9369947910308838,0.7011032700538635,0.19074687361717224,0.18337403237819672,31499,3.537559986114502,,,,,,,,,,,,,0.1865246295928955,0.0789894312620163,0.08464832603931427,0.5752373337745667,0.1487133502960205,0.10095039010047913,0.0,0.025867804884910583,0.04204295575618744,0.25443539023399353,0.22856758534908295,0.1865246295928955
0.01416015625,0.2813829481601715,0.0,0.0,0.0,0.59375,0.19877013564109802,2.51967453956604,0.0,0.7503947019577026,0.06651430577039719,1.25,20.024925231933594,0,-2.3951303958892822,0.5588240623474121,13.198745727539062,1.3806349039077759,0.9992139339447021,0.10000000149011612,0.4910823702812195,0.014180971309542656,0.017843112349510193,691.8695678710938,0.0,1.581972360610962,1536577.0,0.03606097772717476,0.20935986936092377,0.27368298172950745,47.0,4.80084753036499,5.416842460632324,1.4124693870544434,0.0,7071.0,1536578.0,819.0,0.005795866250991821,0.0,1.0,0.0014124293811619282,1491849.5,449105.0625,1263.2825927734375,721.0,0.0,708.0,3399.0,1536577.0,-1.6179580688476562,-4.525090217590332,0.2910965085029602,0.011598317883908749,115.0,2048.0,1.540536642074585,0.31459224224090576,0.0,7.953591823577881,0.30782073736190796,,,-0.057964175939559937,1478301.0,-0.012599864974617958,-0.0016209605382755399,1.0670406818389893,-0.005675914231687784,4120.0,0.0,1536578.0,85.29676055908203,103.0,0.03030303120613098,74.00865173339844,0.29442131519317627,2.69925594329834,46.0,16383.0,0.053897321224212646,0.04153088107705116,0.23700858652591705,0.19100278615951538,0.027173912152647972,277.1917724609375,0.9518565535545349,0.9374949336051941,1.3072782754898071,0.00875145010650158,-0.3598119616508484,0.2309962511062622,0.052490234375,0.5831126570701599,0.6778464317321777,0.0,0.0007281272555701435,1.0,1.0,1.1095118522644043,0.063987135887146,0.22501631081104279,0.4448961019515991,0.5304396152496338,0.6397180557250977,0.888846755027771,0.5601968169212341,30.50288200378418,1.3290810585021973,1.0,-0.0008465748396702111,0.27716079354286194,0.932268500328064,0.9174639582633972,0.6813300251960754,0.1794731765985489,0.16734115779399872,2.617657264636364e-05,-3.8739242882002145e-05,0.9350415468215942,0.9369885325431824,0.7007439732551575,0.19031058251857758,0.18304209411144257,0.9349331855773926,0.9375180006027222,0.7004179954528809,0.19166888296604156,0.18389831483364105,31999,3.744351387023926,,,,,,,,,,,,,0.1813538372516632,0.07685793936252594,0.08250235766172409,0.5837358236312866,0.1535339653491974,0.10058417916297913,0.0,0.028038591146469116,0.044694215059280396,0.2540866434574127,0.2260480523109436,0.1813538372516632
0.02294921875,0.2960628867149353,0.0,0.0,0.0,0.65625,0.19831232726573944,2.468381643295288,0.0,0.755467414855957,0.06754495203495026,1.2578125,20.172988891601562,0,-2.417833089828491,0.5755720138549805,15.332530975341797,1.3746588230133057,0.9991990923881531,0.10000000149011612,0.49118420481681824,0.014279850758612156,0.017960919067263603,668.2325439453125,0.0,1.6203277111053467,1560570.0,0.034851107746362686,0.20302970707416534,0.28248661756515503,47.0,4.816384315490723,5.426130771636963,1.4124693870544434,0.0,7107.0,1560571.0,165.0,0.0011282808845862746,0.0,1.0,0.0014124293811619282,1515842.5,455593.46875,1240.3953857421875,724.0,0.0,708.0,3410.0,1560570.0,-0.9913139343261719,-4.310859203338623,0.2953433692455292,0.005325067788362503,115.0,2048.0,1.431565284729004,0.29373279213905334,0.0,7.855027675628662,0.3308034837245941,,,-0.0573393888771534,1502164.0,-0.012519476003944874,-0.0008742097415961325,1.0671002864837646,-0.008026177994906902,4134.0,0.0,1560571.0,97.61469268798828,115.0,0.0337243415415287,68.70931243896484,0.29354962706565857,2.51377534866333,43.0,16384.0,0.05413444712758064,0.04136960953474045,0.2381967455148697,0.19121943414211273,0.016304347664117813,280.92889404296875,0.9479290246963501,0.931752622127533,1.310380458831787,0.0162421315908432,-0.3770792484283447,0.18484237790107727,0.051025390625,0.5181818008422852,0.6618768572807312,0.0,0.00111039774492383,1.0,1.0,1.0978024005889893,0.07869146764278412,0.21965666115283966,0.4767172336578369,0.5510551929473877,0.6536580324172974,0.891271710395813,0.5400168895721436,30.806640625,1.2756469249725342,1.0,-0.00083053985144943,0.2773790657520294,0.9321355223655701,0.9172817468643188,0.6816145181655884,0.17893582582473755,0.1671014130115509,-2.3092390620149672e-05,-2.2104446543380618e-05,0.9349745512008667,0.9371741414070129,0.7006023526191711,0.1907821148633957,0.18334513902664185,0.9348080158233643,0.9374586939811707,0.7003781199455261,0.1914331465959549,0.18399177491664886,32499,3.5336408615112305,,,,,,,,,,,,,0.18243002891540527,0.07702429592609406,0.08280056715011597,0.5794912576675415,0.15532173216342926,0.10266783088445663,0.0,0.028661012649536133,0.04515683650970459,0.256247878074646,0.22758686542510986,0.18243002891540527
0.0152587890625,0.30835720896720886,0.0,0.0,0.0,0.5625,0.19830197095870972,2.543912649154663,0.0,0.7619922757148743,0.06755229085683823,1.2734375,20.433359146118164,0,-2.4399614334106445,0.5750356912612915,18.1606388092041,1.3754878044128418,0.9992445707321167,0.10000000149011612,0.4913925528526306,0.014338485896587372,0.0180691909044981,641.97998046875,0.0,1.6680009365081787,1584554.0,0.03571394458413124,0.20835666358470917,0.27941346168518066,47.0,4.819209098815918,5.413177490234375,1.4124693870544434,0.0,7151.0,1584555.0,4170.0,0.03306053578853607,0.0,1.0,0.0014124293811619282,1539826.5,460688.28125,1221.8800048828125,733.0,0.0,708.0,3412.0,1584554.0,-1.4812278747558594,-4.75162410736084,0.29953593015670776,0.010803651064634323,109.0,2048.0,1.3940385580062866,0.300545871257782,0.0,7.898728370666504,0.3531325161457062,,,-0.05582961440086365,1526108.0,-0.012212887406349182,-4.2195308196824044e-05,1.0659445524215698,-0.006575268227607012,4145.0,0.0,1584555.0,88.41429901123047,104.0,0.030480656772851944,69.37071990966797,0.2930896580219269,2.627906322479248,50.0,16384.0,0.0544913075864315,0.04131057485938072,0.23474305868148804,0.1918940395116806,0.021739130839705467,285.0018615722656,0.9399383664131165,0.9477288126945496,1.3052090406417847,-0.0004321353626437485,-0.3806268870830536,0.203619584441185,0.05322265625,0.5879249572753906,0.6359906196594238,0.0,0.0009312357287853956,1.0,1.0,1.1764922142028809,0.07434746623039246,0.21686741709709167,0.4763379693031311,0.5517026782035828,0.7295646667480469,0.8737329244613647,0.5200046300888062,31.107168197631836,1.3222893476486206,1.0,-0.0007522525265812874,0.27703139185905457,0.9321939945220947,0.9174373149871826,0.6813492178916931,0.18040511012077332,0.1680564135313034,0.00015574292046949267,-2.601628511911258e-05,0.9349231123924255,0.937311053276062,0.7004587650299072,0.191289484500885,0.18379192054271698,0.9348489046096802,0.9377556443214417,0.7003794312477112,0.19244924187660217,0.18461517989635468,32999,3.622101306915283,,,,,,,,,,,,,0.18161676824092865,0.07608804851770401,0.08279712498188019,0.5780618786811829,0.15146130323410034,0.10071685910224915,0.0,0.02731907367706299,0.04388417303562164,0.2528200149536133,0.2255009412765503,0.18161676824092865
0.0191650390625,0.32567089796066284,0.0,0.0,0.0,0.5,0.19891582429409027,2.647324562072754,0.0,0.7617445588111877,0.06818416714668274,1.2890625,20.718812942504883,0,-2.4624969959259033,0.5879755020141602,13.757796287536621,1.3832268714904785,0.9992234706878662,0.10000000149011612,0.4915778636932373,0.01439749263226986,0.018142512068152428,683.5416870117188,0.0,1.6943646669387817,1608615.0,0.0347159169614315,0.20241208374500275,0.27957993745803833,47.0,4.819209098815918,5.408210277557373,1.4124693870544434,0.0,7206.0,1608616.0,24.0,0.000561805150937289,0.0,1.0,0.0014124293811619282,1563887.5,465789.9375,1255.0416259765625,752.0,0.0,708.0,3412.0,1608615.0,1.9752540588378906,-5.642342567443848,0.3039068579673767,0.010084706358611584,117.0,2052.0,1.4229638576507568,0.291684091091156,0.0,7.920927047729492,0.3877764940261841,,,-0.0538424476981163,1550176.0,-0.011802863329648972,1.0914714948739856e-05,1.0658258199691772,-0.006201756652444601,4164.0,0.02083333395421505,1608616.0,101.12378692626953,115.0,0.033704571425914764,54.323516845703125,0.2936552166938782,2.39465069770813,48.0,16384.0,0.05445842817425728,0.041626572608947754,0.23493064939975739,0.19126369059085846,0.027173912152647972,282.7125244140625,0.937828779220581,0.9386558532714844,1.3132097721099854,0.004969978705048561,-0.36719048023223877,0.180868998169899,0.05712890625,0.5671160817146301,0.7268463969230652,0.0,0.0008809505379758775,1.0,1.0,1.1365985870361328,0.06545484811067581,0.20499244332313538,0.40393495559692383,0.5575544834136963,0.6312487721443176,0.9264593124389648,0.5452769994735718,31.406492233276367,1.282369613647461,1.0,-0.0009025178151205182,0.2770578861236572,0.9320715665817261,0.9176042675971985,0.6813855171203613,0.18098831176757812,0.16838370263576508,-0.00011639333388302475,1.4282941265264526e-06,0.9348803758621216,0.9375802278518677,0.7005162239074707,0.1918226182460785,0.18411459028720856,0.9347241520881653,0.9380223751068115,0.700410783290863,0.19306229054927826,0.1849983036518097,33499,3.511960029602051,,,,,,,,,,,,,0.1833442747592926,0.0767744779586792,0.08256994932889938,0.5780129432678223,0.15341314673423767,0.10045082867145538,0.0,0.029027074575424194,0.0459061861038208,0.2582775354385376,0.2292504608631134,0.1833442747592926
0.0206298828125,0.3015090227127075,0.0,0.0,0.0,0.625,0.20150503516197205,2.634148597717285,0.0,0.7665506601333618,0.06794830411672592,1.3046875,20.82938003540039,0,-2.4824845790863037,0.5820150971412659,19.10282325744629,1.383661150932312,0.9992424249649048,0.10000000149011612,0.4917975068092346,0.014506245031952858,0.0183107890188694,708.111083984375,0.0,1.7335597276687622,1632729.0,0.03525537997484207,0.20558232069015503,0.28485289216041565,50.0,4.819209098815918,5.561391830444336,1.4124693870544434,0.0,7252.0,1632730.0,1579.0,0.014394354075193405,0.0,1.0,0.0014124293811619282,1588001.5,468046.53125,1271.5777587890625,763.0,0.0,708.0,3412.0,1632729.0,-2.747509002685547,-6.6394147872924805,0.30935171246528625,0.012421186082065105,129.0,2050.0,1.5530242919921875,0.3041142523288727,0.0,7.988700866699219,0.42168036103248596,,,-0.052808117121458054,1574300.0,-0.011631161905825138,4.7986122808652e-05,1.0705822706222534,-0.005546684842556715,4175.0,0.0,1632730.0,107.41918182373047,122.0,0.03575615584850311,46.96721267700195,0.2931450307369232,2.317129135131836,45.0,16384.0,0.054721999913454056,0.04198644310235977,0.23625268042087555,0.19104677438735962,0.021739130839705467,283.5807800292969,0.9333375096321106,0.9412940740585327,1.3198474645614624,0.0128323370590806,-0.37472546100616455,0.2174677550792694,0.05859375,0.5430832505226135,0.6140093803405762,0.0,0.0009404586744494736,1.0,1.0,1.0604922771453857,0.0669034793972969,0.20737051963806152,0.485397607088089,0.5604044198989868,0.7089160680770874,0.9069600105285645,0.5443098545074463,31.6964168548584,1.2846065759658813,1.0,-0.000668903929181397,0.2770196795463562,0.9320357441902161,0.9174283146858215,0.6822186708450317,0.18164679408073425,0.1683155596256256,0.0001442123466404155,6.117556768003851e-05,0.9348116517066956,0.9377589225769043,0.7006791830062866,0.19235897064208984,0.1844124048948288,0.9346717000007629,0.9380304217338562,0.7013720870018005,0.19357353448867798,0.1848917305469513,33999,3.592191219329834,,,,,,,,,,,,,0.18537044525146484,0.07768553495407104,0.08394352346658707,0.5844154357910156,0.15649303793907166,0.10260508954524994,0.0,0.029636383056640625,0.04724973440170288,0.26225656270980835,0.23262017965316772,0.18537044525146484
0.0140380859375,0.33306676149368286,0.0,0.0,0.0,0.71875,0.19955302774906158,2.689429998397827,0.0,0.7648464441299438,0.06739490479230881,1.3203125,21.105512619018555,0,-2.502483606338501,0.5743908882141113,15.056353569030762,1.3837515115737915,0.99922776222229,0.10000000149011612,0.4921368956565857,0.014589197933673859,0.018411708995699883,677.9215698242188,0.0,1.7749419212341309,1657078.0,0.03545457497239113,0.20592226088047028,0.28734320402145386,54.0,4.824858665466309,5.639109134674072,1.4124693870544434,0.0,7292.0,1657079.0,2913.0,0.026844795793294907,0.0,1.0,0.0014124293811619282,1612350.5,473012.75,1245.6470947265625,766.0,0.0,708.0,3416.0,1657078.0,-1.7549018859863281,-5.150122165679932,0.31575807929039,0.006223812699317932,121.0,2048.0,1.44960618019104,0.29029956459999084,0.0,8.092477798461914,0.45091503858566284,,,-0.05321791395545006,1598583.0,-0.01179532241076231,3.167308386764489e-05,1.0792795419692993,-0.006137978285551071,4182.0,0.0,1657079.0,90.62897491455078,120.0,0.03512880578637123,94.41067504882812,0.2927597165107727,2.856607437133789,51.0,16384.0,0.054855260998010635,0.041809868067502975,0.23328067362308502,0.18943025171756744,0.016304347664117813,281.2687072753906,0.9330901503562927,0.9413439631462097,1.3206956386566162,0.005636916030198336,-0.384404718875885,0.21142235398292542,0.06201171875,0.5155152082443237,0.6765222549438477,0.0,0.0008916933438740671,1.0,1.0,1.1969711780548096,0.0670454204082489,0.20423506200313568,0.4582015573978424,0.49644842743873596,0.6167321801185608,0.8916035294532776,0.5589814186096191,31.990442276000977,1.337053656578064,1.0,-0.0009285035193897784,0.27646520733833313,0.9319164156913757,0.9175950884819031,0.6812543272972107,0.18403887748718262,0.17039984464645386,-9.156972373602912e-05,-2.226157630502712e-05,0.9347302913665771,0.9379081130027771,0.7007207274436951,0.19334149360656738,0.18504513800144196,0.9345758557319641,0.9383154511451721,0.700427770614624,0.19573131203651428,0.18679840862751007,34499,3.5650267601013184,,,,,,,,,,,,,0.1810472011566162,0.07579347491264343,0.08175075799226761,0.5815750956535339,0.15674997866153717,0.100885309278965,0.0,0.030744343996047974,0.04817423224449158,0.25996577739715576,0.2292214334011078,0.1810472011566162
0.0247802734375,0.32280105352401733,0.0,0.0,0.0,0.40625,0.20077712833881378,2.578493356704712,0.0,0.7742891907691956,0.06800658255815506,1.3125,21.144372940063477,0,-2.522152900695801,0.5642056465148926,14.929472923278809,1.3900641202926636,0.9992396831512451,0.10000000149011612,0.4923289716243744,0.014611663296818733,0.018438294529914856,643.4761962890625,0.0,1.8016623258590698,1681098.0,0.03455420956015587,0.20152026414871216,0.28620976209640503,55.0,4.826271057128906,5.754480838775635,1.4124693870544434,0.0,7348.0,1681099.0,704.0,0.006705010309815407,0.0,1.0,0.0014124293811619282,1636370.5,474857.5625,1220.2142333984375,776.0,0.0,708.0,3417.0,1681098.0,-1.2196426391601562,-4.694608211517334,0.32205653190612793,0.006445189472287893,128.0,2050.0,1.592485785484314,0.3275645077228546,0.0,8.229796409606934,0.4137292504310608,,,-0.05578087642788887,1622475.0,-0.012402845546603203,-7.142157119233161e-05,1.0844669342041016,-0.007602714002132416,4193.0,0.0,1681099.0,103.01526641845703,132.0,0.03863037750124931,101.18201446533203,0.29288870096206665,2.7052695751190186,42.0,16384.0,0.05515744164586067,0.04164382815361023,0.2340938299894333,0.1888209581375122,0.021739130839705467,288.0777587890625,0.9332956075668335,0.9394225478172302,1.320638656616211,0.01869126223027706,-0.3917607367038727,0.22416409850120544,0.062255859375,0.5645303130149841,0.6350600123405457,0.0,0.0007055074092932045,1.0,1.0,1.1179652214050293,0.06761552393436432,0.2018011063337326,0.4607439637184143,0.549139142036438,0.7094055414199829,0.8957895040512085,0.5474715232849121,32.0,1.3195433616638184,1.0,-0.0006512539694085717,0.2766371965408325,0.9318966865539551,0.9176819324493408,0.68192058801651,0.183307483792305,0.16998054087162018,0.0001045901226461865,1.0558432222751435e-05,0.9346714019775391,0.9381294846534729,0.7006891369819641,0.1942383497953415,0.1856466829776764,0.9345484972000122,0.9385488033294678,0.700886607170105,0.19517995417118073,0.18638306856155396,34999,3.5548465251922607,,,,,,,,,,,,,0.18283843994140625,0.075840525329113,0.08320584893226624,0.5814642906188965,0.15817423164844513,0.10222422331571579,0.0,0.03115907311439514,0.048409610986709595,0.262407124042511,0.23124805092811584,0.18283843994140625
0.0140380859375,0.31422072649002075,0.0,0.0,0.0,0.625,0.20391854643821716,2.643282175064087,0.0,0.7855772376060486,0.0671357661485672,1.34375,21.362648010253906,0,-2.5438356399536133,0.5804992914199829,18.513038635253906,1.3896596431732178,0.9992272853851318,0.10000000149011612,0.49248191714286804,0.014680971391499043,0.018524253740906715,603.7391357421875,0.0,1.8461887836456299,1705047.0,0.03529999405145645,0.20378907024860382,0.29120156168937683,61.0,4.83474588394165,5.942875862121582,1.4124693870544434,0.0,7411.0,1705048.0,1891.0,0.019319796934723854,0.0,1.0,0.0014124293811619282,1660319.5,478561.6875,1186.7174072265625,776.0,0.0,708.0,3423.0,1705047.0,-0.436920166015625,-4.2892374992370605,0.33122488856315613,0.005415759049355984,127.0,2048.0,1.457717776298523,0.2986803948879242,0.0,8.304104804992676,0.4535723626613617,,,-0.0566985197365284,1646416.0,-0.012616555206477642,-0.0009468118078075349,1.0898367166519165,-0.008520383387804031,4199.0,0.0,1705048.0,101.68812561035156,115.0,0.03359626233577728,60.02632522583008,0.2921721637248993,2.4086227416992188,46.0,16384.0,0.05544481426477432,0.04210600256919861,0.23270729184150696,0.18613430857658386,0.027173912152647972,302.95770263671875,0.9293811321258545,0.9348024725914001,1.3318909406661987,0.010009648278355598,-0.38504910469055176,0.2024722397327423,0.04931640625,0.47239264845848083,0.6675431132316589,0.0,0.0010010367259383202,1.0,1.0,1.0519819259643555,0.08687351644039154,0.21232078969478607,0.41777706146240234,0.456487238407135,0.5709327459335327,0.8363021612167358,0.5683515667915344,32.0,1.3648101091384888,1.0,-0.0009457077248953283,0.2765510380268097,0.9320159554481506,0.9179830551147461,0.6816876530647278,0.18358683586120605,0.17053446173667908,-0.00013950762513559312,2.0638715795939788e-05,0.934645414352417,0.9383949637413025,0.7008048295974731,0.1945277899503708,0.18602481484413147,0.9346338510513306,0.9389441013336182,0.7008478045463562,0.19522926211357117,0.18670859932899475,35499,3.5442707538604736,,,,,,,,,,,,,0.18232865631580353,0.07558935880661011,0.08221588283777237,0.5815834999084473,0.15602238476276398,0.10036291927099228,0.0,0.03108149766921997,0.04840974509716034,0.26181989908218384,0.23073840141296387,0.18232865631580353
0.027587890625,0.30587470531463623,0.0,0.0,0.0,0.625,0.2010883092880249,2.7238099575042725,0.0,0.7754667401313782,0.06776583194732666,1.359375,21.653316497802734,0,-2.563634157180786,0.5922456979751587,24.187870025634766,1.3934639692306519,0.9992473125457764,0.10000000149011612,0.49271103739738464,0.014700019732117653,0.018578484654426575,658.8125,0.0,1.8896809816360474,1729241.0,0.03569238632917404,0.20315855741500854,0.29578089714050293,68.0,4.840395450592041,6.167965412139893,1.4124693870544434,0.0,7460.0,1729242.0,2566.0,0.023549865931272507,0.0,1.0,0.0014124293811619282,1684513.5,486645.65625,1225.7708740234375,777.0,0.0,708.0,3427.0,1729241.0,-1.8190116882324219,-4.489397048950195,0.3389574885368347,0.0050832349807024,122.0,2048.0,1.5255016088485718,0.31028124690055847,0.0,8.444219589233398,0.4041213393211365,,,-0.05729154124855995,1670555.0,-0.012828527018427849,-0.0009558674646541476,1.0909929275512695,-0.00810168031603098,4204.0,0.0,1729242.0,95.36685943603516,116.0,0.033848848193883896,73.36577606201172,0.29182207584381104,2.5928211212158203,48.0,16384.0,0.05546564236283302,0.04206431657075882,0.232883021235466,0.18669550120830536,0.021739130839705467,304.6393737792969,0.9339233636856079,0.9445140957832336,1.3280611038208008,0.008210605010390282,-0.3791895806789398,0.1932448148727417,0.059326171875,0.42602860927581787,0.6585935354232788,0.0,0.0007607484585605562,1.0,1.0,1.0277462005615234,0.09100513160228729,0.20090149343013763,0.4045400619506836,0.49042460322380066,0.5501106381416321,0.8698157072067261,0.5734754204750061,32.0,1.4058552980422974,1.0,-0.000908111163880676,0.2765055000782013,0.9319314360618591,0.9180935621261597,0.6810910701751709,0.18520013988018036,0.1712253838777542,-8.953449287218973e-05,-4.400337638799101e-05,0.9346209168434143,0.9386447072029114,0.7006828784942627,0.19527530670166016,0.18649527430534363,0.9345337152481079,0.9391814470291138,0.7001922726631165,0.19695599377155304,0.18760083615779877,35999,3.632809638977051,,,,,,,,,,,,,0.18265031278133392,0.07490241527557373,0.08214812725782394,0.5853878855705261,0.16207155585289001,0.10215627402067184,0.0,0.03350377082824707,0.05203212797641754,0.26818621158599854,0.23468244075775146,0.18265031278133392
0.021728515625,0.2985081970691681,0.0,0.0,0.0,0.34375,0.2048475295305252,2.767634153366089,0.0,0.7891097068786621,0.06768682599067688,1.359375,21.84012222290039,0,-2.5831658840179443,0.5929279327392578,22.510147094726562,1.3989633321762085,0.9992480874061584,0.10000000149011612,0.49284857511520386,0.01477234996855259,0.018657689914107323,626.7735595703125,0.0,1.9164955615997314,1753467.0,0.03594539687037468,0.20256881415843964,0.2955068051815033,74.0,4.840395450592041,6.370565891265869,1.4124693870544434,0.0,7521.0,1753468.0,557.0,0.0050557381473481655,0.0,1.0,0.0014124293811619282,1708739.5,494619.59375,1201.5283203125,783.0,0.0,708.0,3427.0,1753467.0,-1.7536392211914062,-5.011419296264648,0.3452424705028534,0.0029038749635219574,112.0,2050.0,1.5459113121032715,0.29191160202026367,0.0,8.276294708251953,0.40505605936050415,,,-0.05903659760951996,1694760.0,-0.013269760645925999,-0.0010497625917196274,1.0907249450683594,-0.009918438270688057,4210.0,0.0,1753468.0,94.54668426513672,116.0,0.033848848193883896,75.76305389404297,0.29207584261894226,2.5909628868103027,53.0,16384.0,0.05568835511803627,0.04222296550869942,0.23039516806602478,0.18294347822666168,0.027173912152647972,313.1468200683594,0.9308456182479858,0.9383933544158936,1.3280123472213745,0.003245279425755143,-0.3740447461605072,0.1908009946346283,0.07373046875,0.38255032896995544,0.6644295454025269,0.0,0.0007801787578500807,1.0,1.0,1.107238531112671,0.07765009999275208,0.1870913952589035,0.3977310061454773,0.5137826800346375,0.5175900459289551,0.8851703405380249,0.5545980334281921,32.0,1.320332407951355,1.0,-0.0006775571382604539,0.2766001224517822,0.93194580078125,0.9178107380867004,0.681422770023346,0.18459592759609222,0.1710764467716217,9.335756476502866e-05,-1.1895142051798757e-05,0.9345943927764893,0.938876211643219,0.7005673050880432,0.19579578936100006,0.1869322657585144,0.9345353841781616,0.939078152179718,0.7005483508110046,0.19646470248699188,0.187649205327034,36499,3.700645685195923,,,,,,,,,,,,,0.18289220333099365,0.07527679204940796,0.08256670832633972,0.5809218883514404,0.16597062349319458,0.103618323802948,0.0,0.035702064633369446,0.054269298911094666,0.27286356687545776,0.23716150224208832,0.18289220333099365
0.0223388671875,0.2979392409324646,0.0,0.0,0.0,0.5,0.2037820667028427,2.82806134223938,0.0,0.7825003862380981,0.06834805011749268,1.375,22.015533447265625,0,-2.602302074432373,0.5846551656723022,22.555891036987305,1.4035305976867676,0.9992475509643555,0.10000000149011612,0.492820680141449,0.014839458279311657,0.018724387511610985,712.2000122070312,0.0,1.9318461418151855,1777686.0,0.03590624779462814,0.20041805505752563,0.2889730930328369,75.0,4.8516950607299805,6.424562454223633,1.4124693870544434,2.0,7556.0,1777687.0,5004.0,0.04770367220044136,0.0,1.0,0.0014124293811619282,1732958.5,500303.15625,1271.244384765625,784.0,0.0,708.0,3435.0,1777686.0,-2.717853546142578,-5.76784610748291,0.3549581468105316,0.0026499531231820583,136.0,2048.0,1.7944841384887695,0.33714479207992554,0.0,8.396252632141113,0.40425530076026917,,,-0.05780232697725296,1718965.0,-0.013060560449957848,-0.0001784059713827446,1.087627649307251,-0.00879688747227192,4219.0,0.0,1777687.0,117.70829010009766,142.0,0.04133915528655052,57.18198013305664,0.2911269962787628,2.281766891479492,45.0,16383.0,0.055889103561639786,0.04238723963499069,0.23102134466171265,0.1837104856967926,0.021739130839705467,310.97637939453125,0.924345076084137,0.9353123307228088,1.3347705602645874,0.012665961869060993,-0.3827516436576843,0.19189409911632538,0.0810546875,0.4107714593410492,0.7580785751342773,0.0,0.0007942742668092251,1.0,1.0,1.0589804649353027,0.06507647037506104,0.1968483328819275,0.3299581706523895,0.538689374923706,0.47234752774238586,0.9195539355278015,0.5795519948005676,32.0,1.3434988260269165,1.0,-0.0009541214094497263,0.2768115699291229,0.9318488836288452,0.9177813529968262,0.6811100840568542,0.18374522030353546,0.1703086644411087,-6.695753836538643e-05,-1.7092843336286023e-05,0.9345609545707703,0.9389764666557312,0.7005255222320557,0.1958647221326828,0.1870608627796173,0.9344393610954285,0.9391734004020691,0.7003000378608704,0.19577698409557343,0.1869678944349289,36999,3.6960039138793945,,,,,,,,,,,,,0.18251767754554749,0.07458551973104477,0.08171813189983368,0.5897624492645264,0.16600632667541504,0.10304410755634308,0.0,0.03520478308200836,0.05452628433704376,0.2722487449645996,0.23704396188259125,0.18251767754554749
0.01953125,0.3242986798286438,0.0,0.0,0.0,0.71875,0.20567920804023743,2.784357786178589,0.0,0.7760974168777466,0.06861916184425354,1.3828125,22.25021743774414,0,-2.621058940887451,0.5893040895462036,18.0574951171875,1.396638035774231,0.9992771744728088,0.10000000149011612,0.4929865300655365,0.014923346228897572,0.01889798603951931,514.6190185546875,0.0,1.9680547714233398,1801640.0,0.03587239980697632,0.20192548632621765,0.29715532064437866,75.0,4.860169410705566,6.439266681671143,1.4124693870544434,0.0,7600.0,1801641.0,728.0,0.007223321124911308,0.0,1.0,0.0014124293811619282,1756912.5,507844.15625,1112.6904296875,791.0,0.0,708.0,3441.0,1801640.0,-0.9775924682617188,-4.548440456390381,0.36129528284072876,0.007049809210002422,119.0,2048.0,1.4939689636230469,0.3188547194004059,0.0,8.655961990356445,0.4192422926425934,,,-0.060214538127183914,1742921.0,-0.01366003043949604,-0.0006251407903619111,1.0962934494018555,-0.009671124629676342,4232.0,0.0,1801641.0,88.69231414794922,107.0,0.031095610931515694,80.41365814208984,0.2907177805900574,2.7225944995880127,42.0,16384.0,0.05593888834118843,0.0422682948410511,0.2325318455696106,0.1864573061466217,0.021739130839705467,309.0803527832031,0.9234344363212585,0.932582437992096,1.3337925672531128,0.007829570211470127,-0.37589362263679504,0.1773376166820526,0.04443359375,0.4010462164878845,0.5164196491241455,0.0,0.0008041975670494139,1.0,1.0,1.0108959674835205,0.07469869405031204,0.19802844524383545,0.40309378504753113,0.44883233308792114,0.5254133343696594,0.752507209777832,0.5606094002723694,32.0,1.3476461172103882,1.0,-0.0006916705751791596,0.2766347825527191,0.9316659569740295,0.9177054762840271,0.6812686324119568,0.185166135430336,0.17150689661502838,0.00014597654808312654,-1.329006590822246e-05,0.9344838261604309,0.9390948414802551,0.70041823387146,0.19610446691513062,0.18729059398174286,0.9342861771583557,0.9392876625061035,0.7004417777061462,0.19704508781433105,0.18811805546283722,37499,3.5094330310821533,,,,,,,,,,,,,0.1805391013622284,0.07328294962644577,0.07982141524553299,0.5886303186416626,0.16270965337753296,0.10058852285146713,0.0,0.035168930888175964,0.05429984629154205,0.2700078785419464,0.23483894765377045,0.1805391013622284
0.016845703125,0.2910093069076538,0.0,0.0,0.0,0.5625,0.20546124875545502,2.992975950241089,0.0,0.7842894196510315,0.0691351518034935,1.390625,22.391193389892578,0,-2.6408185958862305,0.5794556140899658,21.788082122802734,1.4053610563278198,0.9992492198944092,0.10000000149011612,0.4930354058742523,0.014962724409997463,0.018915338441729546,617.3555297851562,0.0,1.9843984842300415,1825545.0,0.03598656877875328,0.20140708982944489,0.30027419328689575,76.0,4.875706195831299,6.501121997833252,1.4124693870544434,1.0,7648.0,1825546.0,3098.0,0.029830921441316605,0.0,1.0,0.0014124293811619282,1780817.5,515770.28125,1193.04443359375,795.0,0.0,708.0,3452.0,1825545.0,-2.1921539306640625,-5.4614763259887695,0.36663249135017395,0.009619716554880142,121.0,2048.0,1.3302839994430542,0.2923530340194702,0.0,8.426586151123047,0.4265683591365814,,,-0.06111438572406769,1766812.0,-0.013903388753533363,-0.0009203148074448109,1.098954200744629,-0.012448100373148918,4247.0,0.0,1825546.0,100.56919860839844,119.0,0.03447277098894119,65.48011016845703,0.28970107436180115,2.525742769241333,45.0,16384.0,0.05619743466377258,0.04251815006136894,0.23260517418384552,0.18763738870620728,0.021739130839705467,299.2620849609375,0.9181332588195801,0.9395430684089661,1.3377177715301514,0.0025664325803518295,-0.3923644721508026,0.19693294167518616,0.04638671875,0.4142526090145111,0.658169150352478,0.0,0.0009609676199033856,1.0,1.0,1.0606603622436523,0.05534494295716286,0.18917785584926605,0.38731223344802856,0.45317453145980835,0.5032896995544434,0.8422608971595764,0.5490087866783142,32.0,1.4245516061782837,1.0,-0.0009363010176457465,0.2767961025238037,0.9317213296890259,0.9175701141357422,0.6815224885940552,0.18447209894657135,0.17153140902519226,-0.00010877329623326659,3.34625001414679e-05,0.9344198107719421,0.9391675591468811,0.7005764245986938,0.19636517763137817,0.18755991756916046,0.9343347549438477,0.939265787601471,0.7007649540901184,0.19640004634857178,0.18800611793994904,37999,3.477057695388794,,,,,,,,,,,,,0.18022438883781433,0.07377607375383377,0.08035172522068024,0.5923420786857605,0.1686890423297882,0.10288836061954498,0.0,0.03707808256149292,0.057159364223480225,0.2744618356227875,0.23738375306129456,0.18022438883781433
0.023681640625,0.3066067099571228,0.0,0.0,0.0,0.4375,0.2043638378381729,2.859232187271118,0.0,0.787844717502594,0.06895015388727188,1.4140625,22.61563491821289,0,-2.658809185028076,0.5668016672134399,15.349516868591309,1.4116259813308716,0.9992733597755432,0.10000000149011612,0.4930386245250702,0.014997100457549095,0.01902787946164608,790.375,0.0,2.0195674896240234,1849453.0,0.03638475015759468,0.20465673506259918,0.2817438244819641,76.0,4.8771185874938965,6.437196254730225,1.4124693870544434,0.0,7689.0,1849454.0,1833.0,0.01943461410701275,0.0,1.0,0.0014124293811619282,1804725.5,523153.21875,1340.0833740234375,813.0,0.0,708.0,3453.0,1849453.0,-4.093143463134766,-7.976795673370361,0.3707251250743866,0.008153614588081837,145.0,2049.0,1.4600753784179688,0.28411415219306946,0.0,8.784217834472656,0.5034001469612122,,,-0.05982084944844246,1790713.0,-0.013668255880475044,-0.0011943599674850702,1.094828486442566,-0.011895091272890568,4266.0,0.0,1849454.0,125.8421859741211,156.0,0.04517810419201851,54.799171447753906,0.28963741660118103,2.2626430988311768,48.0,16384.0,0.056303512305021286,0.04243610054254532,0.2308688461780548,0.18429522216320038,0.027173912152647972,305.13250732421875,0.9194692969322205,0.9331696629524231,1.3426203727722168,0.010255984961986542,-0.3736151158809662,0.19072183966636658,0.072265625,0.42108312249183655,0.6999710202217102,0.0,0.0009206588729284704,1.0,1.0,1.0707581043243408,0.0799725353717804,0.20022177696228027,0.3723257780075073,0.5227773189544678,0.5077559947967529,0.9000696539878845,0.5425633788108826,32.0,1.3315399885177612,1.0,-0.0009997360175475478,0.2768564224243164,0.9316529035568237,0.9177618622779846,0.6805100440979004,0.18487994372844696,0.17128215730190277,-0.00013941270299255848,-5.708121170755476e-05,0.9343893527984619,0.939288854598999,0.7004004120826721,0.1964232325553894,0.18771100044250488,0.9342595338821411,0.9395744800567627,0.6997444033622742,0.19682882726192474,0.18787288665771484,38499,3.558396816253662,,,,,,,,,,,,,0.18121062219142914,0.07349617034196854,0.07906897366046906,0.5935269594192505,0.16843049228191376,0.1017751693725586,0.0,0.0382702499628067,0.05854353308677673,0.2780244052410126,0.23975415527820587,0.18121062219142914
0.0181884765625,0.30902165174484253,0.0,0.0,0.0,0.6875,0.20624905824661255,2.8716280460357666,0.0,0.7921246290206909,0.06875722110271454,1.4296875,22.784141540527344,0,-2.6766791343688965,0.5795444250106812,18.99960708618164,1.4138413667678833,0.9992892146110535,0.10000000149011612,0.493233323097229,0.015058898366987705,0.019067149609327316,619.8200073242188,0.0,2.036085605621338,1873666.0,0.03715359419584274,0.20842991769313812,0.3003179132938385,79.0,4.895480155944824,6.449265003204346,1.4124693870544434,0.0,7727.0,1873667.0,860.0,0.007957503199577332,0.0,1.0,0.0014124293811619282,1828938.5,530763.0,1194.239990234375,822.0,0.0,708.0,3466.0,1873666.0,-2.636707305908203,-5.532212734222412,0.37705281376838684,0.010621070861816406,119.0,2050.0,1.4347137212753296,0.2913765609264374,0.0,8.400446891784668,0.4141845405101776,,,-0.056500229984521866,1814931.0,-0.01294795423746109,-0.00012566054647322744,1.0897166728973389,-0.011178522370755672,4288.0,0.0,1873667.0,92.76380157470703,117.0,0.03375649079680443,88.93242645263672,0.2886345684528351,2.7388126850128174,50.0,16384.0,0.05660737678408623,0.042332231998443604,0.2273000031709671,0.1826891452074051,0.027173912152647972,323.9879455566406,0.922010064125061,0.9362732768058777,1.3392715454101562,0.02271866425871849,-0.3807036876678467,0.1885368525981903,0.068359375,0.4131563901901245,0.6572417616844177,0.0,0.0010726037435233593,1.0,1.0,1.1314163208007812,0.06957162916660309,0.20250508189201355,0.3318328857421875,0.48788169026374817,0.47198766469955444,0.8615626096725464,0.5542879700660706,32.0,1.3756990432739258,1.0,-0.0007628783350810409,0.2766001224517822,0.9317103028297424,0.917658269405365,0.6808497905731201,0.1863458901643753,0.1721886843442917,3.3245712984353304e-05,-3.9208156522363424e-05,0.9343388080596924,0.9393401741981506,0.7001926898956299,0.19689221680164337,0.18795394897460938,0.934284508228302,0.9395646452903748,0.6998704075813293,0.19828656315803528,0.1889195293188095,38999,3.589195489883423,,,,,,,,,,,,,0.17858362197875977,0.07190592586994171,0.0785236582159996,0.5944472551345825,0.16901034116744995,0.10076478123664856,0.0,0.03795433044433594,0.058572083711624146,0.27511003613471985,0.2371557056903839,0.17858362197875977
0.01397705078125,0.29566633701324463,0.0,0.0,0.0,0.5625,0.20492620766162872,2.894137144088745,0.0,0.7903121113777161,0.06863214075565338,1.4296875,22.832901000976562,0,-2.694885492324829,0.610097348690033,17.26650619506836,1.4138518571853638,0.9992494583129883,0.10000000149011612,0.4933199882507324,0.015075582079589367,0.019101133570075035,560.933349609375,0.0,2.0294992923736572,1897582.0,0.03675135597586632,0.20506170392036438,0.301405131816864,77.0,4.896892547607422,6.4217047691345215,1.4124693870544434,0.0,7771.0,1897583.0,1234.0,0.012238419614732265,0.0,1.0,0.0014124293811619282,1852854.5,538593.5625,1146.755615234375,835.0,0.0,708.0,3467.0,1897582.0,-2.4225425720214844,-5.213703632354736,0.3803200423717499,0.005638578906655312,137.0,2050.0,1.4877275228500366,0.30124568939208984,0.0,8.513944625854492,0.4414202570915222,,,-0.05620529130101204,1838760.0,-0.012941005639731884,0.000245960196480155,1.0898548364639282,-0.010325414128601551,4302.0,0.0,1897583.0,107.46907806396484,137.0,0.039515431970357895,82.77523803710938,0.2885410487651825,2.5423619747161865,45.0,16384.0,0.056721031665802,0.04213430732488632,0.22992417216300964,0.1819557100534439,0.021739130839705467,312.7123107910156,0.9174982309341431,0.9326410889625549,1.3435332775115967,0.013766358606517315,-0.3935449719429016,0.1844353973865509,0.0498046875,0.38996249437332153,0.5382174849510193,0.0,0.000893961638212204,1.0,1.0,1.0030250549316406,0.05252161622047424,0.2011701613664627,0.348442941904068,0.4441264271736145,0.4838256239891052,0.7973721027374268,0.5695852041244507,32.0,1.3822052478790283,1.0,-0.0008539781556464732,0.2765468955039978,0.9315547347068787,0.9175655245780945,0.6805555820465088,0.18655207753181458,0.1723267138004303,-6.166410457808524e-05,-3.054536136914976e-05,0.9343054890632629,0.9394851326942444,0.6999974846839905,0.19756560027599335,0.18844276666641235,0.9341368079185486,0.9396046996116638,0.6996578574180603,0.19846418499946594,0.1889616847038269,39499,3.490180492401123,,,,,,,,,,,,,0.177994966506958,0.07189355790615082,0.07822654396295547,0.5954902172088623,0.1709853708744049,0.10194601863622665,0.0,0.039791762828826904,0.06047460436820984,0.27826133370399475,0.23846957087516785,0.177994966506958
0.017822265625,0.30618250370025635,0.0,0.0,0.0,0.59375,0.21179045736789703,2.8148088455200195,0.0,0.7928705215454102,0.06925230473279953,1.4296875,22.977806091308594,0,-2.7125191688537598,0.5938956141471863,16.315776824951172,1.4197146892547607,0.999273419380188,0.10000000149011612,0.4935623109340668,0.015199284069240093,0.019220411777496338,724.1777954101562,0.0,2.0566413402557373,1921564.0,0.037041954696178436,0.20589527487754822,0.30230894684791565,77.0,4.901129722595215,6.467968940734863,1.4124693870544434,0.0,7801.0,1921565.0,4428.0,0.04333486035466194,0.0,1.0,0.0014124293811619282,1876836.5,549300.9375,1274.2889404296875,842.0,0.0,708.0,3470.0,1921564.0,-1.4787750244140625,-4.594650745391846,0.3843211233615875,0.004420056473463774,128.0,2048.0,1.5137507915496826,0.29484567046165466,0.0,8.41420841217041,0.4531501531600952,,,-0.05552436411380768,1862751.0,-0.012821856886148453,-0.0004220629925839603,1.0923653841018677,-0.011192429810762405,4312.0,0.0,1921565.0,111.14402770996094,135.0,0.03890489786863327,68.12516021728516,0.28819113969802856,2.351907730102539,45.0,16384.0,0.05689656734466553,0.04226858541369438,0.2322625070810318,0.1856754869222641,0.032608695328235626,318.0128479003906,0.913824737071991,0.9280117154121399,1.3451603651046753,0.0025085918605327606,-0.3825024962425232,0.18047550320625305,0.0625,0.40144091844558716,0.6706051826477051,0.0,0.0008417410426773131,1.0,1.0,1.177497386932373,0.060430482029914856,0.20044368505477905,0.30498871207237244,0.44147899746894836,0.42781755328178406,0.8772705793380737,0.5605251789093018,32.0,1.3675414323806763,1.0,-0.0006782502168789506,0.2763981819152832,0.9315740466117859,0.9174872636795044,0.6810944676399231,0.18761050701141357,0.17304621636867523,0.00014471537724602968,7.23151924830745e-06,0.934230387210846,0.939519464969635,0.6999319791793823,0.1981399804353714,0.1887383610010147,0.9341636300086975,0.9396400451660156,0.7001381516456604,0.1996062695980072,0.18973936140537262,39999,3.6232924461364746,,,,,,,,,,,,,0.18043315410614014,0.07281389832496643,0.07791075110435486,0.5979506969451904,0.17169293761253357,0.10141134262084961,0.0,0.0407547801733017,0.06196676194667816,0.28315469622612,0.2423999160528183,0.18043315410614014
0.0133056640625,0.3324263393878937,0.0,0.0,0.0,0.59375,0.20991845428943634,3.0213146209716797,0.0,0.7889971733093262,0.06875573843717575,1.453125,23.08865737915039,0,-2.729728937149048,0.5904159545898438,17.93653106689453,1.417637586593628,0.9992809295654297,0.10000000149011612,0.4937610626220703,0.01527375727891922,0.01930622011423111,581.9755859375,0.0,2.085293769836426,1945689.0,0.03687308356165886,0.2060924470424652,0.31103387475013733,77.0,4.905367374420166,6.475790977478027,1.4124693870544434,0.0,7833.0,1945690.0,16.0,0.008112403564155102,0.0,1.0,0.0014124293811619282,1900961.5,557585.625,1161.3414306640625,850.0,0.0,708.0,3473.0,1945689.0,0.8996963500976562,-4.870124816894531,0.39130961894989014,0.00786126684397459,129.0,2048.0,1.4375150203704834,0.29848650097846985,0.0,8.394246101379395,0.3884250819683075,,,-0.05435370281338692,1886876.0,-0.012589792720973492,-0.00017379388737026602,1.087830901145935,-0.010892347432672977,4323.0,0.024390242993831635,1945690.0,108.92229461669922,128.0,0.03685574606060982,81.81111907958984,0.2881879508495331,2.450138568878174,41.0,16384.0,0.05714435875415802,0.042419858276844025,0.2298266589641571,0.18377269804477692,0.016304347664117813,318.7843017578125,0.9078932404518127,0.9411406517028809,1.3414485454559326,0.02254391461610794,-0.3804992735385895,0.1630634367465973,0.051513671875,0.3519585132598877,0.5299538969993591,0.0,0.0009751479374244809,1.0,1.0,1.141413927078247,0.0672188475728035,0.21216093003749847,0.3174436092376709,0.44931817054748535,0.4244915246963501,0.7472447156906128,0.5494931936264038,31.99998664855957,1.459582805633545,1.0,-0.0006116859731264412,0.27626293897628784,0.9316647052764893,0.9176083207130432,0.6811239123344421,0.18793299794197083,0.17360234260559082,0.00020790011330973357,1.3731597391597461e-05,0.9342295527458191,0.9396400451660156,0.6999849081039429,0.1988077014684677,0.18927720189094543,0.9342336058616638,0.9399194121360779,0.7003135681152344,0.19967393577098846,0.18996335566043854,40499,3.6916427612304688,,,,,,,,,,,,,0.1785670518875122,0.07219740003347397,0.07735544443130493,0.6023982167243958,0.17384977638721466,0.10040233284235,0.0,0.041066259145736694,0.06300944089889526,0.28264275193214417,0.24157649278640747,0.1785670518875122
0.0189208984375,0.27747470140457153,0.0,0.0,0.0,0.53125,0.21001756191253662,2.8305392265319824,0.0,0.7938516139984131,0.06839874386787415,1.4609375,23.44085693359375,0,-2.745967149734497,0.5795464515686035,17.198495864868164,1.4164392948150635,0.9992696642875671,0.10000000149011612,0.4940109848976135,0.015334944240748882,0.019397176802158356,713.941162109375,0.0,2.1102309226989746,1969528.0,0.03729483112692833,0.2097688764333725,0.3086731731891632,77.0,4.927966117858887,6.50723934173584,1.4124693870544434,0.0,7865.0,1969529.0,400.0,0.0033078629057854414,0.0,1.0,0.0014124293811619282,1924800.5,567520.625,1267.9215087890625,851.0,0.0,708.0,3489.0,1969528.0,-2.7710342407226562,-7.663422107696533,0.39624351263046265,0.016957048326730728,141.0,2049.0,1.413956642150879,0.29175400733947754,0.0,8.403903007507324,0.3641146123409271,,,-0.055116746574640274,1910712.0,-0.012787144631147385,-0.0010727596236392856,1.085682988166809,-0.011418416164815426,4340.0,0.0,1969529.0,115.89013671875,145.0,0.041559185832738876,67.69705200195312,0.2867727279663086,2.349168300628662,51.0,16384.0,0.057191573083400726,0.04248420149087906,0.2255173772573471,0.18069800734519958,0.021739130839705467,311.897216796875,0.9112429022789001,0.9382826089859009,1.3476662635803223,0.01604313589632511,-0.38582441210746765,0.16603969037532806,0.06884765625,0.35081684589385986,0.6122097969055176,0.0,0.0008220767485909164,1.0,1.0,0.9675235748291016,0.06274480372667313,0.22199150919914246,0.36757510900497437,0.4648210406303406,0.497795969247818,0.8399052619934082,0.5863844752311707,32.0,1.3853784799575806,1.0,-0.0009467890486121178,0.27591249346733093,0.931769073009491,0.9178417325019836,0.6813005805015564,0.18891094624996185,0.17495328187942505,-0.00015587649249937385,4.841161717195064e-05,0.9342418909072876,0.9397982358932495,0.700299859046936,0.1991027295589447,0.18964694440364838,0.934291422367096,0.9401639103889465,0.7005775570869446,0.2002049684524536,0.19103820621967316,40999,3.653686285018921,,,,,,,,,,,,,0.18115198612213135,0.07239846885204315,0.07875321805477142,0.5969429612159729,0.17650875449180603,0.10367526113986969,0.0,0.043368831276893616,0.06598536670207977,0.29050618410110474,0.24713735282421112,0.18115198612213135
0.0137939453125,0.3209061920642853,0.0,0.0,0.0,0.53125,0.21260491013526917,2.8498504161834717,0.0,0.7992358803749084,0.06888214498758316,1.46875,23.5943603515625,0,-2.7623679637908936,0.5746275782585144,20.13332748413086,1.4186811447143555,0.999289333820343,0.10000000149011612,0.494121789932251,0.015418395400047302,0.019477689638733864,695.6734619140625,0.0,2.110630750656128,1993451.0,0.03669384494423866,0.2061515748500824,0.3088345229625702,76.0,4.951977252960205,6.519947052001953,1.4124693870544434,0.0,7893.0,1993452.0,667.0,0.005785852205008268,0.0,1.0,0.0014124293811619282,1948723.5,569039.5625,1250.3265380859375,853.0,0.0,708.0,3506.0,1993451.0,-1.6064071655273438,-7.165962219238281,0.40387648344039917,0.01468655001372099,136.0,2048.0,1.3328535556793213,0.29170462489128113,0.0,8.357534408569336,0.39527806639671326,,,-0.050848521292209625,1934613.0,-0.011832239106297493,-0.0006908329669386148,1.0775344371795654,-0.00977035891264677,4359.0,0.0,1993452.0,122.76643371582031,152.0,0.043354250490665436,64.89359283447266,0.28532344102859497,2.2961223125457764,49.0,16384.0,0.05748386308550835,0.042648252099752426,0.2245105803012848,0.18083292245864868,0.021739130839705467,325.81085205078125,0.9126945734024048,0.9309795498847961,1.3494629859924316,0.013011833652853966,-0.39198267459869385,0.16469088196754456,0.044921875,0.3260125517845154,0.5733029246330261,0.0,0.0008944107103161514,1.0,1.0,1.133021354675293,0.08447631448507309,0.22064624726772308,0.29232025146484375,0.43369293212890625,0.3687845468521118,0.7827602028846741,0.5338696241378784,32.0,1.4646066427230835,1.0,-0.0008509134640917182,0.27614930272102356,0.9317100048065186,0.9178998470306396,0.6810569167137146,0.1886419951915741,0.17427656054496765,-6.851494617876597e-06,3.87690761272097e-06,0.934264600276947,0.9400322437286377,0.700311005115509,0.19961236417293549,0.19016608595848083,0.9342249035835266,0.9403688311576843,0.7003357410430908,0.2001725137233734,0.19057844579219818,41499,3.63958740234375,,,,,,,,,,,,,0.1795632541179657,0.07124216109514236,0.07709580659866333,0.5918936133384705,0.17483854293823242,0.10138539969921112,0.0,0.0434194952249527,0.06576181948184967,0.28874456882476807,0.24532507359981537,0.1795632541179657
0.0194091796875,0.3184657394886017,0.0,0.0,0.0,0.4375,0.2111746221780777,2.98980975151062,0.0,0.8045580387115479,0.06859233975410461,1.4765625,23.628721237182617,0,-2.7793524265289307,0.5831897258758545,18.76066017150879,1.4223092794418335,0.9992823004722595,0.10000000149011612,0.49425098299980164,0.015475211665034294,0.01953444443643093,795.7958984375,0.0,2.1452476978302,2017513.0,0.03637431561946869,0.20454473793506622,0.2913907468318939,75.0,4.973164081573486,6.598453521728516,1.4124693870544434,0.0,7930.0,2017514.0,193.0,0.0015575073193758726,0.0,1.0,0.0014124293811619282,1972785.5,576978.4375,1337.7958984375,856.0,0.0,708.0,3521.0,2017513.0,-1.2891921997070312,-5.9156975746154785,0.4065174162387848,0.00991117861121893,144.0,2049.0,1.3812673091888428,0.29118940234184265,0.0,8.364737510681152,0.4149949550628662,,,-0.05017958581447601,1958659.0,-0.011721551418304443,5.9841528127435595e-05,1.0763546228408813,-0.00816264282912016,4377.0,0.0,2017514.0,138.1612548828125,163.0,0.04629366472363472,48.68445587158203,0.2842644453048706,2.127577781677246,49.0,16384.0,0.05764234438538551,0.042437843978405,0.2266474962234497,0.18177255988121033,0.03804347664117813,332.34332275390625,0.9056133031845093,0.9361280798912048,1.346900224685669,0.004477559123188257,-0.3948908746242523,0.16387389600276947,0.055419921875,0.4078386723995209,0.6268105506896973,0.0,0.0010819543385878205,1.0,1.0,1.061370849609375,0.0514974482357502,0.2161344289779663,0.3267979025840759,0.4753725230693817,0.5156694650650024,0.879423975944519,0.5371811389923096,32.0,1.4559366703033447,1.0,-0.0006248418940231204,0.27627798914909363,0.9315767288208008,0.9177408814430237,0.6820201873779297,0.18863320350646973,0.17434349656105042,0.00014277953596320003,6.609778210986406e-05,0.9342249035835266,0.9401382803916931,0.7005501985549927,0.1998925656080246,0.19042131304740906,0.9341145753860474,0.9403402805328369,0.7012847065925598,0.20021596550941467,0.19070667028427124,41999,3.5640809535980225,,,,,,,,,,,,,0.17982594668865204,0.07208701968193054,0.07771363854408264,0.5988798141479492,0.17527739703655243,0.10172288119792938,0.0,0.04229903221130371,0.06537006795406342,0.28749504685401917,0.24519601464271545,0.17982594668865204
0.01556396484375,0.3023776710033417,0.0,0.0,0.0,0.46875,0.21050186455249786,2.983583927154541,0.0,0.79975825548172,0.06943308562040329,1.4765625,23.75847053527832,0,-2.796815872192383,0.5933637619018555,17.239511489868164,1.4266159534454346,0.999291181564331,0.10000000149011612,0.4944072663784027,0.015511756762862206,0.019595080986618996,676.4199829101562,0.0,2.1420860290527344,2041283.0,0.03694140911102295,0.20922043919563293,0.308742880821228,73.0,5.002824783325195,6.582948684692383,1.4124693870544434,0.0,7970.0,2041284.0,50.0,0.0002397539938101545,0.0,1.0,0.0014124293811619282,1996555.5,578680.0625,1234.1800537109375,864.0,0.0,708.0,3542.0,2041283.0,-3.22705078125,-8.112654685974121,0.4110367000102997,0.011035598814487457,149.0,2048.0,1.4823774099349976,0.30420535802841187,0.0,8.218375205993652,0.40659916400909424,,,-0.0474298819899559,1982437.0,-0.01112472452223301,-0.00036012817872688174,1.07066810131073,-0.00828127283602953,4406.0,0.0,2041284.0,129.97715759277344,153.0,0.0431959331035614,62.60636520385742,0.2827933132648468,2.1973774433135986,50.0,16384.0,0.05773840472102165,0.04276454448699951,0.22650237381458282,0.1799514889717102,0.021739130839705467,330.51348876953125,0.9006896615028381,0.9347178936004639,1.350913405418396,0.014286902733147144,-0.39265355467796326,0.17407184839248657,0.06298828125,0.3862224817276001,0.5948616862297058,0.0,0.0010240498231723905,1.0,1.0,1.1849489212036133,0.03960544988512993,0.2035866677761078,0.2900063097476959,0.495553195476532,0.4301299452781677,0.8209249973297119,0.5456079840660095,32.0,1.4927946329116821,1.0,-0.001004545483738184,0.27604761719703674,0.9315056800842285,0.9177737236022949,0.6814144849777222,0.18979258835315704,0.17526547610759735,-0.0001103434624383226,1.6038598914747126e-05,0.9341657161712646,0.9402445554733276,0.7007845640182495,0.20009179413318634,0.19051989912986755,0.9340319037437439,0.9404473304748535,0.7008155584335327,0.2011578232049942,0.19131450355052948,42499,3.703094005584717,,,,,,,,,,,,,0.18017642199993134,0.07173055410385132,0.07762571424245834,0.598443865776062,0.1783912032842636,0.1023775041103363,0.0,0.04399138689041138,0.06723614037036896,0.29140394926071167,0.2474125623703003,0.18017642199993134
0.023681640625,0.29721710085868835,0.0,0.0,0.0,0.59375,0.21088014543056488,3.027784585952759,0.0,0.811781108379364,0.06971366703510284,1.5,23.897886276245117,0,-2.812962293624878,0.581458330154419,13.489839553833008,1.4223589897155762,0.9992888569831848,0.10000000149011612,0.4946347177028656,0.015617833472788334,0.019742928445339203,688.3877563476562,0.0,2.1600852012634277,2065156.0,0.03643083944916725,0.20498406887054443,0.30771392583847046,72.0,5.031073570251465,6.6094651222229,1.4124693870544434,0.0,8003.0,2065157.0,1764.0,0.015350214205682278,0.0,1.0,0.0014124293811619282,2020428.5,580368.25,1244.8775634765625,864.0,0.0,708.0,3562.0,2065156.0,-1.7039222717285156,-5.517405033111572,0.4171280264854431,0.012611459009349346,132.0,2048.0,1.422727346420288,0.290337473154068,0.0,8.310800552368164,0.4450432360172272,,,-0.047015946358442307,2006310.0,-0.011079607531428337,-0.00017785216914489865,1.0704888105392456,-0.006713391747325659,4426.0,0.0,2065157.0,123.09175872802734,150.0,0.042111173272132874,56.87070846557617,0.2808234393596649,2.228830575942993,49.0,16384.0,0.05766725912690163,0.04257071018218994,0.22563135623931885,0.18130072951316833,0.032608695328235626,353.3551025390625,0.9021106362342834,0.9385937452316284,1.3458911180496216,0.014025000855326653,-0.39624476432800293,0.18316605687141418,0.060791015625,0.37170130014419556,0.62296462059021,0.0,0.0008674132404848933,1.0,1.0,0.9786455631256104,0.06989418715238571,0.21186062693595886,0.35254353284835815,0.4580462574958801,0.5100817084312439,0.8748769164085388,0.5690171122550964,32.0,1.427646517753601,1.0,-0.0008854367188178003,0.2757868766784668,0.9314519762992859,0.9175028800964355,0.6815257668495178,0.19088244438171387,0.1764841377735138,-5.347252226783894e-05,3.050507075386122e-05,0.9341127276420593,0.9403226375579834,0.7008768916130066,0.20076899230480194,0.19110453128814697,0.9339978694915771,0.9404234886169434,0.7010941505432129,0.20210088789463043,0.19234785437583923,42999,3.4908037185668945,,,,,,,,,,,,,0.18404269218444824,0.07251550257205963,0.07872695475816727,0.5969668626785278,0.17683526873588562,0.10303379595279694,0.0,0.04512423276901245,0.06878745555877686,0.29795438051223755,0.2528301477432251,0.18404269218444824
0.0189208984375,0.3104056715965271,0.0,0.0,0.0,0.59375,0.210797518491745,3.0400915145874023,0.0,0.8010275363922119,0.06969837844371796,1.515625,24.06424331665039,0,-2.828200101852417,0.5982352495193481,25.126079559326172,1.4199713468551636,0.9992807507514954,0.10000000149011612,0.49462759494781494,0.01566808857023716,0.01980253867805004,649.6666870117188,0.0,2.1624016761779785,2089097.0,0.03667926415801048,0.20582833886146545,0.3069330155849457,70.0,5.055084705352783,6.628007411956787,1.4124693870544434,0.0,8048.0,2089098.0,437.0,0.003713067388162017,0.0,1.0,0.0014124293811619282,2044369.5,587665.5625,1215.37255859375,864.0,0.0,708.0,3579.0,2089097.0,-0.6412086486816406,-5.278407573699951,0.42096173763275146,0.014114057645201683,141.0,2048.0,1.6972339153289795,0.32131534814834595,0.0,8.199579238891602,0.436990886926651,,,-0.05043720826506615,2030247.0,-0.01196290459483862,-0.00037618892383761704,1.0740158557891846,-0.009095719084143639,4443.0,0.0,2089098.0,124.30060577392578,148.0,0.04135233163833618,51.0689697265625,0.2795685827732086,2.182640552520752,51.0,16384.0,0.058007895946502686,0.04272919148206711,0.22639068961143494,0.17974722385406494,0.03804347664117813,357.12841796875,0.8992340564727783,0.9303455352783203,1.3598463535308838,0.006711302325129509,-0.3890880346298218,0.17607921361923218,0.07666015625,0.3562447726726532,0.6655490398406982,0.0,0.0011072376510128379,1.0,1.0,1.1802783012390137,0.07358594238758087,0.2146006077528,0.29465511441230774,0.4991682171821594,0.39964374899864197,0.8675968647003174,0.5636920928955078,32.0,1.3963313102722168,1.0,-0.0008117361576296389,0.27614858746528625,0.9313894510269165,0.9174820780754089,0.6813955903053284,0.18967078626155853,0.17521466314792633,3.164857844240032e-05,-9.029656212078407e-06,0.9340614676475525,0.9403696656227112,0.7008780241012573,0.20114365220069885,0.19148215651512146,0.9339342713356018,0.9404199719429016,0.7008234262466431,0.2011149674654007,0.19146893918514252,43499,3.4935269355773926,,,,,,,,,,,,,0.1779976785182953,0.07039020210504532,0.07753007858991623,0.5966039896011353,0.17589759826660156,0.10232742130756378,0.0,0.04406766593456268,0.06665991246700287,0.28872525691986084,0.24465759098529816,0.1779976785182953
0.0179443359375,0.3200571835041046,0.0,0.0,0.0,0.46875,0.21121808886528015,3.03721022605896,0.0,0.80572909116745,0.0699218139052391,1.515625,24.297245025634766,0,-2.8447165489196777,0.6067972779273987,23.346500396728516,1.431248426437378,0.9992914199829102,0.10000000149011612,0.4946538805961609,0.015706392005085945,0.01983630284667015,824.6808471679688,0.0,2.180450201034546,2112868.0,0.036991946399211884,0.2075696438550949,0.27713096141815186,69.0,5.079095840454102,6.709107398986816,1.4124693870544434,0.0,8102.0,2112869.0,1232.0,0.011189923621714115,0.0,1.0,0.0014124293811619282,2068140.5,589574.6875,1377.3829345703125,867.0,0.0,708.0,3596.0,2112868.0,-2.5330238342285156,-8.467162132263184,0.42703959345817566,0.023190777748823166,150.0,2048.0,1.421245813369751,0.2889038622379303,0.0,8.425395965576172,0.437301903963089,,,-0.050224874168634415,2054017.0,-0.011948470026254654,-0.0008284097420983016,1.07326340675354,-0.008301195688545704,4463.0,0.0,2112869.0,154.09576416015625,173.0,0.048109009861946106,54.43830108642578,0.2781655490398407,1.9252299070358276,47.0,16384.0,0.05806857347488403,0.04256844520568848,0.22677107155323029,0.18232253193855286,0.032608695328235626,354.1132507324219,0.8938299417495728,0.937545120716095,1.3580563068389893,0.0023500402458012104,-0.4065435528755188,0.1786707490682602,0.06201171875,0.331757515668869,0.6170745491981506,0.0,0.00098287349101156,1.0,1.0,0.998694658279419,0.08073803037405014,0.21051019430160522,0.3066045641899109,0.4913492500782013,0.4150964617729187,0.8649033904075623,0.5680769681930542,32.0,1.4372012615203857,1.0,-0.0007328076753765345,0.27602216601371765,0.9312578439712524,0.917194128036499,0.6812678575515747,0.1903284341096878,0.17517106235027313,0.00010399306484032422,-2.0031866370118223e-05,0.9339946508407593,0.9403534531593323,0.7007418274879456,0.20126137137413025,0.19144849479198456,0.9338108897209167,0.9402458071708679,0.7006608843803406,0.20180116593837738,0.19143885374069214,43999,3.5301599502563477,,,,,,,,,,,,,0.17945590615272522,0.07073795050382614,0.07753054797649384,0.6007533073425293,0.1796223223209381,0.10133333504199982,0.0,0.04623766243457794,0.07015623152256012,0.2958498001098633,0.24961213767528534,0.17945590615272522
0.0203857421875,0.31558677554130554,0.0,0.0,0.0,0.5,0.21326231956481934,3.0062355995178223,0.0,0.7976304888725281,0.06991444528102875,1.53125,24.425628662109375,0,-2.8614962100982666,0.5736263990402222,14.885403633117676,1.4265698194503784,0.9992801547050476,0.10000000149011612,0.4947042465209961,0.015816034749150276,0.01996147260069847,746.4347534179688,0.0,2.201322317123413,2136642.0,0.03591778501868248,0.20017436146736145,0.26631778478622437,66.0,5.111581802368164,6.78088903427124,1.4124693870544434,0.0,8155.0,2136643.0,149.0,0.0011461490066722035,0.0,1.0,0.0014124293811619282,2091914.5,594665.875,1312.5869140625,867.0,0.0,708.0,3619.0,2136642.0,-3.6918373107910156,-5.865975856781006,0.43440529704093933,0.02618512324988842,151.0,2048.0,1.4260509014129639,0.3039378225803375,0.0,8.086859703063965,0.43695303797721863,,,-0.04427028447389603,2077785.0,-0.01056588999927044,-0.000985021935775876,1.0644053220748901,-0.00705339340493083,4486.0,0.0,2136643.0,135.2916717529297,168.0,0.04642166197299957,56.036964416503906,0.2765176296234131,2.1392176151275635,46.0,16384.0,0.05809418112039566,0.043021105229854584,0.22542329132556915,0.1790865957736969,0.027173912152647972,355.3897399902344,0.8977572321891785,0.9327024221420288,1.36210036277771,0.0026612794026732445,-0.39099547266960144,0.15822741389274597,0.04443359375,0.3401492238044739,0.5711522698402405,0.0,0.0009603257058188319,1.0,1.0,1.0368528366088867,0.08883428573608398,0.21281008422374725,0.3532169461250305,0.5032112002372742,0.49402087926864624,0.8380628824234009,0.5322339534759521,32.0,1.3984788656234741,1.0,-0.0009500314481556416,0.27619802951812744,0.9311639070510864,0.9176232814788818,0.6810095310211182,0.19029086828231812,0.17554379999637604,-9.481221786700189e-05,-8.063529094215482e-06,0.9339073300361633,0.9404023885726929,0.7007455825805664,0.20145553350448608,0.19149386882781982,0.9337282776832581,0.9407085180282593,0.7005727291107178,0.2017734795808792,0.1918652057647705,44499,3.4788362979888916,,,,,,,,,,,,,0.18111999332904816,0.0713517814874649,0.07909706979990005,0.6010395288467407,0.18014982342720032,0.10445692390203476,0.0,0.046054571866989136,0.07001177966594696,0.29718634486198425,0.2511317729949951,0.18111999332904816
0.01275634765625,0.30173319578170776,0.0,0.0,0.0,0.65625,0.21512697637081146,3.08821964263916,0.0,0.8028118014335632,0.06981145590543747,1.5390625,24.657772064208984,0,-2.8780720233917236,0.5956127643585205,20.334938049316406,1.4241257905960083,0.9992929697036743,0.10000000149011612,0.4948473572731018,0.015856117010116577,0.020019404590129852,553.5416870117188,0.0,2.2125816345214844,2160676.0,0.03762395307421684,0.20957139134407043,0.29275354743003845,63.0,5.138418197631836,6.752277851104736,1.4124693870544434,0.0,8199.0,2160677.0,623.0,0.005519832018762827,0.0,1.0,0.0014124293811619282,2115948.5,602848.3125,1143.3125,869.0,0.0,708.0,3638.0,2160676.0,-0.7936477661132812,-4.683328628540039,0.4404807686805725,0.025623265653848648,122.0,2048.0,1.553898811340332,0.31839656829833984,0.0,8.130619049072266,0.4154949188232422,,,-0.047912903130054474,2101803.0,-0.011496944352984428,-0.0013534070458263159,1.069348931312561,-0.008284860290586948,4507.0,0.0,2160677.0,99.8761978149414,120.0,0.03298515826463699,105.43089294433594,0.2749907970428467,2.56502103805542,48.0,16383.0,0.05847109854221344,0.04280323162674904,0.22593572735786438,0.17875394225120544,0.027173912152647972,348.02374267578125,0.8962092399597168,0.9297297596931458,1.3634650707244873,0.011175470426678658,-0.3942705988883972,0.15820848941802979,0.05615234375,0.30813634395599365,0.5920835733413696,0.0,0.0009950862731784582,1.0,1.0,1.146751880645752,0.08717017620801926,0.22030754387378693,0.26595497131347656,0.48070552945137024,0.3940833806991577,0.8419399261474609,0.5540317893028259,32.0,1.4159104824066162,1.0,-0.0009228956187143922,0.276144415140152,0.9311477541923523,0.9179261922836304,0.6811637282371521,0.19107761979103088,0.17622633278369904,-0.00012508682266343385,-4.202268883091165e-06,0.9338384866714478,0.9406294226646423,0.7007437944412231,0.20171625912189484,0.19179080426692963,0.9337131977081299,0.941133439540863,0.7005749344825745,0.2026401162147522,0.19245487451553345,44999,3.5358753204345703,,,,,,,,,,,,,0.18277232348918915,0.07131880521774292,0.0789494663476944,0.5996257662773132,0.18016937375068665,0.10399043560028076,0.0,0.04593387246131897,0.07004396617412567,0.2987501621246338,0.2528162896633148,0.18277232348918915
0.02490234375,0.330670028924942,0.0,0.0,0.0,0.6875,0.21294037997722626,3.0715088844299316,0.0,0.8038387298583984,0.07043206691741943,1.5546875,24.8914852142334,0,-2.893760919570923,0.5841254591941833,18.748960494995117,1.417222023010254,0.9992943406105042,0.10000000149011612,0.49497509002685547,0.015861699357628822,0.020035549998283386,523.066650390625,0.0,2.2238917350769043,2184541.0,0.03719215467572212,0.20697641372680664,0.29470041394233704,71.0,5.176553726196289,6.902731895446777,1.4124693870544434,0.0,8255.0,2184542.0,733.0,0.0059654260985553265,0.0,1.0,0.0014124293811619282,2139813.5,608127.1875,1118.6221923828125,870.0,0.0,708.0,3665.0,2184541.0,-1.0366630554199219,-3.4455811977386475,0.44724369049072266,0.01577175408601761,128.0,2048.0,1.3988473415374756,0.28956863284111023,0.0,8.064882278442383,0.44539737701416016,,,-0.04796990007162094,2125667.0,-0.011551637202501297,-0.0016121752560138702,1.068821907043457,-0.008936366997659206,4535.0,0.0,2184542.0,102.57490539550781,120.0,0.032742153853178024,102.99418640136719,0.2730165719985962,2.515204668045044,45.0,16384.0,0.05859760940074921,0.042861077934503555,0.22062575817108154,0.17699068784713745,0.032608695328235626,361.8939208984375,0.8925663232803345,0.9330059289932251,1.3613708019256592,0.01170631404966116,-0.3969182074069977,0.13829296827316284,0.051513671875,0.2804911434650421,0.5631650686264038,0.0,0.0009062904282473028,1.0,1.0,1.0524673461914062,0.059843793511390686,0.21951988339424133,0.2915022373199463,0.47349756956100464,0.37781888246536255,0.8380974531173706,0.5348488688468933,32.0,1.4221664667129517,1.0,-0.0005372724262997508,0.27615126967430115,0.9310920834541321,0.9176591038703918,0.681799590587616,0.19093482196331024,0.17590638995170593,0.00022172744502313435,1.2314124433032703e-05,0.9337736964225769,0.9407658576965332,0.7007108330726624,0.2021147757768631,0.192031130194664,0.9336614608764648,0.9409906268119812,0.7010384798049927,0.2025734931230545,0.19243650138378143,45499,3.272556781768799,,,,,,,,,,,,,0.1848093718290329,0.07135316729545593,0.07947974652051926,0.5891479253768921,0.17739039659500122,0.10299654304981232,0.0,0.047060370445251465,0.070614293217659,0.30248403549194336,0.2554236650466919,0.1848093718290329
0.015869140625,0.2877485752105713,0.0,0.0,0.0,0.59375,0.21259918808937073,3.1026599407196045,0.0,0.8030896186828613,0.0697862058877945,1.5546875,24.956932067871094,0,-2.910390615463257,0.5987749099731445,18.697978973388672,1.420806646347046,0.9992853999137878,0.10000000149011612,0.4950597286224365,0.01588479056954384,0.020068012177944183,715.0,0.0,2.2300398349761963,2208618.0,0.037591077387332916,0.20789755880832672,0.2869320511817932,91.0,5.207627296447754,7.158587455749512,1.4124693870544434,0.0,8323.0,2208619.0,1090.0,0.009870463982224464,0.0,1.0,0.0014124293811619282,2163890.5,611462.4375,1275.477294921875,872.0,0.0,708.0,3687.0,2208618.0,-2.409759521484375,-6.380281925201416,0.45177239179611206,0.01708151400089264,142.0,2048.0,1.615757942199707,0.33343857526779175,0.0,7.934911251068115,0.4791136384010315,,,-0.049300555139780045,2149743.0,-0.011948373168706894,-0.0010123122483491898,1.0706183910369873,-0.011353546753525734,4559.0,0.0,2208619.0,127.5177001953125,156.0,0.04231082275509834,72.3672103881836,0.2712767720222473,2.184898853302002,44.0,16384.0,0.05883012339472771,0.04301077872514725,0.22572380304336548,0.17667809128761292,0.032608695328235626,377.3763732910156,0.8881338834762573,0.9329209327697754,1.3653703927993774,0.0008551806095056236,-0.3998139500617981,0.14061228930950165,0.04052734375,0.3753729462623596,0.5231896042823792,0.0,0.0009620056371204555,1.0,1.0,0.966686487197876,0.0876716896891594,0.22724030911922455,0.3057706654071808,0.4630865156650543,0.5459272861480713,0.8185166120529175,0.5614483952522278,31.99999237060547,1.4441051483154297,1.0,-0.0011691022664308548,0.275993287563324,0.9309653639793396,0.9174047112464905,0.680966854095459,0.19210578501224518,0.1766350120306015,-0.0002267108648084104,-2.908570422732737e-06,0.9337133765220642,0.9408708810806274,0.7007946372032166,0.20247888565063477,0.19232600927352905,0.933523952960968,0.9408698081970215,0.7005394697189331,0.20349793136119843,0.19295820593833923,45999,3.3966290950775146,,,,,,,,,,,,,0.1817646026611328,0.07065810263156891,0.07813649624586105,0.6000223159790039,0.1811465322971344,0.1026918962597847,0.0,0.04777368903160095,0.07195502519607544,0.3014933168888092,0.25371962785720825,0.1817646026611328
0.0177001953125,0.32512298226356506,0.0,0.0,0.0,0.5625,0.21250908076763153,3.456712007522583,0.0,0.8145663142204285,0.06981032341718674,1.5625,25.18375587463379,0,-2.927947521209717,0.5976035594940186,26.53213882446289,1.4305734634399414,0.9992925524711609,0.10000000149011612,0.49527430534362793,0.015974747017025948,0.02021271176636219,539.6923217773438,0.0,2.236297130584717,2232665.0,0.03853307291865349,0.21291399002075195,0.2943727672100067,103.0,5.225988864898682,7.3214569091796875,1.4124693870544434,0.0,8398.0,2232666.0,2025.0,0.01813894882798195,0.0,1.0,0.0014124293811619282,2187937.5,617499.4375,1133.769287109375,884.0,0.0,708.0,3700.0,2232665.0,-1.3955879211425781,-4.258360862731934,0.45899465680122375,0.0451773926615715,135.0,2048.0,1.7013378143310547,0.35346803069114685,0.0,7.672589302062988,0.4257252812385559,,,-0.050824880599975586,2173799.0,-0.012359801679849625,-0.0013242745772004128,1.0711488723754883,-0.012044367380440235,4584.0,0.0,2232666.0,114.31277465820312,134.0,0.036216218024492264,94.27500915527344,0.27032288908958435,2.3772125244140625,52.0,16384.0,0.058997221291065216,0.042832743376493454,0.22230114042758942,0.17433202266693115,0.027173912152647972,409.1421813964844,0.884666383266449,0.9409852623939514,1.3639917373657227,0.00812254473567009,-0.39703547954559326,0.1549408733844757,0.06103515625,0.31108108162879944,0.566216230392456,0.0,0.0010549818398430943,1.0,1.0,1.0664887428283691,0.07792255282402039,0.21180802583694458,0.3271651566028595,0.44745609164237976,0.4518886208534241,0.8136255741119385,0.5534297227859497,32.0,1.4884768724441528,1.0,-0.0006899248692207038,0.2756848931312561,0.9310489892959595,0.9176211953163147,0.6811689734458923,0.19330255687236786,0.1777391880750656,0.0001324662589468062,-2.291125201736577e-05,0.9336516261100769,0.9409279227256775,0.7006711959838867,0.20302043855190277,0.19272355735301971,0.9335878491401672,0.9411123991012573,0.7005956172943115,0.2042938768863678,0.1937962919473648,46499,3.5367236137390137,,,,,,,,,,,,,0.18050630390644073,0.07027795910835266,0.07838618755340576,0.601482629776001,0.18247263133525848,0.10336273908615112,0.0,0.047601550817489624,0.07171492278575897,0.29982277750968933,0.2522212266921997,0.18050630390644073
0.0172119140625,0.3159258961677551,0.0,0.0,0.0,0.5625,0.21289001405239105,3.2454633712768555,0.0,0.8236751556396484,0.0697670429944992,1.578125,25.25009536743164,0,-2.9436593055725098,0.5814415812492371,17.00518798828125,1.4249930381774902,0.9992925524711609,0.10000000149011612,0.4952886998653412,0.016064343973994255,0.020278088748455048,695.7608642578125,0.0,2.2409424781799316,2256482.0,0.038915522396564484,0.21402087807655334,0.28772860765457153,114.0,5.242938041687012,7.517279624938965,1.4124693870544434,0.0,8439.0,2256483.0,546.0,0.0042290110141038895,0.0,1.0,0.0014124293811619282,2211754.5,627837.5,1258.7174072265625,885.0,0.0,708.0,3712.0,2256482.0,-1.3330192565917969,-5.3000898361206055,0.4673954248428345,0.022966381162405014,145.0,2048.0,1.6222895383834839,0.31161975860595703,0.0,7.692224025726318,0.40590688586235046,,,-0.05074528977274895,2197614.0,-0.01235917303711176,-0.0005066164885647595,1.0700597763061523,-0.010539518669247627,4597.0,0.0,2256483.0,140.32821655273438,165.0,0.04445043206214905,75.7802963256836,0.2694726288318634,2.1144120693206787,46.0,16384.0,0.05933776870369911,0.04281904920935631,0.22542548179626465,0.18038450181484222,0.03804347664117813,408.8424987792969,0.8798084259033203,0.9362147450447083,1.3636548519134521,0.006346619222313166,-0.4047025740146637,0.1563594490289688,0.07275390625,0.2909482717514038,0.7190194129943848,0.0,0.0009475999977439642,1.0,1.0,1.0297069549560547,0.07587537169456482,0.19869235157966614,0.2922476530075073,0.5614655017852783,0.4227222800254822,0.928585410118103,0.5505191683769226,31.99998664855957,1.520534873008728,1.0,-0.0008822190575301647,0.2758496105670929,0.9310599565505981,0.91739422082901,0.6810469627380371,0.19260214269161224,0.17690376937389374,-6.953541014809161e-05,4.286654530005762e-06,0.9336286187171936,0.9410110116004944,0.7006765604019165,0.2033815085887909,0.19294700026512146,0.9335780739784241,0.9410638809204102,0.7006439566612244,0.20360390841960907,0.19294701516628265,46999,3.3409042358398438,,,,,,,,,,,,,0.18391411006450653,0.07081137597560883,0.07933340221643448,0.6043155789375305,0.18443921208381653,0.10365147888660431,0.0,0.049165546894073486,0.07494045794010162,0.30802011489868164,0.25885456800460815,0.18391411006450653
0.015869140625,0.3096045255661011,0.0,0.0,0.0,0.5625,0.21365663409233093,3.0847909450531006,0.0,0.8175520300865173,0.07040806859731674,1.578125,25.346097946166992,0,-2.960115671157837,0.5843939781188965,25.846817016601562,1.4280818700790405,0.999295175075531,0.10000000149011612,0.49539852142333984,0.016107186675071716,0.020366763696074486,686.4375,0.0,2.256152868270874,2280519.0,0.039184920489788055,0.21446728706359863,0.27002182602882385,118.0,5.288135528564453,7.617372512817383,1.4124693870544434,0.0,8477.0,2280520.0,195.0,0.0015810617478564382,0.0,1.0,0.0014124293811619282,2235791.5,632204.5,1260.5208740234375,885.0,0.0,708.0,3744.0,2280519.0,-2.4716644287109375,-7.126476764678955,0.4690069556236267,0.006940320134162903,137.0,2048.0,1.6195030212402344,0.31172889471054077,0.0,7.650793075561523,0.4166969954967499,,,-0.0501055009663105,2221643.0,-0.012254455126821995,-0.0012465392937883735,1.069441556930542,-0.0112584438174963,4629.0,0.0,2280520.0,120.50345611572266,143.0,0.0381944440305233,58.79616165161133,0.26763248443603516,2.2079570293426514,48.0,16384.0,0.059181757271289825,0.04281209409236908,0.22090905904769897,0.17605453729629517,0.03804347664117813,406.5299377441406,0.8844953179359436,0.9329134821891785,1.3612264394760132,0.011558434925973415,-0.40395450592041016,0.15291132032871246,0.0673828125,0.31784188747406006,0.5336538553237915,0.0,0.0010664729634299874,1.0,1.0,1.1085357666015625,0.0711444541811943,0.2104061245918274,0.3128024637699127,0.4413105547428131,0.4482760429382324,0.760371744632721,0.5583995580673218,32.0,1.488449215888977,1.0,-0.0006145749357528985,0.2758374512195587,0.9309453368186951,0.9174680709838867,0.6816192269325256,0.19267936050891876,0.17736858129501343,0.00013819086598232388,2.1170966647332534e-05,0.933600127696991,0.9410403966903687,0.7007570862770081,0.20353758335113525,0.19310572743415833,0.9334551095962524,0.9412167072296143,0.7010848522186279,0.20384368300437927,0.19359730184078217,47499,3.5247533321380615,,,,,,,,,,,,,0.18565158545970917,0.07118462771177292,0.0804949477314949,0.5981074571609497,0.18340769410133362,0.10367795079946518,0.0,0.04941001534461975,0.07494457066059113,0.31000617146492004,0.2605961561203003,0.18565158545970917
0.01519775390625,0.33454740047454834,0.0,0.0,0.0,0.625,0.21460767090320587,3.2977561950683594,0.0,0.812879204750061,0.07088484615087509,1.59375,25.478940963745117,0,-2.9759604930877686,0.5987937450408936,23.89162826538086,1.429800271987915,0.9993100166320801,0.10000000149011612,0.495424747467041,0.016134221106767654,0.020412340760231018,780.3191528320312,0.0,2.261570692062378,2304749.0,0.039460666477680206,0.21698585152626038,0.2815454602241516,119.0,5.309321880340576,7.561277866363525,1.4124693870544434,1.0,8517.0,2304750.0,215.0,0.0016695657977834344,0.0,1.0,0.0014124293811619282,2260021.5,640442.1875,1334.319091796875,895.0,0.0,708.0,3759.0,2304749.0,-1.1043510437011719,-7.810037136077881,0.47042983770370483,0.03240164369344711,145.0,2048.0,1.4758737087249756,0.30061519145965576,0.0,7.7573347091674805,0.41760626435279846,,,-0.047052014619112015,2245879.0,-0.011577470228075981,-0.0010534884640946984,1.064807653427124,-0.010529911145567894,4654.0,0.0,2304750.0,129.75645446777344,159.0,0.04229848459362984,52.25751876831055,0.2663572132587433,2.1337337493896484,47.0,16384.0,0.05939550697803497,0.04319697991013527,0.2195817530155182,0.1745656430721283,0.043478261679410934,435.4823913574219,0.8790372610092163,0.9292755126953125,1.3674991130828857,0.015359025448560715,-0.3951287865638733,0.14478585124015808,0.04833984375,0.289970725774765,0.6507049798965454,0.0,0.0010487388353794813,1.0,1.0,1.0610387325286865,0.06968310475349426,0.2160334587097168,0.30811455845832825,0.49816781282424927,0.3975030779838562,0.8733457922935486,0.547673225402832,32.0,1.5308454036712646,1.0,-0.000959125580266118,0.2758297920227051,0.9308258295059204,0.9172182083129883,0.6805792450904846,0.19323956966400146,0.17760394513607025,-0.00012228224659338593,-4.817752414965071e-05,0.9335243105888367,0.9410738945007324,0.7006159424781799,0.20382128655910492,0.19339381158351898,0.9333521723747253,0.941013753414154,0.7000589966773987,0.20444388687610626,0.19390079379081726,47999,3.6284866333007812,,,,,,,,,,,,,0.1842672973871231,0.07035720348358154,0.07907596975564957,0.6031762957572937,0.18476417660713196,0.10320134460926056,0.0,0.050202399492263794,0.07589389383792877,0.3103635907173157,0.2601611912250519,0.1842672973871231
0.0191650390625,0.2787601351737976,0.0,0.0,0.0,0.5625,0.21635307371616364,3.3041653633117676,0.0,0.810174822807312,0.069883331656456,1.5703125,25.46162223815918,0,-2.992344617843628,0.5981245040893555,28.85897445678711,1.4368070363998413,0.9993091225624084,0.10000000149011612,0.4954678416252136,0.016177158802747726,0.020475195720791817,711.0,0.0,2.254079818725586,2328573.0,0.03915959596633911,0.21560339629650116,0.2967926263809204,121.0,5.3516950607299805,7.605684280395508,1.4124693870544434,0.0,8556.0,2328574.0,366.0,0.003353018080815673,0.0,1.0,0.0014124293811619282,2283845.5,646011.625,1269.0850830078125,898.0,0.0,708.0,3789.0,2328573.0,-2.0234298706054688,-5.516537666320801,0.47518277168273926,0.020226625725626945,145.0,2048.0,1.5519622564315796,0.3173425793647766,0.0,7.63644552230835,0.46817415952682495,,,-0.04753946512937546,2269697.0,-0.01171839702874422,-0.0006571500562131405,1.0646867752075195,-0.009399750269949436,4687.0,0.0,2328574.0,133.88571166992188,159.0,0.04196357727050781,58.2944221496582,0.26416659355163574,2.075303554534912,47.0,16384.0,0.059592340141534805,0.042891934514045715,0.22048504650592804,0.1757807582616806,0.043478261679410934,424.5052490234375,0.8774827122688293,0.9406912922859192,1.3660719394683838,-0.0001078859277185984,-0.3865092694759369,0.15296746790409088,0.062255859375,0.32726311683654785,0.6592768430709839,0.0,0.0009346893639303744,1.0,1.0,1.0708956718444824,0.09171894937753677,0.2256443202495575,0.3715055584907532,0.515740156173706,0.48863908648490906,0.8489739894866943,0.5340052843093872,32.0,1.6204040050506592,1.0,-0.0007830022950656712,0.27595460414886475,0.9309234619140625,0.9172285199165344,0.6812077164649963,0.1926233321428299,0.17774225771427155,5.5745127610862255e-05,1.1711240404110868e-05,0.9334767460823059,0.9411046504974365,0.7005779147148132,0.2039307802915573,0.19358772039413452,0.9334402084350586,0.9411395788192749,0.7007389068603516,0.2038859724998474,0.19391585886478424,48499,3.4615774154663086,,,,,,,,,,,,,0.1819106936454773,0.06969055533409119,0.07800761610269547,0.6006234884262085,0.18533338606357574,0.10200187563896179,0.0,0.05052688717842102,0.07568898797035217,0.3081265687942505,0.25759968161582947,0.1819106936454773
0.0224609375,0.3226375877857208,0.0,0.0,0.0,0.625,0.21820804476737976,3.211052417755127,0.0,0.8258850574493408,0.07051487267017365,1.6015625,25.78171730041504,0,-3.008096694946289,0.598190188407898,33.40282440185547,1.4303165674209595,0.9993081092834473,0.10000000149011612,0.49553847312927246,0.016201680526137352,0.020508920773863792,837.8958129882812,0.0,2.262143850326538,2352719.0,0.039514150470495224,0.21795876324176788,0.26400917768478394,120.0,5.375706195831299,7.577049732208252,1.4124693870544434,0.0,8595.0,2352720.0,1035.0,0.008442644029855728,0.0,1.0,0.0014124293811619282,2307991.5,654016.0625,1390.3333740234375,908.0,0.0,708.0,3806.0,2352719.0,-2.653076171875,-6.243330001831055,0.4762493669986725,0.015569997951388359,154.0,2049.0,1.7702455520629883,0.3351350724697113,0.0,7.776501655578613,0.41847506165504456,,,-0.043724071234464645,2293848.0,-0.010824271477758884,-0.0007788307848386467,1.06007719039917,-0.007476350292563438,4714.0,0.0,2352720.0,140.21022033691406,175.0,0.04598003253340721,50.03834533691406,0.2627914249897003,2.0467238426208496,48.0,16384.0,0.05949391424655914,0.04309365898370743,0.22179464995861053,0.17670072615146637,0.027173912152647972,415.01507568359375,0.8787885904312134,0.9260380268096924,1.3708487749099731,0.005987503100186586,-0.39834362268447876,0.16243267059326172,0.080078125,0.3623226583003998,0.6074619293212891,0.0,0.0009770195465534925,1.0,1.0,1.1297123432159424,0.0902593582868576,0.22140192985534668,0.30584341287612915,0.48441290855407715,0.489018976688385,0.8528793454170227,0.5812467932701111,31.999967575073242,1.572228193283081,1.0,-0.0008881705580279231,0.2758176922798157,0.9309271574020386,0.9174643754959106,0.6808688640594482,0.19327567517757416,0.17809469997882843,-7.859406468924135e-05,-1.7586657122592442e-05,0.9334686994552612,0.9411346912384033,0.7005812525749207,0.20408768951892853,0.19384072721004486,0.9334227442741394,0.9413506388664246,0.7003433108329773,0.2046457678079605,0.19424323737621307,48999,3.4128355979919434,,,,,,,,,,,,,0.18336531519889832,0.06949024647474289,0.07904982566833496,0.5963433980941772,0.1853959560394287,0.10296317934989929,0.0,0.05149158835411072,0.07652980089187622,0.31138670444488525,0.25989511609077454,0.18336531519889832
0.01409912109375,0.302580863237381,0.0,0.0,0.0,0.6875,0.21624352037906647,3.446491003036499,0.0,0.8172807097434998,0.07047665119171143,1.6171875,25.884071350097656,0,-3.0231375694274902,0.5888967514038086,23.88016700744629,1.4488195180892944,0.9992974400520325,0.10000000149011612,0.49566197395324707,0.016297830268740654,0.020602935925126076,688.5531616210938,0.0,2.2710349559783936,2376787.0,0.03988046944141388,0.2202620506286621,0.27902764081954956,118.0,5.388418197631836,7.55350399017334,1.4124693870544434,0.0,8649.0,2376788.0,1351.0,0.010225271806120872,0.0,1.0,0.0014124293811619282,2332059.5,660849.75,1256.7872314453125,914.0,0.0,708.0,3815.0,2376787.0,-1.8120651245117188,-4.257885456085205,0.4803909659385681,0.01755385473370552,141.0,2048.0,1.4705270528793335,0.32931646704673767,0.0,7.632954120635986,0.43916285037994385,,,-0.041684314608573914,2317915.0,-0.010359284467995167,-0.000855698948726058,1.057019829750061,-0.007532636635005474,4729.0,0.0,2376788.0,127.46797180175781,150.0,0.03931847959756851,53.66347885131836,0.2621716558933258,2.064837694168091,47.0,16384.0,0.05986776575446129,0.043093640357255936,0.22375883162021637,0.1768307238817215,0.032608695328235626,446.4483642578125,0.8750045299530029,0.9269797801971436,1.3702048063278198,0.006688785273581743,-0.39697012305259705,0.15909239649772644,0.041259765625,0.29777196049690247,0.5174311995506287,0.0,0.0009114099084399641,1.0,1.0,0.9901776313781738,0.08505018055438995,0.22141394019126892,0.3203262686729431,0.4458797574043274,0.4400012791156769,0.8208861947059631,0.5655669569969177,32.0,1.4841063022613525,1.0,-0.0007211013580672443,0.275594025850296,0.9308189153671265,0.9174067974090576,0.6809375286102295,0.19394032657146454,0.1785566508769989,9.142595808953047e-05,-1.2964854249730706e-05,0.9334336519241333,0.9412646293640137,0.7004762291908264,0.20440632104873657,0.19404377043247223,0.9333329796791077,0.9415097832679749,0.7004485130310059,0.2051054686307907,0.1945526897907257,49499,3.5089619159698486,,,,,,,,,,,,,0.18188592791557312,0.06952917575836182,0.07749350368976593,0.6067445278167725,0.19096270203590393,0.10252566635608673,0.0,0.05390512943267822,0.08007046580314636,0.3158615231513977,0.2619563937187195,0.18188592791557312
0.02197265625,0.31417006254196167,0.0,0.0,0.0,0.5625,0.2175876796245575,3.3077378273010254,0.0,0.8300992846488953,0.0706600472331047,1.6328125,26.12372589111328,0,-3.0400919914245605,0.598654568195343,22.23301124572754,1.4425663948059082,0.9993166923522949,0.10000000149011612,0.4958665370941162,0.016343213617801666,0.020682642236351967,840.2553100585938,0.0,2.2815778255462646,2400746.0,0.03966733068227768,0.2198093682527542,0.26222798228263855,118.0,5.4420905113220215,7.601703643798828,1.4124693870544434,0.0,8679.0,2400747.0,448.0,0.0034043460618704557,0.0,1.0,0.0014124293811619282,2356018.5,665782.1875,1388.425537109375,914.0,0.0,708.0,3853.0,2400746.0,-3.2336883544921875,-6.380758285522461,0.4835440218448639,0.009991481900215149,159.0,2048.0,1.5692508220672607,0.3101164996623993,0.0,7.697391510009766,0.35260897874832153,,,-0.040140990167856216,2341871.0,-0.010007360950112343,-0.0009190442506223917,1.0532853603363037,-0.007224095053970814,4767.0,0.0,2400747.0,145.93258666992188,175.0,0.045419152826070786,51.856483459472656,0.25983577966690063,1.9570307731628418,47.0,16384.0,0.06002570688724518,0.04329833388328552,0.22302857041358948,0.17856386303901672,0.027173912152647972,425.24627685546875,0.8712100982666016,0.9217531085014343,1.3749775886535645,0.002398634096607566,-0.40162068605422974,0.16624221205711365,0.059814453125,0.34492602944374084,0.7015312910079956,0.0,0.0010962213855236769,1.0,1.0,1.0405988693237305,0.06619490683078766,0.21048811078071594,0.27638235688209534,0.4761890769004822,0.4262041747570038,0.9140599370002747,0.5677850842475891,32.0,1.4981900453567505,1.0,-0.0006298668449744582,0.2757546305656433,0.9309306740760803,0.9178256392478943,0.6819671988487244,0.1940864622592926,0.17868317663669586,0.00016374117694795132,7.274285599123687e-05,0.9334271550178528,0.9414656162261963,0.7007104158401489,0.20470771193504333,0.1942555010318756,0.933428943157196,0.9419732093811035,0.7015250325202942,0.20527127385139465,0.19468465447425842,49999,3.509577512741089,,,,,,,,,,,,,0.18298643827438354,0.0696210116147995,0.07692781090736389,0.6096682548522949,0.19282811880111694,0.10190262645483017,0.0,0.0551830530166626,0.0825309157371521,0.32070040702819824,0.26551735401153564,0.18298643827438354
,,,,,,,,,,,,,0,,,,,,,,,,,,,,,,,,,,,,,,,,,,,,,,,,,,,,,,,,,,,,,,0.011215921491384506,0.14326097071170807,,,,,,,,,,,,,,,,,,,,,,,,,,,,,,,,,,,,,,,,,,,,,,,,,,,,,,,,,,,,,,,,,,,49999,,0.8372513651847839,95.86621856689453,113.09677124023438,17.230552673339844,4.100189208984375,99.9664077758789,93.25973510742188,97.27224731445312,113.61470794677734,4.795643329620361,119.7734146118164,114.97776794433594,,,,,,,,,,,,
0.0177001953125,0.31228578090667725,0.0,0.0,0.0,0.625,0.21584013104438782,3.343719720840454,0.0,0.8236527442932129,0.07102783024311066,1.6171875,26.138511657714844,0,-3.054917335510254,0.6076763868331909,27.509912490844727,1.4362118244171143,0.999311625957489,0.10000000149011612,0.4959731996059418,0.016388166695833206,0.02073875069618225,815.5490112304688,0.0,2.298807144165039,2424597.0,0.039935577660799026,0.22105829417705536,0.2534605860710144,117.0,5.478813648223877,7.598358631134033,1.4124693870544434,0.0,8717.0,2424598.0,1245.0,0.009618226438760757,0.0,1.0,0.0014124293811619282,2379869.5,672448.75,1380.0391845703125,917.0,0.0,708.0,3879.0,2424597.0,-1.9708938598632812,-7.887955188751221,0.48675471544265747,0.02041768841445446,147.0,2048.0,1.362534761428833,0.2952820956707001,0.0,7.674221992492676,0.38819044828414917,,,-0.03706657141447067,2365722.0,-0.009246334433555603,-0.0006818871479481459,1.0478909015655518,-0.004840859677642584,4796.0,0.0,2424598.0,129.44918823242188,153.0,0.03944315388798714,50.5815544128418,0.25801676511764526,2.0542078018188477,51.0,16384.0,0.06011475995182991,0.043291155248880386,0.22028565406799316,0.1763777732849121,0.027173912152647972,473.0041198730469,0.8686345815658569,0.9319339990615845,1.3761652708053589,0.012504896149039268,-0.4087471067905426,0.16899490356445312,0.04345703125,0.3351379334926605,0.5210105776786804,0.0,0.0009416805114597082,1.0,1.0,1.0223641395568848,0.06791610270738602,0.221269428730011,0.38805872201919556,0.49323323369026184,0.5139750838279724,0.8488091826438904,0.5250220894813538,32.0,1.4367365837097168,1.0,-0.0008842040551826358,0.2757750451564789,0.9307847023010254,0.9175360798835754,0.6815067529678345,0.19436852633953094,0.17892761528491974,-9.773588681127876e-05,2.9947806979180314e-05,0.9334036707878113,0.9416649341583252,0.7010072469711304,0.20498621463775635,0.1944647580385208,0.9333037734031677,0.9418702721595764,0.7011749744415283,0.20557306706905365,0.1949687898159027,50499,3.3547282218933105,,,,,,,,,,,,,0.18319621682167053,0.06934364140033722,0.0777907520532608,0.6004428863525391,0.189622163772583,0.10320058465003967,0.0,0.054509103298187256,0.08077219128608704,0.3184775114059448,0.26396840810775757,0.18319621682167053
0.0194091796875,0.33203020691871643,0.0,0.0,0.0,0.65625,0.21650147438049316,3.372241973876953,0.0,0.8202082514762878,0.07054389268159866,1.6328125,26.185373306274414,0,-3.070561170578003,0.5983965396881104,21.71680450439453,1.4534906148910522,0.999317467212677,0.10000000149011612,0.4959014058113098,0.01644086465239525,0.020812833681702614,708.5416870117188,0.0,2.294658660888672,2448585.0,0.03938568755984306,0.21701419353485107,0.26963314414024353,115.0,5.512712001800537,7.594653606414795,1.4124693870544434,0.0,8772.0,2448586.0,13.0,0.005713127553462982,0.0,1.0,0.0014124293811619282,2403857.5,676864.4375,1280.0416259765625,920.0,0.0,708.0,3903.0,2448585.0,0.3804664611816406,-5.402217388153076,0.4923824369907379,0.010367915034294128,140.0,2049.0,1.561622977256775,0.31159839034080505,0.0,7.5329766273498535,0.4206158220767975,,,-0.03878793492913246,2389696.0,-0.00971283856779337,-0.0005775615572929382,1.0483711957931519,-0.004649724345654249,4823.0,0.02083333395421505,2448586.0,119.31560516357422,144.0,0.036894697695970535,61.656341552734375,0.2564546763896942,2.1562185287475586,48.0,16384.0,0.060345154255628586,0.04316632077097893,0.21870851516723633,0.17325955629348755,0.027173912152647972,482.1087341308594,0.8707793951034546,0.9326916337013245,1.37581467628479,0.0063973343931138515,-0.4042954444885254,0.1389271467924118,0.0654296875,0.30676576495170593,0.5507432222366333,0.0,0.001030654995702207,1.0,1.0,0.9831616878509521,0.08075166493654251,0.23526282608509064,0.32706379890441895,0.4976004660129547,0.4678504467010498,0.8119403123855591,0.5509426593780518,32.0,1.5139955282211304,1.0,-0.0008780575008131564,0.27577459812164307,0.9306759834289551,0.9174708127975464,0.681145429611206,0.19381529092788696,0.17803846299648285,-0.00011193245882168412,-1.9308463379275054e-05,0.9333374500274658,0.9417111277580261,0.7009866833686829,0.20505525171756744,0.19445641338825226,0.9331866502761841,0.9418495297431946,0.7006959319114685,0.20493431389331818,0.19406791031360626,50999,3.4269418716430664,,,,,,,,,,,,,0.1822299063205719,0.06879901885986328,0.07692229002714157,0.5998637676239014,0.19254440069198608,0.10293202102184296,0.0,0.05578726530075073,0.081746906042099,0.31976407766342163,0.2639768123626709,0.1822299063205719
0.0142822265625,0.3251934051513672,0.0,0.0,0.0,0.625,0.2187691479921341,3.2120749950408936,0.0,0.8160547018051147,0.07077610492706299,1.6484375,26.36789321899414,0,-3.085557460784912,0.5880395174026489,22.211139678955078,1.453214406967163,0.9993110299110413,0.10000000149011612,0.4959730803966522,0.01650896482169628,0.020884420722723007,710.8499755859375,0.0,2.3093645572662354,2472799.0,0.03942418843507767,0.21785269677639008,0.24655339121818542,115.0,5.5282487869262695,7.564380645751953,1.4124693870544434,3.0,8813.0,2472800.0,2583.0,0.019575119018554688,0.0,1.0,0.0014124293811619282,2428071.5,683773.75,1296.25,928.0,0.0,708.0,3914.0,2472799.0,-1.9542732238769531,-5.430476188659668,0.4950807988643646,0.017099637538194656,143.0,2048.0,1.5152677297592163,0.31220322847366333,0.0,7.3814520835876465,0.3902178704738617,,,-0.04002327471971512,2413911.0,-0.010078469291329384,-0.0007732434896752238,1.0502328872680664,-0.006489217281341553,4842.0,0.0,2472800.0,128.62940979003906,151.0,0.03857945650815964,56.21536636352539,0.2555059492588043,2.0626535415649414,40.0,16384.0,0.0605003722012043,0.04311473295092583,0.22229735553264618,0.17500661313533783,0.027173912152647972,540.4764404296875,0.8665096163749695,0.9253629446029663,1.3795816898345947,0.020874079316854477,-0.4072805941104889,0.14302822947502136,0.047607421875,0.32728666067123413,0.6172713041305542,0.0,0.0011842582607641816,1.0,1.0,1.0030288696289062,0.07645664364099503,0.22045579552650452,0.2459382712841034,0.494419127702713,0.38748928904533386,0.8522047996520996,0.5439246296882629,32.0,1.5020475387573242,1.0,-0.000879935803823173,0.2756797671318054,0.9307082891464233,0.9172927737236023,0.6804370880126953,0.1948896050453186,0.1793021559715271,-2.2425652787205763e-05,-6.052762546460144e-05,0.9332903623580933,0.9417991042137146,0.7006876468658447,0.20525528490543365,0.19457292556762695,0.9331973195075989,0.9417623281478882,0.7001166343688965,0.2059842348098755,0.19534039497375488,51499,3.4360532760620117,,,,,,,,,,,,,0.18208052217960358,0.06860598921775818,0.07617741823196411,0.6061115264892578,0.19217748939990997,0.10211605578660965,0.0,0.055496037006378174,0.08269338309764862,0.32026994228363037,0.2647739052772522,0.18208052217960358
0.014404296875,0.3145894408226013,0.0,0.0,0.0,0.71875,0.21942442655563354,3.40500807762146,0.0,0.8285970687866211,0.07117720693349838,1.6484375,26.433866500854492,0,-3.101501703262329,0.6027272939682007,27.534996032714844,1.4486010074615479,0.9993184208869934,0.10000000149011612,0.49611151218414307,0.016604432836174965,0.02100924402475357,613.8235473632812,0.0,2.314617156982422,2496665.0,0.04004286602139473,0.22225049138069153,0.25982600450515747,114.0,5.564971923828125,7.540368556976318,1.4124693870544434,0.0,8841.0,2496666.0,1028.0,0.007989083416759968,0.0,1.0,0.0014124293811619282,2451937.5,691146.375,1208.058837890625,933.0,0.0,708.0,3940.0,2496665.0,-0.7380714416503906,-4.924845218658447,0.4996887743473053,0.02155582420527935,137.0,2049.0,1.4266951084136963,0.2894443869590759,0.0,7.275524616241455,0.4328117370605469,,,-0.04140983521938324,2437781.0,-0.010466745123267174,-0.001213129493407905,1.0526621341705322,-0.0087437080219388,4873.0,0.0,2496666.0,118.28466796875,137.0,0.034771572798490524,45.86000061035156,0.25390326976776123,2.079089403152466,51.0,16383.0,0.06052239611744881,0.04323713481426239,0.2218562662601471,0.1764805167913437,0.03804347664117813,499.02825927734375,0.8701619505882263,0.9394418001174927,1.378077507019043,0.0032091352622956038,-0.41111332178115845,0.1458677053451538,0.055908203125,0.30837562680244446,0.6109136939048767,0.0,0.0008894985658116639,1.0,1.0,0.9970993995666504,0.07561598718166351,0.2240600883960724,0.3046286404132843,0.49920710921287537,0.49257761240005493,0.8444855213165283,0.5446381568908691,32.0,1.4830873012542725,1.0,-0.0008585640462115407,0.27559491991996765,0.9306769967079163,0.9170891642570496,0.6809414029121399,0.19563783705234528,0.17981836199760437,-7.247686880873516e-06,-4.44986608272302e-06,0.93325275182724,0.9417447447776794,0.7006130814552307,0.20565666258335114,0.19495263695716858,0.9331603050231934,0.9416543245315552,0.7005628347396851,0.20661884546279907,0.19582904875278473,51999,3.3807601928710938,,,,,,,,,,,,,0.18273869156837463,0.06828658282756805,0.07642653584480286,0.609192430973053,0.19606336951255798,0.10338279604911804,0.0,0.057528913021087646,0.08559748530387878,0.32586508989334106,0.2683361768722534,0.18273869156837463
0.01141357421875,0.3311031758785248,0.0,0.0,0.0,0.625,0.219914510846138,3.4321377277374268,0.0,0.8335850238800049,0.0712953433394432,1.65625,26.360496520996094,0,-3.11708927154541,0.6034177541732788,22.336795806884766,1.4509365558624268,0.9993160367012024,0.10000000149011612,0.49614518880844116,0.01666424609720707,0.02109406888484955,850.521728515625,1.0,2.327127456665039,2520690.0,0.04137866199016571,0.22876854240894318,0.24276338517665863,115.0,5.587570667266846,7.567852020263672,1.4124693870544434,0.0,8870.0,2520691.0,448.0,0.00329186231829226,0.0,1.0,0.0014124293811619282,2475962.5,699533.1875,1417.608642578125,934.0,0.0,708.0,3956.0,2520690.0,-3.994098663330078,-6.562227725982666,0.5056120157241821,0.012276205234229565,138.0,2048.0,1.6331008672714233,0.32990697026252747,0.0,7.475701808929443,0.39328882098197937,,,-0.03989770635962486,2461804.0,-0.010099743492901325,-0.0011159148998558521,1.051141619682312,-0.006057725753635168,4890.0,0.0,2520691.0,118.01615905761719,146.0,0.03690596669912338,55.680625915527344,0.25303640961647034,2.1485819816589355,46.0,16384.0,0.060479745268821716,0.04322689026594162,0.2170064002275467,0.17382098734378815,0.032608695328235626,519.8842163085938,0.8727752566337585,0.9278647899627686,1.3806254863739014,0.005483298096805811,-0.4100184142589569,0.16764092445373535,0.0615234375,0.3804347813129425,0.6754297018051147,0.0,0.0008085465524345636,1.0,1.0,1.0033750534057617,0.07551064342260361,0.21582801640033722,0.3062603771686554,0.5300396680831909,0.43654799461364746,0.8726562857627869,0.5613900423049927,32.0,1.5229443311691284,1.0,-0.0009739409433677793,0.275888592004776,0.9305696487426758,0.9173049926757812,0.6812191605567932,0.19497868418693542,0.17922981083393097,-2.8506578019005246e-05,3.7109257391421124e-05,0.9332017302513123,0.9417914152145386,0.7007085084915161,0.20596402883529663,0.19531717896461487,0.9330676198005676,0.9419186115264893,0.7010098099708557,0.20601260662078857,0.1953975260257721,52499,3.466158866882324,,,,,,,,,,,,,0.18404756486415863,0.06876777112483978,0.07714450359344482,0.602957010269165,0.19616395235061646,0.10336310416460037,0.0,0.05795121192932129,0.08521069586277008,0.32720947265625,0.2692582607269287,0.18404756486415863
0.0137939453125,0.3384898602962494,0.0,0.0,0.0,0.5,0.22030657529830933,3.322660207748413,0.0,0.8236722946166992,0.07088302075862885,1.65625,26.50259780883789,0,-3.132214307785034,0.599423885345459,28.89824676513672,1.4572296142578125,0.9993143677711487,0.10000000149011612,0.4962169826030731,0.01669614017009735,0.021116890013217926,786.0487670898438,0.0,2.339491605758667,2544694.0,0.04030171036720276,0.22449922561645508,0.23926539719104767,115.0,5.6186442375183105,7.543277740478516,1.4124693870544434,0.0,8894.0,2544695.0,1099.0,0.0077287727035582066,0.0,1.0,0.0014124293811619282,2499966.5,708140.125,1356.048828125,943.0,0.0,708.0,3978.0,2544694.0,-2.4347381591796875,-7.348748683929443,0.5103051662445068,0.019266121089458466,150.0,2048.0,1.6018295288085938,0.3324504494667053,0.0,7.3443427085876465,0.3724992871284485,,,-0.04013112187385559,2485817.0,-0.010221859440207481,-0.0016652528429403901,1.048585057258606,-0.008564680814743042,4921.0,0.0,2544695.0,125.60029602050781,155.0,0.03896430507302284,62.176177978515625,0.2514842450618744,2.110521078109741,41.0,16384.0,0.060803890228271484,0.04338959977030754,0.2210587114095688,0.17387057840824127,0.043478261679410934,528.9829711914062,0.8689597845077515,0.9239857196807861,1.3835258483886719,0.003213459625840187,-0.4321373999118805,0.14599044620990753,0.059326171875,0.3237808048725128,0.5583207607269287,0.0,0.0010934720048680902,1.0,1.0,0.9196822643280029,0.07343246787786484,0.22696299850940704,0.3197792172431946,0.4533229172229767,0.4525250196456909,0.8205406665802002,0.5729195475578308,32.0,1.5398651361465454,1.0,-0.0007316984701901674,0.2756798565387726,0.9306110143661499,0.9172974824905396,0.6810705661773682,0.19547876715660095,0.17952366173267365,0.00011361081124050543,-1.0392360309197102e-05,0.9331575036048889,0.9418454766273499,0.7007014155387878,0.20608371496200562,0.19534851610660553,0.9330862164497375,0.9420273900032043,0.7007176280021667,0.20651012659072876,0.19550445675849915,52999,3.449018716812134,,,,,,,,,,,,,0.1824703812599182,0.06811010092496872,0.075855553150177,0.6075259447097778,0.195329949259758,0.10317379236221313,0.0,0.056458890438079834,0.08377811312675476,0.3227073848247528,0.266248494386673,0.1824703812599182
0.01483154296875,0.31394049525260925,0.0,0.0,0.0,0.5,0.2192816436290741,3.3197336196899414,0.0,0.8253002166748047,0.07112728804349899,1.6640625,26.689529418945312,0,-3.1471683979034424,0.6070370674133301,34.8746452331543,1.4430716037750244,0.9992936849594116,0.10000000149011612,0.4962916970252991,0.016751961782574654,0.02120383083820343,791.2825927734375,0.0,2.3439931869506836,2568597.0,0.03970335051417351,0.22136226296424866,0.25059229135513306,114.0,5.639830589294434,7.535784721374512,1.4124693870544434,0.0,8913.0,2568598.0,64.0,0.000306987960357219,0.0,1.0,0.0014124293811619282,2523869.5,717188.3125,1354.45654296875,944.0,0.0,708.0,3993.0,2568597.0,-4.107501983642578,-7.1726226806640625,0.5179343819618225,0.017665427178144455,158.0,2048.0,1.8012185096740723,0.34679004549980164,0.0,7.430951118469238,0.41620802879333496,,,-0.037924472242593765,2509719.0,-0.009694743901491165,-0.001329397433437407,1.045212984085083,-0.006552545353770256,4937.0,0.0,2568598.0,138.64083862304688,160.0,0.040070123970508575,53.80790710449219,0.25060248374938965,1.9534467458724976,46.0,16384.0,0.060809336602687836,0.043198712170124054,0.21982119977474213,0.17224860191345215,0.03804347664117813,523.1591796875,0.8591694235801697,0.9338480234146118,1.3873239755630493,0.015460869297385216,-0.4058759808540344,0.15554563701152802,0.05615234375,0.37565740942955017,0.6766842007637024,0.0,0.0010258896509185433,1.0,1.0,0.9627504348754883,0.06472907960414886,0.2249167263507843,0.28178560733795166,0.5315459966659546,0.4652702808380127,0.9063825011253357,0.5643100142478943,32.0,1.6040836572647095,1.0,-0.0008401924860663712,0.2755090296268463,0.9304865598678589,0.9170607328414917,0.680945098400116,0.19606918096542358,0.1800655722618103,-5.424493792816065e-05,-1.3400886018644087e-05,0.9331156611442566,0.9419103264808655,0.700740396976471,0.20626603066921234,0.19540558755397797,0.9329752326011658,0.9418750405311584,0.7005619406700134,0.20699158310890198,0.1959245204925537,53499,3.363328695297241,,,,,,,,,,,,,0.18106676638126373,0.06754826009273529,0.0752861499786377,0.6043906807899475,0.19443143904209137,0.10394495725631714,0.0,0.05638733506202698,0.08375103771686554,0.32120513916015625,0.2648178040981293,0.18106676638126373
0.0211181640625,0.32543620467185974,0.0,0.0,0.0,0.46875,0.21902139484882355,3.2995541095733643,0.0,0.82635498046875,0.07171368598937988,1.671875,26.632972717285156,0,-3.1640987396240234,0.5927035212516785,32.867835998535156,1.4439986944198608,0.9993127584457397,0.10000000149011612,0.4963186979293823,0.016807906329631805,0.021288419142365456,850.452392578125,0.0,2.356506586074829,2592493.0,0.03948880732059479,0.2212373912334442,0.24253202974796295,114.0,5.658192157745361,7.545550346374512,1.4124693870544434,0.0,8930.0,2592494.0,1901.0,0.01322127040475607,0.0,1.0,0.0014124293811619282,2547765.5,727146.6875,1408.3095703125,949.0,0.0,708.0,4006.0,2592493.0,-4.413795471191406,-6.212116241455078,0.5235617756843567,0.008004384115338326,159.0,2048.0,1.6520674228668213,0.3206474184989929,0.0,7.645042419433594,0.39879658818244934,,,-0.03628317639231682,2533616.0,-0.009288063272833824,-0.0007639406831003726,1.0433387756347656,-0.005484539549797773,4955.0,0.0,2592494.0,151.89776611328125,174.0,0.04343484714627266,42.35390090942383,0.24967998266220093,1.8330844640731812,42.0,16383.0,0.0610358864068985,0.043171223253011703,0.21792000532150269,0.1741553246974945,0.043478261679410934,561.9722900390625,0.8630917072296143,0.9298240542411804,1.384668231010437,0.010040395893156528,-0.4109465479850769,0.1636451631784439,0.0625,0.3806789815425873,0.6345481872558594,0.0,0.0009249706636182964,1.0,1.0,1.0355806350708008,0.07282870262861252,0.2258165031671524,0.3019362688064575,0.5420874953269958,0.433257132768631,0.8886228799819946,0.541767418384552,32.0,1.5893425941467285,1.0,-0.0008629544172435999,0.2755451798439026,0.9304246306419373,0.9170241951942444,0.6812658905982971,0.19589611887931824,0.17961996793746948,6.33588479104219e-06,2.3416318072122522e-05,0.9330441355705261,0.9418966770172119,0.7007123231887817,0.20653201639652252,0.19553840160369873,0.9329083561897278,0.9419552683830261,0.7009270787239075,0.20678357779979706,0.1954420506954193,53999,3.4598634243011475,,,,,,,,,,,,,0.1849740892648697,0.06826584041118622,0.07644125819206238,0.6078891754150391,0.19765979051589966,0.10296300053596497,0.0,0.059036433696746826,0.08819185197353363,0.33220237493515015,0.2731659412384033,0.1849740892648697
0.0213623046875,0.3224460184574127,0.0,0.0,0.0,0.65625,0.21991220116615295,3.442692518234253,0.0,0.83677077293396,0.07144973427057266,1.671875,26.830949783325195,0,-3.1787149906158447,0.6127783060073853,33.31670379638672,1.4547406435012817,0.9992998242378235,0.10000000149011612,0.49644678831100464,0.01690860651433468,0.02138330787420273,869.3043212890625,0.0,2.368685483932495,2616679.0,0.038931090384721756,0.21820853650569916,0.2391420602798462,114.0,5.672316551208496,7.555169582366943,1.4124693870544434,0.0,8945.0,2616680.0,314.0,0.00212901271879673,0.0,1.0,0.0014124293811619282,2571951.5,737531.6875,1426.7174072265625,952.0,0.0,708.0,4016.0,2616679.0,-3.0254783630371094,-7.04525089263916,0.529978334903717,0.011731863021850586,160.0,2049.0,1.858213186264038,0.36234113574028015,0.0,7.815673828125,0.4190616309642792,,,-0.03341427817940712,2557804.0,-0.008575801737606525,-0.0008886470459401608,1.039794683456421,-0.003642248222604394,4968.0,0.0,2616680.0,157.55947875976562,182.0,0.04531872645020485,45.506385803222656,0.24911239743232727,1.8090686798095703,46.0,16384.0,0.061090391129255295,0.0434693917632103,0.2199006825685501,0.17480647563934326,0.03804347664117813,590.6509399414062,0.8574969172477722,0.9283270835876465,1.387471079826355,0.000403098325477913,-0.4103732109069824,0.15467038750648499,0.0625,0.3085159361362457,0.5886453986167908,0.0,0.00099263119045645,1.0,1.0,0.9145097732543945,0.0678364634513855,0.22305981814861298,0.31638675928115845,0.5225043296813965,0.4193439483642578,0.8530475497245789,0.5664981603622437,32.0,1.5413730144500732,1.0,-0.0007792324176989496,0.2754432260990143,0.9304741024971008,0.9167839288711548,0.6808029413223267,0.1967318207025528,0.18064141273498535,1.7437578208046034e-05,-3.700533852679655e-05,0.933009922504425,0.9418960213661194,0.7006354331970215,0.20687302947044373,0.19581855833530426,0.9329476952552795,0.9418174028396606,0.700319230556488,0.20784339308738708,0.19673757255077362,54499,3.4343924522399902,,,,,,,,,,,,,0.1841583102941513,0.06801148504018784,0.07588797062635422,0.6094688177108765,0.19820177555084229,0.10314808040857315,0.0,0.05959466099739075,0.08854426443576813,0.3322972357273102,0.27270257472991943,0.1841583102941513
0.028564453125,0.3087526261806488,0.0,0.0,0.0,0.6875,0.21914781630039215,3.4624741077423096,0.0,0.8416941165924072,0.07144518196582794,1.6796875,26.836149215698242,0,-3.1950743198394775,0.6119622588157654,39.909034729003906,1.4438889026641846,0.9993158578872681,0.10000000149011612,0.49651020765304565,0.016936680302023888,0.021432364359498024,912.227294921875,0.0,2.381418466567993,2640678.0,0.039384473115205765,0.22050848603248596,0.23437952995300293,114.0,5.6878533363342285,7.580965042114258,1.4124693870544434,0.0,8970.0,2640679.0,2854.0,0.020494626834988594,0.0,1.0,0.0014124293811619282,2595950.5,746205.6875,1466.6590576171875,953.0,0.0,708.0,4027.0,2640678.0,-3.606792449951172,-6.689584732055664,0.5337573289871216,0.007760047912597656,155.0,2048.0,1.696674108505249,0.30900833010673523,0.0,7.823009967803955,0.4122369587421417,,,-0.0326724573969841,2581804.0,-0.008403070271015167,-0.0009875078685581684,1.039945363998413,-0.0038917686324566603,4980.0,0.0,2640679.0,143.9089813232422,174.0,0.04320834204554558,50.731605529785156,0.2483459860086441,1.9077136516571045,44.0,16383.0,0.06130146607756615,0.04314330965280533,0.21930445730686188,0.1740146428346634,0.03804347664117813,574.07373046875,0.8615341782569885,0.9291375875473022,1.394742488861084,0.009185617789626122,-0.40586134791374207,0.14488142728805542,0.08203125,0.29525700211524963,0.6056618094444275,0.0,0.0008789568673819304,1.0,1.0,1.0319714546203613,0.06818459928035736,0.21209925413131714,0.3076644539833069,0.5268122553825378,0.42473238706588745,0.8602876663208008,0.5526612401008606,32.0,1.5256719589233398,1.0,-0.0010521903168410063,0.2755448520183563,0.9304415583610535,0.9170054793357849,0.6807988882064819,0.19700667262077332,0.18029950559139252,-7.553524483228102e-05,7.958372407301795e-06,0.9329841732978821,0.9419611096382141,0.7006685137748718,0.20730505883693695,0.1960684061050415,0.9329026341438293,0.942089319229126,0.700664758682251,0.20793133974075317,0.19619880616664886,54999,3.4527206420898438,,,,,,,,,,,,,0.18255774676799774,0.06750167906284332,0.07504866272211075,0.6078026294708252,0.19818362593650818,0.10253638029098511,0.0,0.05963507294654846,0.088454470038414,0.3306472897529602,0.27101221680641174,0.18255774676799774
0.009765625,0.3145942687988281,0.0,0.0,0.0,0.53125,0.22337056696414948,3.5257139205932617,0.0,0.8319958448410034,0.07176318764686584,1.6875,27.02604866027832,0,-3.2112815380096436,0.5969255566596985,28.037921905517578,1.4542162418365479,0.9993361234664917,0.10000000149011612,0.4966059923171997,0.016965871676802635,0.021505048498511314,953.0,0.0,2.3928682804107666,2664658.0,0.03934032469987869,0.21998043358325958,0.24542534351348877,112.0,5.71610164642334,7.582077503204346,1.4124693870544434,0.0,8991.0,2664659.0,994.0,0.0068543157540261745,0.0,1.0,0.0014124293811619282,2619930.5,753268.375,1487.5369873046875,954.0,0.0,708.0,4047.0,2664658.0,-6.308544158935547,-8.799027442932129,0.5405015349388123,0.01843973994255066,161.0,2048.0,1.4730148315429688,0.2995459735393524,0.0,7.968933582305908,0.373627245426178,,,-0.0313691608607769,2605784.0,-0.00809346791356802,-0.0007561117527075112,1.0373296737670898,-0.003205582732334733,5001.0,0.0,2664659.0,164.91192626953125,195.0,0.04818383976817131,43.96853256225586,0.24721525609493256,1.7650351524353027,54.0,16384.0,0.06145065650343895,0.04340386763215065,0.22009038925170898,0.17569179832935333,0.03804347664117813,603.0731201171875,0.8581913709640503,0.9290440678596497,1.3942103385925293,0.009520543739199638,-0.42193952202796936,0.15225784480571747,0.0615234375,0.2982456088066101,0.596738338470459,0.0,0.0009937232825905085,1.0,1.0,1.0428924560546875,0.06836678087711334,0.22763565182685852,0.2700156569480896,0.4777804911136627,0.40343528985977173,0.8650518655776978,0.5576388239860535,32.0,1.525979995727539,1.0,-0.000897343794349581,0.2753717601299286,0.9305679202079773,0.9169264435768127,0.6805941462516785,0.19759300351142883,0.18081320822238922,-4.410744077176787e-05,-2.7772508474299684e-05,0.9329834580421448,0.9419946670532227,0.7005640268325806,0.2076660692691803,0.19622617959976196,0.9330087900161743,0.9420486688613892,0.7002685070037842,0.20847168564796448,0.1967797875404358,55499,3.4809963703155518,,,,,,,,,,,,,0.18440032005310059,0.0687364935874939,0.07535775005817413,0.6181823015213013,0.20605961978435516,0.10352480411529541,0.0,0.0622730553150177,0.09316971898078918,0.33984309434890747,0.27757003903388977,0.18440032005310059
0.01348876953125,0.3147701621055603,0.0,0.0,0.0,0.6875,0.22213877737522125,3.6364126205444336,0.0,0.828510582447052,0.07109499722719193,1.6875,27.079111099243164,0,-3.226604700088501,0.6098427772521973,31.805049896240234,1.47246253490448,0.9993206858634949,0.10000000149011612,0.49662813544273376,0.017042873427271843,0.021597350016236305,717.2127685546875,0.0,2.4097280502319336,2688692.0,0.03947572410106659,0.22105126082897186,0.23863202333450317,111.0,5.744350433349609,7.592962741851807,1.4124693870544434,0.0,9009.0,2688693.0,627.0,0.004258162807673216,0.0,1.0,0.0014124293811619282,2643964.5,756363.375,1302.6383056640625,958.0,0.0,708.0,4067.0,2688692.0,-1.4771881103515625,-4.337690830230713,0.5439708828926086,0.012966970913112164,163.0,2048.0,1.6860740184783936,0.33018630743026733,0.0,8.096385955810547,0.5613208413124084,,,-0.03207668662071228,2629821.0,-0.00831748265773058,-0.000991877168416977,1.0364526510238647,-0.002770825754851103,5025.0,0.0,2688693.0,160.91616821289062,183.0,0.04499631002545357,38.977840423583984,0.24601705372333527,1.7477246522903442,47.0,16383.0,0.061381593346595764,0.04315557703375816,0.21644577383995056,0.17106400430202484,0.043478261679410934,624.5665283203125,0.8634874820709229,0.9238712787628174,1.3866219520568848,0.0024984022602438927,-0.39750421047210693,0.15740257501602173,0.06201171875,0.3066142201423645,0.6980575323104858,0.0,0.0011093986686319113,1.0,1.0,1.0327229499816895,0.0633184164762497,0.23793862760066986,0.23508359491825104,0.5335969924926758,0.3469976782798767,0.912134051322937,0.5642228722572327,32.0,1.6342658996582031,1.0,-0.0008541769930161536,0.27531489729881287,0.9303977489471436,0.9166392683982849,0.6803841590881348,0.19755345582962036,0.1808149516582489,-9.290457091992721e-05,-3.912239117198624e-05,0.9329622983932495,0.9419631958007812,0.7003772854804993,0.20802435278892517,0.19647766649723053,0.9328738451004028,0.9418858289718628,0.6999308466911316,0.2085902839899063,0.1967843770980835,55999,3.670332431793213,,,,,,,,,,,,,0.18436110019683838,0.0676937848329544,0.07468833774328232,0.6129859685897827,0.2045910507440567,0.10230772197246552,0.0,0.06282728910446167,0.09373217821121216,0.3409205675125122,0.27809327840805054,0.18436110019683838
0.014892578125,0.32583609223365784,0.0,0.0,0.0,0.78125,0.223480224609375,3.5416901111602783,0.0,0.8413606882095337,0.07137482613325119,1.6875,27.015600204467773,0,-3.2425880432128906,0.6112128496170044,44.30339813232422,1.4758844375610352,0.9993159174919128,0.10000000149011612,0.4967242181301117,0.01710406318306923,0.021649030968546867,1002.7021484375,0.0,2.4099762439727783,2712753.0,0.0393855981528759,0.21947121620178223,0.22814346849918365,110.0,5.775423526763916,7.620720386505127,1.4124693870544434,0.0,9042.0,2712754.0,150.0,0.0008763460791669786,0.0,1.0,0.0014124293811619282,2668025.5,763021.875,1541.872314453125,958.0,0.0,708.0,4089.0,2712753.0,-2.9528465270996094,-5.888101100921631,0.5491286516189575,0.0173327773809433,171.0,2048.0,1.5815032720565796,0.32770323753356934,0.0,8.037386894226074,0.4122854471206665,,,-0.03191488981246948,2653879.0,-0.008302406407892704,-0.0004831392434425652,1.0353323221206665,-0.004232913721352816,5047.0,0.0,2712754.0,183.8815155029297,210.0,0.05135729908943176,34.413578033447266,0.24487867951393127,1.6276326179504395,47.0,16384.0,0.061659909784793854,0.043289463967084885,0.22055745124816895,0.17513109743595123,0.04891304299235344,588.4423828125,0.856902539730072,0.9279187917709351,1.3896868228912354,0.012923577800393105,-0.41426023840904236,0.15919233858585358,0.05078125,0.2746392786502838,0.61335289478302,0.0,0.0011449800804257393,1.0,1.0,0.9977278709411621,0.04329432547092438,0.22288991510868073,0.21225610375404358,0.5232527256011963,0.31271350383758545,0.8312314748764038,0.5527547001838684,32.0,1.5799877643585205,1.0,-0.0005978956469334662,0.27530646324157715,0.9303820133209229,0.9167695641517639,0.6808646321296692,0.19756604731082916,0.18111832439899445,0.0002524005831219256,7.585395906062331e-06,0.9329330325126648,0.9420002102851868,0.7002870440483093,0.20819245278835297,0.19660349190235138,0.9328528046607971,0.9420583844184875,0.7006059885025024,0.2084352672100067,0.19693583250045776,56499,3.478590965270996,,,,,,,,,,,,,0.18269313871860504,0.0670691579580307,0.07399289309978485,0.6213252544403076,0.2019837498664856,0.10066492110490799,0.0,0.060073912143707275,0.09174768626689911,0.3345147371292114,0.27444082498550415,0.18269313871860504
0.017578125,0.3105827867984772,0.0,0.0,0.0,0.5,0.21987579762935638,3.492868185043335,0.0,0.8415403962135315,0.07204478979110718,1.6875,27.21760368347168,0,-3.258622407913208,0.6038142442703247,49.40003204345703,1.4544169902801514,0.9993202090263367,0.10000000149011612,0.4968927800655365,0.017174968495965004,0.02175244502723217,962.6599731445312,0.0,2.426581859588623,2736578.0,0.03950297087430954,0.21980571746826172,0.2213340848684311,106.0,5.820621490478516,7.567538261413574,1.4124693870544434,0.0,9069.0,2736579.0,2231.0,0.01444618683308363,0.0,1.0,0.0014124293811619282,2691850.5,764462.4375,1515.5400390625,958.0,0.0,708.0,4121.0,2736578.0,-1.8817329406738281,-5.23469877243042,0.5539006590843201,0.005828153342008591,167.0,2048.0,1.6991353034973145,0.3088406026363373,0.0,7.861999988555908,0.4307185709476471,,,-0.03051268868148327,2677703.0,-0.007933486253023148,-0.000770802260376513,1.0335346460342407,-0.00473331194370985,5079.0,0.0,2736579.0,173.68374633789062,194.0,0.04707595333456993,39.06049346923828,0.24271084368228912,1.6758019924163818,50.0,16384.0,0.061798032373189926,0.0432981513440609,0.21776807308197021,0.17542019486427307,0.054347824305295944,632.8841552734375,0.8524467349052429,0.932840883731842,1.3909657001495361,0.006580492481589317,-0.4172575771808624,0.14683936536312103,0.0751953125,0.27129337191581726,0.662217915058136,0.0,0.0008615679107606411,1.0,1.0,1.0350899696350098,0.06537490338087082,0.21818381547927856,0.32696467638015747,0.5229974985122681,0.42739537358283997,0.8829995393753052,0.5620547533035278,32.0,1.5275211334228516,1.0,-0.0009428285993635654,0.2751796841621399,0.9304166436195374,0.9165831804275513,0.6811347007751465,0.1984807252883911,0.18216153979301453,-8.492589404340833e-05,4.9025977205019444e-05,0.9329130053520203,0.9419870376586914,0.700526237487793,0.2084396630525589,0.19692212343215942,0.93288654088974,0.9419558644294739,0.7008804678916931,0.2092587649822235,0.1979081928730011,56999,3.3370115756988525,,,,,,,,,,,,,0.1859465390443802,0.06731001287698746,0.07613899558782578,0.6132347583770752,0.19921472668647766,0.10218162089586258,0.0,0.0600091814994812,0.09112028777599335,0.33707600831985474,0.27706682682037354,0.1859465390443802
0.0103759765625,0.3042154908180237,0.0,0.0,0.0,0.6875,0.22266742587089539,3.4296367168426514,0.0,0.8371514678001404,0.07137463986873627,1.703125,27.311748504638672,0,-3.2745866775512695,0.5988149642944336,33.6424560546875,1.4494112730026245,0.9993287324905396,0.10000000149011612,0.49702829122543335,0.017211085185408592,0.021824128925800323,848.8636474609375,0.0,2.4244589805603027,2760652.0,0.04055606573820114,0.2258458137512207,0.22963719069957733,106.0,5.8516950607299805,7.623331069946289,1.4124693870544434,0.0,9105.0,2760653.0,670.0,0.004564719274640083,0.0,1.0,0.0014124293811619282,2715924.5,772218.625,1416.3409423828125,960.0,0.0,708.0,4143.0,2760652.0,-1.0490341186523438,-7.417487144470215,0.5566681027412415,0.04316940903663635,167.0,2048.0,1.7282278537750244,0.3570948541164398,0.0,7.709403038024902,0.5219054222106934,,,-0.03325831890106201,2701779.0,-0.008719817735254765,-0.0005843157414346933,1.036719799041748,-0.0066607738845050335,5103.0,0.0,2760653.0,160.65908813476562,181.0,0.04368814826011658,41.120784759521484,0.2415316253900528,1.742250919342041,44.0,16384.0,0.06191394850611687,0.043317846953868866,0.21530620753765106,0.16995830833911896,0.027173912152647972,700.973388671875,0.8515174984931946,0.9240239262580872,1.39396071434021,0.01067676767706871,-0.4095047116279602,0.14612750709056854,0.042724609375,0.2833695411682129,0.5394641757011414,0.0,0.0009287321590818465,1.0,1.0,0.9028279781341553,0.07680816948413849,0.221546471118927,0.27090978622436523,0.4066443145275116,0.3734305500984192,0.7866523861885071,0.6057594418525696,32.0,1.7053804397583008,1.0,-0.0008546836907044053,0.2751610279083252,0.9303462505340576,0.9164527058601379,0.6812117099761963,0.19878564774990082,0.18204163014888763,6.824701995356008e-05,2.5771380023797974e-05,0.9328885674476624,0.9419687986373901,0.7006726264953613,0.20881657302379608,0.19729021191596985,0.9328020215034485,0.9419040679931641,0.7009720802307129,0.20962336659431458,0.19787834584712982,57499,3.4530487060546875,,,,,,,,,,,,,0.18424946069717407,0.06745391339063644,0.0751456469297409,0.6089414358139038,0.20415237545967102,0.1037997454404831,0.0,0.06381171941757202,0.09428691864013672,0.3423480987548828,0.2785363793373108,0.18424946069717407
0.0201416015625,0.2959815263748169,0.0,0.0,0.0,0.65625,0.22448593378067017,3.6518783569335938,0.0,0.842647910118103,0.07168106734752655,1.703125,27.32262420654297,0,-3.2916667461395264,0.6136862635612488,46.148277282714844,1.4608327150344849,0.9993077516555786,0.10000000149011612,0.49717289209365845,0.017241111025214195,0.02186216413974762,1021.1400146484375,0.0,2.430971145629883,2784465.0,0.04083935543894768,0.22739751636981964,0.2268441915512085,104.0,5.8686442375183105,7.61918830871582,1.4124693870544434,0.0,9134.0,2784466.0,968.0,0.0062924581579864025,0.0,1.0,0.0014124293811619282,2739737.5,778190.125,1570.199951171875,961.0,0.0,708.0,4155.0,2784465.0,-1.7290382385253906,-5.324235439300537,0.560313880443573,0.016242919489741325,186.0,2048.0,1.672062873840332,0.32123658061027527,0.0,8.159302711486816,0.453256219625473,,,-0.031246758997440338,2725593.0,-0.008211190812289715,-0.0005499428953044116,1.0346393585205078,-0.004046106711030006,5116.0,0.0,2784466.0,197.55621337890625,213.0,0.051263537257909775,31.41917610168457,0.24073229730129242,1.5313798189163208,50.0,16384.0,0.06200866028666496,0.04348073527216911,0.21596978604793549,0.1717737764120102,0.03804347664117813,659.1802368164062,0.8516056537628174,0.9217141270637512,1.3875060081481934,0.0033731746952980757,-0.41877275705337524,0.15419675409793854,0.06298828125,0.28303247690200806,0.562454879283905,0.0,0.0010384037159383297,1.0,1.0,0.9219303131103516,0.09030342847108841,0.22970004379749298,0.37299013137817383,0.4547511339187622,0.5078622102737427,0.81122887134552,0.5861111283302307,32.0,1.6129653453826904,1.0,-0.0008789887651801109,0.2750255763530731,0.930455207824707,0.9165738821029663,0.6808241009712219,0.19944024085998535,0.18268726766109467,2.629482878546696e-05,3.4922554732474964e-06,0.932875394821167,0.9419918656349182,0.7007232308387756,0.20932984352111816,0.1976833939552307,0.9328882098197937,0.9421244263648987,0.7007810473442078,0.21010182797908783,0.19838976860046387,57999,3.3679697513580322,,,,,,,,,,,,,0.1874060183763504,0.06806935369968414,0.07697415351867676,0.6093891859054565,0.20387613773345947,0.10278692841529846,0.0,0.0635608434677124,0.09510396420955658,0.3460708260536194,0.282509982585907,0.1874060183763504
0.0146484375,0.3115002512931824,0.0,0.0,0.0,0.65625,0.22044099867343903,3.450434684753418,0.0,0.8490548729896545,0.07134624570608139,1.71875,27.376773834228516,0,-3.3070735931396484,0.6053496599197388,66.74452209472656,1.4819451570510864,0.9993267059326172,0.10000000149011612,0.4972081184387207,0.017280392348766327,0.02190721035003662,960.574462890625,0.0,2.4376025199890137,2808568.0,0.0414358489215374,0.23050488531589508,0.22847722470760345,104.0,5.892655372619629,7.606466293334961,1.4124693870544434,0.0,9162.0,2808569.0,268.0,0.0017072496702894568,0.0,1.0,0.0014124293811619282,2763840.5,786924.375,1516.3616943359375,962.0,0.0,708.0,4172.0,2808568.0,-1.7164535522460938,-6.200209140777588,0.5635796189308167,0.01755872368812561,173.0,2048.0,1.5565507411956787,0.3165460526943207,0.0,7.691102981567383,0.4869796633720398,,,-0.03242458775639534,2749696.0,-0.008549727499485016,-0.0002774464664980769,1.0353426933288574,-0.006953008007258177,5134.0,0.0,2808569.0,177.53517150878906,198.0,0.047459252178668976,38.67350387573242,0.23987431824207306,1.6137242317199707,47.0,16384.0,0.062007028609514236,0.043288860470056534,0.21584756672382355,0.1728716492652893,0.043478261679410934,661.182861328125,0.845439612865448,0.925014078617096,1.3905513286590576,0.015437652356922626,-0.41854187846183777,0.15150107443332672,0.052734375,0.2917066216468811,0.6601150631904602,0.0,0.0008456238429062068,1.0,1.0,0.9582195281982422,0.10246674716472626,0.2343459129333496,0.2932409644126892,0.5540393590927124,0.394392192363739,0.9071895480155945,0.5425094962120056,32.0,1.5777913331985474,1.0,-0.0009794627549126744,0.27499109506607056,0.9304136037826538,0.9164530634880066,0.6804277300834656,0.19937193393707275,0.1829085648059845,-0.00020951659826096147,-2.1198171452851966e-05,0.9328858852386475,0.9420665502548218,0.7007127404212952,0.20957081019878387,0.1979527324438095,0.9328340888023376,0.9420271515846252,0.7003108859062195,0.21008625626564026,0.1984950304031372,58499,3.6012134552001953,,,,,,,,,,,,,0.1855505257844925,0.06764428317546844,0.07625946402549744,0.6145231127738953,0.205787792801857,0.10320204496383667,0.0,0.06295537948608398,0.09540028870105743,0.3439061939716339,0.2809508144855499,0.1855505257844925
0.0120849609375,0.31301698088645935,0.0,0.0,0.0,0.78125,0.22353389859199524,3.5534205436706543,0.0,0.845198929309845,0.07154574990272522,1.71875,27.550798416137695,0,-3.323951005935669,0.6000434160232544,32.941802978515625,1.4719804525375366,0.9993294477462769,0.10000000149011612,0.4973186254501343,0.017338652163743973,0.021998513489961624,958.8837280273438,0.0,2.4417192935943604,2832572.0,0.041372474282979965,0.22991837561130524,0.22817842662334442,103.0,5.901129722595215,7.589827537536621,1.4124693870544434,0.0,9186.0,2832573.0,6226.0,0.03887328505516052,0.0,1.0,0.0014124293811619282,2787844.5,799234.0,1508.5115966796875,966.0,0.0,708.0,4178.0,2832572.0,-2.9477005004882812,-5.6479668617248535,0.5677585005760193,0.02480044960975647,179.0,2048.0,1.5230395793914795,0.32704707980155945,0.0,7.83980655670166,0.4538220167160034,,,-0.033783767372369766,2773703.0,-0.008948796428740025,-0.00012250443978700787,1.0361781120300293,-0.005219183396548033,5144.0,0.0,2832573.0,183.9835968017578,200.0,0.04786979407072067,40.982662200927734,0.239352747797966,1.5735015869140625,43.0,16384.0,0.062161389738321304,0.04362696781754494,0.21598799526691437,0.17229127883911133,0.05978260934352875,683.46728515625,0.8465573787689209,0.9231825470924377,1.3959859609603882,0.01006675697863102,-0.41966143250465393,0.1597280353307724,0.04638671875,0.28602200746536255,0.5315940380096436,0.0,0.0010153613984584808,1.0,1.0,0.861330509185791,0.0898934006690979,0.237132728099823,0.37303581833839417,0.4963672161102295,0.4596436023712158,0.8275250792503357,0.5546543598175049,32.0,1.6536731719970703,1.0,-0.0006555960280820727,0.2749863266944885,0.9303772449493408,0.9163352251052856,0.6809812188148499,0.1995675414800644,0.1829317957162857,0.00019235722720623016,-9.612654139345977e-06,0.9328552484512329,0.9420155882835388,0.7005674242973328,0.20984123647212982,0.19822923839092255,0.9327927231788635,0.9420003890991211,0.7006712555885315,0.21043959259986877,0.19868019223213196,58999,3.5030221939086914,,,,,,,,,,,,,0.18511131405830383,0.06702378392219543,0.07516434788703918,0.6136475801467896,0.20728322863578796,0.10202709585428238,0.0,0.06474098563194275,0.09741485118865967,0.34726715087890625,0.2825261652469635,0.18511131405830383
0.01220703125,0.29148510098457336,0.0,0.0,0.0,0.5625,0.22573311626911163,3.6368203163146973,0.0,0.8462694883346558,0.07186159491539001,1.71875,27.603975296020508,0,-3.3407514095306396,0.6110970973968506,45.39716339111328,1.474603295326233,0.9993197321891785,0.10000000149011612,0.49719440937042236,0.017384756356477737,0.022047625854611397,987.2142944335938,0.0,2.437427282333374,2856627.0,0.04121173173189163,0.2302057445049286,0.22562581300735474,103.0,5.922316551208496,7.576364994049072,1.4124693870544434,0.0,9207.0,2856628.0,417.0,0.0026913874316960573,0.0,1.0,0.0014124293811619282,2811899.5,806435.625,1533.452392578125,969.0,0.0,708.0,4193.0,2856627.0,-4.117378234863281,-6.956167221069336,0.573135256767273,0.029680348932743073,180.0,2049.0,1.5759601593017578,0.3344242572784424,0.0,7.813796520233154,0.40887001156806946,,,-0.033671632409095764,2797760.0,-0.008946897462010384,0.00019437407900113612,1.0363123416900635,-0.005747110117226839,5162.0,0.0,2856628.0,197.1934814453125,213.0,0.05079894885420799,35.44609832763672,0.2387276589870453,1.5045075416564941,42.0,16384.0,0.06237795948982239,0.043693698942661285,0.21571603417396545,0.16920097172260284,0.043478261679410934,696.080078125,0.8447986841201782,0.9198302030563354,1.3961353302001953,0.008214794099330902,-0.42483553290367126,0.1566375494003296,0.048828125,0.2804674506187439,0.610779881477356,0.0,0.001018489827401936,1.0,1.0,0.9376883506774902,0.09310920536518097,0.24409745633602142,0.2773894965648651,0.430878221988678,0.3651150166988373,0.813927412033081,0.575046956539154,32.0,1.624663233757019,1.0,-0.0009326068102382123,0.27530041337013245,0.9302952289581299,0.9161200523376465,0.6808301210403442,0.19834375381469727,0.18171851336956024,-3.650081271189265e-05,3.30301008943934e-06,0.9328147172927856,0.9419851303100586,0.7006138563156128,0.20990347862243652,0.19820664823055267,0.9327074885368347,0.9418230652809143,0.7006035447120667,0.2092708796262741,0.1976349800825119,59499,3.4899425506591797,,,,,,,,,,,,,0.1857413649559021,0.06729532033205032,0.07536765933036804,0.60791015625,0.206015944480896,0.10356010496616364,0.0,0.06547588109970093,0.09601408243179321,0.34723132848739624,0.2817554473876953,0.1857413649559021
0.0155029296875,0.314773291349411,0.0,0.0,0.0,0.53125,0.22547627985477448,4.0046772956848145,0.0,0.8432194590568542,0.0721324235200882,1.734375,27.67840003967285,0,-3.3583621978759766,0.6080021858215332,40.39994812011719,1.4724855422973633,0.9993285536766052,0.10000000149011612,0.49715229868888855,0.017435071989893913,0.02208775281906128,942.1428833007812,0.0,2.425567865371704,2880732.0,0.041352756321430206,0.23085393011569977,0.2296251654624939,103.0,5.944915294647217,7.573575973510742,1.4124693870544434,0.0,9217.0,2880733.0,995.0,0.006567570846527815,0.0,1.0,0.0014124293811619282,2836004.5,812750.5625,1498.142822265625,974.0,0.0,708.0,4209.0,2880732.0,-2.721210479736328,-7.365936756134033,0.5767284035682678,0.02069564163684845,178.0,2049.0,1.4334642887115479,0.2989603877067566,0.0,7.696372032165527,0.3811916708946228,,,-0.03173907846212387,2821864.0,-0.008453366346657276,0.00011787766561610624,1.0340079069137573,-0.00485708424821496,5183.0,0.0,2880733.0,196.08444213867188,208.0,0.04941791296005249,36.934898376464844,0.23767147958278656,1.5043929815292358,49.0,16384.0,0.06252163648605347,0.04359510913491249,0.2156982719898224,0.17166927456855774,0.054347824305295944,734.5130615234375,0.8456657528877258,0.9292725324630737,1.3963720798492432,0.0064842491410672665,-0.42075496912002563,0.15604953467845917,0.044921875,0.27797576785087585,0.48420053720474243,0.0,0.0010768463835120201,1.0,1.0,0.8511404991149902,0.10942818224430084,0.2446722686290741,0.3714046776294708,0.4775698781013489,0.46380814909935,0.820458173751831,0.5522228479385376,32.0,1.6475889682769775,1.0,-0.000695117749273777,0.27527788281440735,0.9302302598953247,0.9159200191497803,0.6811781525611877,0.1982007473707199,0.18168385326862335,0.0001185046203318052,2.805331132549327e-05,0.932772159576416,0.9419154524803162,0.7007623910903931,0.2095363587141037,0.19790680706501007,0.9326592087745667,0.9417822957038879,0.7011303901672363,0.20913657546043396,0.19753879308700562,59999,3.4499826431274414,,,,,,,,,,,,,0.18568693101406097,0.06665308773517609,0.07588145136833191,0.6083009839057922,0.20557832717895508,0.10286148637533188,0.0,0.06669017672538757,0.09848637878894806,0.3508634865283966,0.28417330980300903,0.18568693101406097
0.014404296875,0.317167192697525,0.0,0.0,0.0,0.375,0.22513172030448914,3.5254430770874023,0.0,0.8408295512199402,0.07202640920877457,1.734375,27.802881240844727,0,-3.375563859939575,0.5996323227882385,38.53584671020508,1.4687987565994263,0.9993293285369873,0.10000000149011612,0.4971485733985901,0.017431769520044327,0.02210114151239395,941.727294921875,0.0,2.4362995624542236,2904901.0,0.041477546095848083,0.23218350112438202,0.22556613385677338,103.0,5.951977252960205,7.5737175941467285,1.4124693870544434,0.0,9241.0,2904902.0,186.0,0.0010436616139486432,0.0,1.0,0.0014124293811619282,2860173.5,820877.6875,1492.6590576171875,989.0,0.0,708.0,4214.0,2904901.0,-2.8897628784179688,-6.4318413734436035,0.5803589224815369,0.02663424238562584,189.0,2051.0,1.7117736339569092,0.35864418745040894,0.0,7.809787750244141,0.35359621047973633,,,-0.03226374089717865,2846046.0,-0.008633887395262718,-0.0004218065005261451,1.0333733558654785,-0.004453643690794706,5203.0,0.0,2904902.0,220.13455200195312,225.0,0.05339344963431358,28.331832885742188,0.23752938210964203,1.3850878477096558,44.0,16384.0,0.06260792911052704,0.043571241199970245,0.2177959680557251,0.1718163937330246,0.043478261679410934,700.82080078125,0.8500626683235168,0.9186424016952515,1.4000890254974365,0.002588461386039853,-0.4310529828071594,0.1626572161912918,0.046142578125,0.31561461091041565,0.5605126023292542,0.0,0.0011727625969797373,1.0,1.0,0.8659639358520508,0.10277301073074341,0.24515847861766815,0.2548987865447998,0.4529920220375061,0.36704009771347046,0.8408403396606445,0.5767955183982849,32.0,1.6596264839172363,1.0,-0.0009849586058408022,0.27533501386642456,0.9302262663841248,0.9160832762718201,0.6810011267662048,0.19841372966766357,0.1820271760225296,-0.00013892073184251785,2.1676780306734145e-05,0.9327319860458374,0.9419383406639099,0.7008693218231201,0.20949344336986542,0.19793497025966644,0.932647168636322,0.9419819712638855,0.7009216547012329,0.20936915278434753,0.1981053203344345,60499,3.4226112365722656,,,,,,,,,,,,,0.1846972107887268,0.06641359627246857,0.07476675510406494,0.6126881241798401,0.20801499485969543,0.10381218045949936,0.0,0.0646195113658905,0.09687584638595581,0.3461925685405731,0.2815730571746826,0.1846972107887268
0.0174560546875,0.3170536458492279,0.0,0.0,0.0,0.59375,0.22300100326538086,3.557093381881714,0.0,0.8415790796279907,0.07186688482761383,1.734375,27.79230308532715,0,-3.3906497955322266,0.6039090752601624,48.401145935058594,1.466381311416626,0.9993172287940979,0.10000000149011612,0.4971960783004761,0.017468277364969254,0.022139430046081543,961.2916870117188,0.0,2.440007448196411,2928923.0,0.04185384511947632,0.23412074148654938,0.22276078164577484,103.0,5.9632768630981445,7.58273983001709,1.4124693870544434,0.0,9281.0,2928924.0,1386.0,0.008426910266280174,0.0,1.0,0.0014124293811619282,2884195.5,829313.5,1514.8333740234375,1003.0,0.0,708.0,4222.0,2928923.0,-2.3264503479003906,-5.57484245300293,0.5826064348220825,0.026531901210546494,184.0,2048.0,1.7656077146530151,0.3565909266471863,0.0,7.647760391235352,0.3560585379600525,,,-0.032205887138843536,2870072.0,-0.0086510693654418,-0.00019935370073653758,1.0324269533157349,-0.00509753217920661,5225.0,0.0,2928924.0,192.52908325195312,199.0,0.04713406041264534,34.33502197265625,0.23690016567707062,1.5038338899612427,48.0,16384.0,0.06266211718320847,0.04345747083425522,0.21520309150218964,0.1691395491361618,0.03804347664117813,743.6664428710938,0.8466779589653015,0.9220346212387085,1.4047322273254395,0.00745054567232728,-0.42903903126716614,0.1648285835981369,0.05908203125,0.2984367609024048,0.5059213638305664,0.0,0.0010772313689813018,1.0,1.0,0.8571634292602539,0.08607232570648193,0.2542414963245392,0.33378133177757263,0.4290458858013153,0.4507843852043152,0.8208245635032654,0.5782182216644287,31.999958038330078,1.7499010562896729,1.0,-0.0005837212083861232,0.2753066420555115,0.930230975151062,0.9159352779388428,0.6808907985687256,0.19885337352752686,0.18238532543182373,0.0001168459712062031,-2.4552335162297823e-05,0.9327014684677124,0.9419264197349548,0.7007989883422852,0.20946267247200012,0.19799984991550446,0.9326364398002625,0.9418715834617615,0.7006908655166626,0.20978520810604095,0.19829922914505005,60999,3.427546739578247,,,,,,,,,,,,,0.1837199330329895,0.06672845035791397,0.07519078999757767,0.610392153263092,0.2101457118988037,0.10416936874389648,0.0,0.06779134273529053,0.09979140758514404,0.3513026833534241,0.28351134061813354,0.1837199330329895
0.01202392578125,0.3147767186164856,0.0,0.0,0.0,0.65625,0.2247542440891266,3.678278923034668,0.0,0.8545639514923096,0.07189466059207916,1.7265625,27.772899627685547,0,-3.406675338745117,0.6167997717857361,49.43440246582031,1.479620337486267,0.9993227124214172,0.10000000149011612,0.49722668528556824,0.017514444887638092,0.02220229245722294,779.3863525390625,0.0,2.44972825050354,2952928.0,0.04263710603117943,0.23722141981124878,0.2276989072561264,103.0,5.975988864898682,7.60039758682251,1.4124693870544434,0.0,9307.0,2952929.0,348.0,0.002189221791923046,0.0,1.0,0.0014124293811619282,2908200.5,838227.6875,1357.5682373046875,1004.0,0.0,708.0,4231.0,2952928.0,-1.3132209777832031,-4.820764064788818,0.5861236453056335,0.023790037259459496,179.0,2048.0,1.655745029449463,0.3315833806991577,0.0,7.6845808029174805,0.3818355202674866,,,-0.03190356120467186,2894077.0,-0.008577820844948292,-0.00033279508352279663,1.0323607921600342,-0.004135181196033955,5235.0,0.0,2952929.0,185.0995635986328,199.0,0.047033797949552536,40.94719696044922,0.2364705502986908,1.5780006647109985,44.0,16384.0,0.06288459897041321,0.04346451908349991,0.2168533205986023,0.17185594141483307,0.03804347664117813,694.6702270507812,0.84416264295578,0.9235871434211731,1.399660587310791,0.00037439254811033607,-0.4235506057739258,0.1633996069431305,0.06005859375,0.27534860372543335,0.584259033203125,0.0,0.0009826141176745296,1.0,1.0,0.8953220844268799,0.10101284831762314,0.23922835290431976,0.3391990065574646,0.48115742206573486,0.43901705741882324,0.8357113599777222,0.5686880350112915,32.0,1.6475969552993774,1.0,-0.0009469261858612299,0.27537184953689575,0.9301616549491882,0.9161122441291809,0.6815125942230225,0.19890962541103363,0.18232353031635284,-0.00015478330897167325,4.477898983168416e-05,0.9326688647270203,0.9419288039207458,0.7009875178337097,0.20967455208301544,0.19816364347934723,0.9325615763664246,0.9419682025909424,0.7012312412261963,0.20983806252479553,0.19835436344146729,61499,3.4153521060943604,,,,,,,,,,,,,0.18454179167747498,0.06633469462394714,0.07514747232198715,0.615800142288208,0.20866934955120087,0.10308200120925903,0.0,0.06603413820266724,0.09850230813026428,0.3490782380104065,0.28304409980773926,0.18454179167747498
0.0223388671875,0.3228191137313843,0.0,0.0,0.0,0.625,0.22318735718727112,3.6182284355163574,0.0,0.8487370014190674,0.07268257439136505,1.7421875,27.989749908447266,0,-3.4235386848449707,0.5878007411956787,67.83267974853516,1.4655282497406006,0.9993236660957336,0.10000000149011612,0.4972304701805115,0.017571190372109413,0.0222553052008152,914.88232421875,0.0,2.4612417221069336,2976862.0,0.042835675179958344,0.2376425862312317,0.23044408857822418,103.0,5.987287998199463,7.607492923736572,1.4124693870544434,0.0,9337.0,2976863.0,2974.0,0.01754898391664028,0.0,1.0,0.0014124293811619282,2932134.5,850914.9375,1475.2353515625,1007.0,0.0,708.0,4239.0,2976862.0,-2.069183349609375,-4.449145793914795,0.5907717347145081,0.015989376232028008,173.0,2048.0,1.738445520401001,0.3459651470184326,0.0,7.621750831604004,0.3516782820224762,,,-0.03196583315730095,2918013.0,-0.008595766499638557,-0.00044495690963231027,1.0319125652313232,-0.0047188554890453815,5246.0,0.0,2976863.0,180.3302459716797,184.0,0.04340646415948868,32.833614349365234,0.2359190285205841,1.5263464450836182,51.0,16384.0,0.06304886937141418,0.04387905076146126,0.21447981894016266,0.16961823403835297,0.03804347664117813,716.4591064453125,0.8387488126754761,0.9178305864334106,1.4045354127883911,-0.004657463636249304,-0.42213553190231323,0.1708465963602066,0.056640625,0.29275771975517273,0.5933002829551697,0.0,0.0010484064696356654,1.0,1.0,0.8280370235443115,0.10026959329843521,0.24534282088279724,0.3566151261329651,0.4923768639564514,0.48637354373931885,0.8718927502632141,0.5609806180000305,32.0,1.643302321434021,1.0,-0.0008159965509548783,0.2751471996307373,0.9300842881202698,0.9154358506202698,0.6808092594146729,0.19944679737091064,0.18253818154335022,9.544223757984582e-06,-3.4183485695393756e-05,0.9326127767562866,0.9418604373931885,0.7008690237998962,0.20989060401916504,0.1982705146074295,0.9324739575386047,0.9415047764778137,0.7005673050880432,0.2104504555463791,0.19846656918525696,61999,3.433366298675537,,,,,,,,,,,,,0.1846613734960556,0.06637954711914062,0.07498503476381302,0.610802412033081,0.20951738953590393,0.10388988256454468,0.0,0.06703224778175354,0.09981729090213776,0.3515109121799469,0.28447866439819336,0.1846613734960556
0.013427734375,0.3143627345561981,0.0,0.0,0.0,0.625,0.22600290179252625,3.7007861137390137,0.0,0.8460175395011902,0.071992427110672,1.7421875,28.00533103942871,0,-3.4404115676879883,0.6092771887779236,84.87391662597656,1.4960765838623047,0.9993445873260498,0.10000000149011612,0.4972754418849945,0.01762792095541954,0.022341107949614525,935.2954711914062,0.0,2.4613215923309326,3001077.0,0.04258664324879646,0.2366209328174591,0.2354222983121872,103.0,6.018361568450928,7.607110023498535,1.4124693870544434,0.0,9359.0,3001078.0,540.0,0.0031991677824407816,0.0,1.0,0.0014124293811619282,2956349.5,858528.375,1484.04541015625,1011.0,0.0,708.0,4261.0,3001077.0,-3.460399627685547,-5.728140830993652,0.5937533974647522,0.03810162842273712,180.0,2048.0,1.8091676235198975,0.360100120306015,0.0,7.725987434387207,0.33525708317756653,,,-0.030273571610450745,2942218.0,-0.008176501840353012,-0.0005077015375718474,1.0300331115722656,-0.00374709814786911,5272.0,0.0,3001078.0,195.8793182373047,202.0,0.04740671068429947,33.60438537597656,0.2350306212902069,1.4757875204086304,44.0,16384.0,0.06305444240570068,0.043427903205156326,0.21646568179130554,0.17035391926765442,0.043478261679410934,737.1325073242188,0.8373337388038635,0.9241692423820496,1.4071704149246216,0.007000352256000042,-0.41842755675315857,0.16642220318317413,0.060302734375,0.2764609158039093,0.6803567409515381,0.0,0.0013700365088880062,1.0,1.0,1.0103871822357178,0.0838628038764,0.2205527424812317,0.2911517024040222,0.5274001359939575,0.3553957939147949,0.8842700123786926,0.5426210165023804,32.0,1.6847424507141113,1.0,-0.0007652826607227325,0.2751239836215973,0.9300126433372498,0.9152933955192566,0.6804221272468567,0.19961801171302795,0.18313650786876678,1.4790297200306668e-06,-5.138280175742693e-05,0.932543158531189,0.9416836500167847,0.7006239891052246,0.2101096361875534,0.19844801723957062,0.9324232339859009,0.941466212272644,0.7001590132713318,0.21072302758693695,0.19907206296920776,62499,3.443808078765869,,,,,,,,,,,,,0.18365076184272766,0.06592357158660889,0.07385055720806122,0.6201388835906982,0.21242959797382355,0.10255752503871918,0.0,0.06813842058181763,0.10156634449958801,0.3533555269241333,0.2852171063423157,0.18365076184272766
0.0198974609375,0.3124440312385559,0.0,0.0,0.0,0.625,0.2262003868818283,3.747386932373047,0.0,0.8452082872390747,0.07181492447853088,1.75,28.002260208129883,0,-3.457681179046631,0.6138043403625488,50.539119720458984,1.4875138998031616,0.9993380904197693,0.10000000149011612,0.4973248243331909,0.01768372394144535,0.02243322692811489,862.5531616210938,0.0,2.4727566242218018,3025227.0,0.04213324561715126,0.23445704579353333,0.23850038647651672,105.0,6.035310745239258,7.648031711578369,1.4124693870544434,0.0,9374.0,3025228.0,1404.0,0.008456933312118053,0.0,1.0,0.0014124293811619282,2980499.5,869316.6875,1423.404296875,1012.0,0.0,708.0,4273.0,3025227.0,-2.919525146484375,-5.72282600402832,0.5968153476715088,0.022169016301631927,169.0,2048.0,1.7655943632125854,0.3443010449409485,0.0,7.670752048492432,0.32188066840171814,,,-0.031025368720293045,2966369.0,-0.008401105180382729,5.6756067351670936e-05,1.0294326543807983,-0.003769322531297803,5285.0,0.0,3025228.0,173.3500518798828,182.0,0.04259302467107773,41.44405746459961,0.23414473235607147,1.5881378650665283,47.0,16384.0,0.06317727267742157,0.043585728853940964,0.2160087376832962,0.1696314513683319,0.03804347664117813,732.3997802734375,0.8438989520072937,0.9181298017501831,1.4014250040054321,0.005083907395601273,-0.4276067018508911,0.1621299386024475,0.05224609375,0.26515328884124756,0.648022472858429,0.0,0.000954039569478482,1.0,1.0,0.8859117031097412,0.07679837197065353,0.22426319122314453,0.2783414423465729,0.4810081720352173,0.3578277826309204,0.8719984292984009,0.5820366144180298,32.0,1.8321624994277954,1.0,-0.00081819569459185,0.2750603258609772,0.9301859736442566,0.9156845211982727,0.6805212497711182,0.19971852004528046,0.18320780992507935,1.393675916006032e-06,-1.4034840205567889e-05,0.9325394630432129,0.9417204260826111,0.7005288004875183,0.2103881537914276,0.19873443245887756,0.9325560927391052,0.9418384432792664,0.7004002928733826,0.21062003076076508,0.19902515411376953,62999,3.5377471446990967,,,,,,,,,,,,,0.18414270877838135,0.06589418649673462,0.0734318345785141,0.6163362860679626,0.2144698202610016,0.10291072726249695,0.0,0.07067340612411499,0.10362082719802856,0.3584369421005249,0.2877635359764099,0.18414270877838135
0.012451171875,0.33960458636283875,0.0,0.0,0.0,0.375,0.22428908944129944,3.7528035640716553,0.0,0.8436232209205627,0.07243022322654724,1.7421875,28.125072479248047,0,-3.474954128265381,0.6127522587776184,55.13465118408203,1.4796576499938965,0.9993165135383606,0.10000000149011612,0.49745842814445496,0.017678897827863693,0.022441836073994637,862.2653198242188,0.0,2.462111234664917,3049302.0,0.04230938479304314,0.23625026643276215,0.23096905648708344,105.0,6.052259922027588,7.646639823913574,1.4124693870544434,0.0,9393.0,3049303.0,4149.0,0.023586515337228775,0.0,1.0,0.0014124293811619282,3004574.5,880806.375,1427.755126953125,1014.0,0.0,708.0,4285.0,3049302.0,-2.1878204345703125,-4.251477241516113,0.5993683338165283,0.0252000093460083,172.0,2048.0,1.726478934288025,0.3602597117424011,0.0,7.607703685760498,0.3158990740776062,,,-0.03146689012646675,2990443.0,-0.00855003297328949,-9.976867295335978e-05,1.0292733907699585,-0.005029819905757904,5299.0,0.0,3049303.0,182.295654296875,190.0,0.044340722262859344,42.75730514526367,0.2333763837814331,1.5408555269241333,49.0,16384.0,0.06327548623085022,0.04346509277820587,0.21568253636360168,0.16911251842975616,0.04891304299235344,793.8863525390625,0.8404762148857117,0.9236526489257812,1.4041428565979004,0.005199511535465717,-0.4223245084285736,0.1614571213722229,0.037109375,0.26254376769065857,0.6515752673149109,0.0,0.0011614548275247216,1.0,1.0,0.9741778373718262,0.08724164217710495,0.22084736824035645,0.2669805884361267,0.4059927463531494,0.36024442315101624,0.8344976902008057,0.5830661654472351,31.999958038330078,1.6306263208389282,1.0,-0.0007307565538212657,0.274843692779541,0.9301617741584778,0.9154819846153259,0.6810585260391235,0.20052500069141388,0.18373051285743713,-8.081466148723848e-06,1.6277086615446024e-05,0.9325525164604187,0.9417285919189453,0.7005969285964966,0.2105260044336319,0.198850616812706,0.9325149655342102,0.9416793584823608,0.7007306814193726,0.21135775744915009,0.19954389333724976,63499,3.4064698219299316,,,,,,,,,,,,,0.18522800505161285,0.06568360328674316,0.07465431839227676,0.608288049697876,0.2080325484275818,0.10290424525737762,0.0,0.06850928068161011,0.09977029263973236,0.3535075783729553,0.2849982976913452,0.18522800505161285
0.0189208984375,0.32348543405532837,0.0,0.0,0.0,0.46875,0.22780220210552216,3.739978313446045,0.0,0.8550443053245544,0.07197952270507812,1.75,28.14268684387207,0,-3.4921653270721436,0.6054935455322266,79.13764953613281,1.4802324771881104,0.9993246793746948,0.10000000149011612,0.49748465418815613,0.017734026536345482,0.022501898929476738,892.2750244140625,0.0,2.4706883430480957,3073137.0,0.04238339513540268,0.23651185631752014,0.23120944201946259,105.0,6.070621490478516,7.650652885437012,1.4124693870544434,0.0,9408.0,3073138.0,111.0,0.0005397280910983682,0.0,1.0,0.0014124293811619282,3028409.5,890945.0,1451.9749755859375,1018.0,0.0,708.0,4298.0,3073137.0,-3.0251846313476562,-4.566998481750488,0.6036980152130127,0.017988629639148712,173.0,2049.0,1.6441229581832886,0.3254070281982422,0.0,7.641580104827881,0.30805957317352295,,,-0.029636412858963013,3014274.0,-0.008075471967458725,-1.941726077347994e-05,1.02802574634552,-0.004317263141274452,5316.0,0.0,3073138.0,177.28712463378906,192.0,0.04467194154858589,55.716060638427734,0.23274344205856323,1.6286840438842773,40.0,16384.0,0.06352332979440689,0.04336819052696228,0.2154456228017807,0.169871985912323,0.04891304299235344,848.2748413085938,0.8321267366409302,0.9229407906532288,1.4037554264068604,0.004635747522115707,-0.42165088653564453,0.1625901609659195,0.05615234375,0.2638436555862427,0.6321544647216797,0.0,0.0009841489372774959,1.0,1.0,0.8350768089294434,0.09071105718612671,0.21911996603012085,0.34766602516174316,0.4890664219856262,0.42462438344955444,0.8477209806442261,0.5668488144874573,31.999950408935547,1.6652799844741821,1.0,-0.0008586265612393618,0.27492862939834595,0.930071234703064,0.9152393937110901,0.6806312203407288,0.20032666623592377,0.18369558453559875,-4.350713061285205e-05,-1.7636342818150297e-05,0.9325252771377563,0.9416723847389221,0.7005409002304077,0.2109088897705078,0.199170783162117,0.9324513673782349,0.9415310025215149,0.7003335952758789,0.2112605720758438,0.19954022765159607,63999,3.3357324600219727,,,,,,,,,,,,,0.18642696738243103,0.06592320650815964,0.0752984881401062,0.609257698059082,0.20926883816719055,0.10422845184803009,0.0,0.069521963596344,0.10132762789726257,0.3572765588760376,0.2877545952796936,0.18642696738243103
0.01495361328125,0.2988069951534271,0.0,0.0,0.0,0.75,0.2271059900522232,3.869877576828003,0.0,0.8611244559288025,0.07232832163572311,1.75,28.053762435913086,0,-3.509906768798828,0.6181052923202515,84.25142669677734,1.5026336908340454,0.9993352890014648,0.10000000149011612,0.49747657775878906,0.017799407243728638,0.022602073848247528,872.1224365234375,0.0,2.4776594638824463,3096978.0,0.042659129947423935,0.23722906410694122,0.2300003170967102,104.0,6.074858665466309,7.6521830558776855,1.4124693870544434,0.0,9428.0,3096979.0,2480.0,0.013690009713172913,0.0,1.0,0.0014124293811619282,3052250.5,902938.9375,1433.2041015625,1020.0,0.0,708.0,4301.0,3096978.0,-4.811927795410156,-6.250373363494873,0.6095513701438904,0.019807439297437668,166.0,2048.0,1.6950950622558594,0.34692639112472534,0.0,7.625059127807617,0.3423718214035034,,,-0.03097647801041603,3038106.0,-0.008461534045636654,-0.00016097239858936518,1.0286760330200195,-0.0037979893386363983,5321.0,0.0,3096979.0,161.95004272460938,182.0,0.04231574013829231,66.36104583740234,0.23251910507678986,1.7581720352172852,49.0,16384.0,0.06370221078395844,0.04360448569059372,0.21625493466854095,0.17093704640865326,0.043478261679410934,815.5360717773438,0.8294034600257874,0.930141806602478,1.4029890298843384,0.0026501475367695093,-0.4184737205505371,0.14798156917095184,0.042236328125,0.26900720596313477,0.575912594795227,0.0,0.0012175431475043297,1.0,1.0,0.8725020885467529,0.09625973552465439,0.218082994222641,0.2384166121482849,0.434627890586853,0.3210471272468567,0.8172544240951538,0.5958779454231262,32.0,1.784163236618042,1.0,-0.0007551672169938684,0.27505823969841003,0.9300332069396973,0.91523677110672,0.6816890239715576,0.19963346421718597,0.18290695548057556,0.0001590881438460201,7.497996557503939e-05,0.9324905276298523,0.9416118264198303,0.7007399201393127,0.2108907848596573,0.1991625726222992,0.9324127435684204,0.9415486454963684,0.7015687823295593,0.21045437455177307,0.19867606461048126,64499,3.482062339782715,,,,,,,,,,,,,0.181844100356102,0.06458231806755066,0.07203252613544464,0.6219024062156677,0.21696262061595917,0.10183108597993851,0.0,0.06989407539367676,0.1047290712594986,0.35646724700927734,0.2865731716156006,0.181844100356102
0.01190185546875,0.3136124014854431,0.0,0.0,0.0,0.53125,0.2271452695131302,3.7327170372009277,0.0,0.8522626757621765,0.07230280339717865,1.7578125,28.251550674438477,0,-3.5273451805114746,0.5924230217933655,75.84795379638672,1.4884008169174194,0.9993314743041992,0.10000000149011612,0.4973754286766052,0.017831824719905853,0.022626206278800964,863.9199829101562,0.0,2.482750177383423,3121037.0,0.043520160019397736,0.2413879632949829,0.22973373532295227,104.0,6.100282669067383,7.69520902633667,1.4124693870544434,0.0,9447.0,3121038.0,3374.0,0.020438212901353836,0.0,1.0,0.0014124293811619282,3076309.5,912416.8125,1430.280029296875,1023.0,0.0,708.0,4319.0,3121037.0,-2.1871185302734375,-5.349329471588135,0.6125627160072327,0.015474900603294373,169.0,2048.0,1.7078182697296143,0.34004706144332886,0.0,7.581079483032227,0.3077693581581116,,,-0.030264288187026978,3062167.0,-0.008289927616715431,-0.0003496089484542608,1.0285941362380981,-0.004900999832898378,5342.0,0.0,3121038.0,168.49256896972656,182.0,0.042139384895563126,60.17912673950195,0.2315436601638794,1.671559453010559,50.0,16384.0,0.06357616931200027,0.04357026889920235,0.21208257973194122,0.16807931661605835,0.032608695328235626,898.2276611328125,0.8288240432739258,0.9226502180099487,1.4037810564041138,0.002684930805116892,-0.4190332591533661,0.16739262640476227,0.053955078125,0.3009955883026123,0.5610094666481018,0.0,0.0008207118371501565,1.0,1.0,0.8488597869873047,0.09392240643501282,0.22677649557590485,0.3470328152179718,0.48326289653778076,0.4568709135055542,0.8439027070999146,0.5725995898246765,32.0,1.7264108657836914,1.0,-0.0008918280946090817,0.2751232981681824,0.9299336671829224,0.9152794480323792,0.6811102628707886,0.19932621717453003,0.18241550028324127,-0.00013071237481199205,6.424066668841988e-06,0.9324490427970886,0.9416033625602722,0.7009726762771606,0.21062080562114716,0.19886694848537445,0.9323351979255676,0.9416223764419556,0.7008955478668213,0.21019169688224792,0.19834624230861664,64999,3.424679756164551,,,,,,,,,,,,,0.18736065924167633,0.06612253189086914,0.07510937750339508,0.6052762866020203,0.21340574324131012,0.1046089231967926,0.0,0.07209351658821106,0.1040908545255661,0.3635450303554535,0.29145151376724243,0.18736065924167633
0.0174560546875,0.3157435357570648,0.0,0.0,0.0,0.59375,0.22360944747924805,3.816530227661133,0.0,0.8517071008682251,0.07231098413467407,1.7734375,28.378929138183594,0,-3.5460004806518555,0.5951886773109436,65.42761993408203,1.4850994348526,0.9993267059326172,0.10000000149011612,0.49747371673583984,0.01787232607603073,0.022697124630212784,810.8837280273438,0.0,2.471290111541748,3144908.0,0.04335892200469971,0.24081753194332123,0.23476147651672363,104.0,6.129943370819092,7.757101535797119,1.4124693870544434,0.0,9479.0,3144909.0,49.0,0.00016652060730848461,0.0,1.0,0.0014124293811619282,3100180.5,918649.375,1382.651123046875,1025.0,0.0,708.0,4340.0,3144908.0,-2.5537872314453125,-4.630767345428467,0.616877555847168,0.026453949511051178,170.0,2049.0,1.8255138397216797,0.3613371253013611,0.0,7.373351097106934,0.2783660292625427,,,-0.03067014552652836,3086033.0,-0.008405529893934727,-4.8866411816561595e-05,1.0285111665725708,-0.005277699790894985,5365.0,0.0,3144909.0,178.5118865966797,193.0,0.04447004571557045,50.22044372558594,0.2305985540151596,1.6045023202896118,43.0,16384.0,0.06399674713611603,0.0436583012342453,0.2109212577342987,0.16683903336524963,0.043478261679410934,888.6199340820312,0.8227455019950867,0.9158622622489929,1.4089736938476562,0.0016700688283890486,-0.41641831398010254,0.17883063852787018,0.0693359375,0.3115207254886627,0.6559907793998718,0.0,0.0009802145650610328,1.0,1.0,0.8230769634246826,0.09543678164482117,0.22282077372074127,0.3524535298347473,0.5036788582801819,0.459262877702713,0.886661171913147,0.5694455504417419,32.0,1.680619239807129,1.0,-0.0007816810975782573,0.27487775683403015,0.9299967288970947,0.9151234030723572,0.6812168955802917,0.2006511241197586,0.1833401322364807,0.0001023544100462459,9.739675078890286e-06,0.9324324131011963,0.9416345953941345,0.7009255290031433,0.210701122879982,0.19887003302574158,0.932395875453949,0.9415702223777771,0.7011118531227112,0.21134184300899506,0.19917891919612885,65499,3.520792007446289,,,,,,,,,,,,,0.1884968876838684,0.06637339293956757,0.07534405589103699,0.6116300821304321,0.2157612442970276,0.10421982407569885,0.0,0.07194849848747253,0.10601678490638733,0.36646217107772827,0.29451367259025574,0.1884968876838684
0.01171875,0.3172394335269928,0.0,0.0,0.0,0.6875,0.2272050529718399,3.7790775299072266,0.0,0.8440139293670654,0.07223986089229584,1.7578125,28.187931060791016,0,-3.5624425411224365,0.6062713861465454,59.9407958984375,1.4998960494995117,0.9993172287940979,0.10000000149011612,0.497450053691864,0.017888899892568588,0.02273239940404892,763.9512329101562,0.0,2.4796109199523926,3169020.0,0.04335622489452362,0.24063098430633545,0.2323826104402542,104.0,6.141242980957031,7.766925811767578,1.4124693870544434,0.0,9503.0,3169021.0,2962.0,0.016450343653559685,0.0,1.0,0.0014124293811619282,3124292.5,928862.25,1341.195068359375,1032.0,0.0,708.0,4348.0,3169020.0,-1.8528633117675781,-4.074150085449219,0.6206726431846619,0.014224517159163952,172.0,2048.0,1.724945068359375,0.3435497283935547,0.0,7.178796291351318,0.2655649483203888,,,-0.03136337548494339,3110138.0,-0.00862614344805479,0.000579554180148989,1.028580904006958,-0.005665894132107496,5380.0,0.0,3169021.0,178.23545837402344,181.0,0.041628334671258926,27.625789642333984,0.23000501096248627,1.4970858097076416,41.0,16384.0,0.06388822942972183,0.04385698586702347,0.2145659178495407,0.17029216885566711,0.054347824305295944,981.0264282226562,0.8213959336280823,0.9252404570579529,1.4163596630096436,0.015837237238883972,-0.4183383584022522,0.16460153460502625,0.057373046875,0.27598896622657776,0.5844066143035889,0.0,0.001190330134704709,1.0,1.0,0.8123264312744141,0.0866665244102478,0.22396592795848846,0.305907666683197,0.4796488285064697,0.3837560713291168,0.8534483909606934,0.5764603018760681,32.0,1.7194370031356812,1.0,-0.0009334019268862903,0.2748986482620239,0.9298105835914612,0.9145776629447937,0.6803144812583923,0.20070289075374603,0.1834489405155182,-0.0001654382358537987,-4.797267683898099e-05,0.9323922395706177,0.9415267705917358,0.7008328437805176,0.21105115115642548,0.19907335937023163,0.9322037100791931,0.9410872459411621,0.7002323269844055,0.2116253525018692,0.19951172173023224,65999,3.5120975971221924,,,,,,,,,,,,,0.18636161088943481,0.06607051193714142,0.0748402327299118,0.6206961870193481,0.2222708910703659,0.10413569211959839,0.0,0.07196807861328125,0.10869103670120239,0.36702072620391846,0.2950526475906372,0.18636161088943481
0.0189208984375,0.315141886472702,0.0,0.0,0.0,0.34375,0.2284042239189148,3.868730306625366,0.0,0.8521738648414612,0.07268190383911133,1.7734375,28.34557342529297,0,-3.5815701484680176,0.6261435747146606,75.62300109863281,1.507758378982544,0.9993288516998291,0.10000000149011612,0.49745631217956543,0.017900623381137848,0.022768251597881317,920.6363525390625,0.0,2.480630874633789,3192763.0,0.043658461421728134,0.24239344894886017,0.22816243767738342,106.0,6.16525411605835,7.807955265045166,1.4124693870544434,0.0,9524.0,3192764.0,180.0,0.0008759032934904099,0.0,1.0,0.0014124293811619282,3148035.5,936385.8125,1474.1136474609375,1035.0,0.0,708.0,4365.0,3192763.0,-3.191730499267578,-6.920485496520996,0.6262026429176331,0.018050149083137512,185.0,2048.0,1.8289031982421875,0.3572867512702942,0.0,7.228203296661377,0.2901747524738312,,,-0.03029004856944084,3133880.0,-0.008348481729626656,0.00020748765382450074,1.0279842615127563,-0.004058933816850185,5400.0,0.0,3192764.0,202.80624389648438,206.0,0.04719358682632446,27.04210662841797,0.22920620441436768,1.4101413488388062,44.0,16383.0,0.06412714719772339,0.0436822883784771,0.21729086339473724,0.17179569602012634,0.043478261679410934,915.4739990234375,0.8235704302787781,0.9197843074798584,1.4147934913635254,0.01667516678571701,-0.4221465289592743,0.16398195922374725,0.0654296875,0.29026347398757935,0.5963344573974609,0.0,0.0014068627497181296,1.0,1.0,0.8839926719665527,0.06859289854764938,0.2207280993461609,0.29498395323753357,0.44926881790161133,0.38912248611450195,0.8276140689849854,0.5872738361358643,32.0,1.7042791843414307,1.0,-0.0005888289888389409,0.2750083804130554,0.9297990202903748,0.9145097732543945,0.6813977956771851,0.19986677169799805,0.18300488591194153,0.00028581274091266096,2.9796099624945782e-05,0.9323149919509888,0.9413443803787231,0.7008116841316223,0.21115009486675262,0.1991662085056305,0.932196855545044,0.9411159157752991,0.7013629674911499,0.2108938992023468,0.1990031599998474,66499,3.530672311782837,,,,,,,,,,,,,0.18357416987419128,0.06489325314760208,0.07237502187490463,0.6274188756942749,0.22102510929107666,0.10243740677833557,0.0,0.07084348797798157,0.10841390490531921,0.36283156275749207,0.2919880747795105,0.18357416987419128
0.0164794921875,0.3204757571220398,0.0,0.0,0.0,0.5,0.22963567078113556,3.947969913482666,0.0,0.8565587401390076,0.07288947701454163,1.765625,28.4852352142334,0,-3.6002399921417236,0.6145460605621338,65.46469116210938,1.4791263341903687,0.999321460723877,0.10000000149011612,0.49753424525260925,0.017973486334085464,0.02283369190990925,755.5814208984375,0.0,2.4901063442230225,3216777.0,0.04394759237766266,0.24417856335639954,0.22446562349796295,106.0,6.201977252960205,7.838731288909912,1.4124693870544434,0.0,9553.0,3216778.0,17.0,0.0026469503063708544,0.0,1.0,0.0014124293811619282,3172049.5,941360.875,1341.6279296875,1036.0,0.0,708.0,4391.0,3216777.0,0.00485992431640625,-6.818253040313721,0.6292320489883423,0.01930595189332962,163.0,2048.0,1.9594135284423828,0.373672217130661,0.0,7.1828742027282715,0.30798837542533875,,,-0.0282943956553936,3157889.0,-0.007818060927093029,4.054119563079439e-05,1.026402235031128,-0.004256227519363165,5427.0,0.023255813866853714,3216778.0,163.03634643554688,167.0,0.03803233802318573,40.186588287353516,0.22810642421245575,1.603521704673767,43.0,16384.0,0.06421522796154022,0.04377075284719467,0.21333031356334686,0.16939952969551086,0.054347824305295944,940.4081420898438,0.8174055814743042,0.9284417629241943,1.4115060567855835,0.0017069733003154397,-0.423726350069046,0.17611047625541687,0.060791015625,0.31070613861083984,0.6330296397209167,0.0,0.0011562937870621681,1.0,1.0,0.8437256813049316,0.08203154057264328,0.22914937138557434,0.29453593492507935,0.517680823802948,0.3915856182575226,0.8619391918182373,0.5806862115859985,32.0,1.5852464437484741,1.0,-0.0010212688939645886,0.2749214172363281,0.9298462271690369,0.9146420359611511,0.6808515191078186,0.20083975791931152,0.18382126092910767,-0.00011095554509665817,8.87682745087659e-06,0.9322836399078369,0.9412794709205627,0.7009135484695435,0.21119675040245056,0.1992008090019226,0.932243824005127,0.9412791132926941,0.7008808851242065,0.21174292266368866,0.1997571885585785,66999,3.1947360038757324,,,,,,,,,,,,,0.18765059113502502,0.06551346927881241,0.0744757130742073,0.6089297533035278,0.21308082342147827,0.10468512773513794,0.0,0.07272645831108093,0.10653752088546753,0.3669145703315735,0.29418811202049255,0.18765059113502502
0.0181884765625,0.29757893085479736,0.0,0.0,0.0,0.5625,0.22959646582603455,3.870704174041748,0.0,0.8575106859207153,0.0727628841996193,1.78125,28.489927291870117,0,-3.6178393363952637,0.616126298904419,73.21893310546875,1.500023365020752,0.9993337392807007,0.10000000149011612,0.4976620674133301,0.017985716462135315,0.02288888581097126,863.2884521484375,0.0,2.494619846343994,3240701.0,0.04320257157087326,0.23956163227558136,0.2197079062461853,109.0,6.220338821411133,7.905526638031006,1.4124693870544434,1.0,9582.0,3240702.0,106.0,0.00045093498192727566,0.0,1.0,0.0014124293811619282,3195973.5,950145.4375,1436.423095703125,1039.0,0.0,708.0,4404.0,3240701.0,-4.852134704589844,-7.1799116134643555,0.6334589123725891,0.023665405809879303,170.0,2048.0,1.6536452770233154,0.33938050270080566,0.0,7.300716400146484,0.30232077836990356,,,-0.028810905292630196,3181810.0,-0.007985985837876797,-0.00017240981105715036,1.0257786512374878,-0.003344692289829254,5443.0,0.0,3240702.0,183.06350708007812,188.0,0.04268846660852432,33.457767486572266,0.22725334763526917,1.5044664144515991,52.0,16384.0,0.06424206495285034,0.04388749599456787,0.21354956924915314,0.1686774045228958,0.054347824305295944,1030.814453125,0.811331570148468,0.9319848418235779,1.4153530597686768,-0.0009292298927903175,-0.4253236651420593,0.1779206395149231,0.054931640625,0.248183473944664,0.44255223870277405,0.0,0.0013289310736581683,1.0,1.0,0.8871333599090576,0.09136850386857986,0.23521216213703156,0.353726863861084,0.3957315683364868,0.39052829146385193,0.7175332307815552,0.5958712100982666,32.0,1.685858130455017,1.0,-0.0008949287002906203,0.27472832798957825,0.9296916723251343,0.914692759513855,0.680680513381958,0.20184622704982758,0.18462476134300232,-8.57264458318241e-05,-1.6876545487320982e-05,0.9322360157966614,0.9413260817527771,0.7008910775184631,0.21157997846603394,0.199618399143219,0.9321011304855347,0.941373884677887,0.7006525993347168,0.21255670487880707,0.2005346715450287,67499,3.4975218772888184,,,,,,,,,,,,,0.1876043677330017,0.06592585891485214,0.07423774898052216,0.6187665462493896,0.22159835696220398,0.10460647940635681,0.0,0.07487753033638,0.11126130819320679,0.3737432062625885,0.2988656759262085,0.1876043677330017
0.01116943359375,0.3063746988773346,0.0,0.0,0.0,0.6875,0.22803252935409546,3.6914639472961426,0.0,0.8685787320137024,0.07240045070648193,1.78125,28.52943992614746,0,-3.635913610458374,0.616367518901825,59.247066497802734,1.5086650848388672,0.9993197917938232,0.10000000149011612,0.4977891147136688,0.018033219501376152,0.02294616773724556,824.760009765625,0.0,2.4972527027130127,3264490.0,0.04356813058257103,0.24146263301372528,0.21984176337718964,111.0,6.245762825012207,7.970351696014404,1.4124693870544434,0.0,9612.0,3264491.0,398.0,0.0020533802453428507,0.0,1.0,0.0014124293811619282,3219762.5,959576.625,1400.8800048828125,1042.0,0.0,708.0,4422.0,3264490.0,-3.0501232147216797,-4.460577964782715,0.6380720138549805,0.021930722519755363,166.0,2048.0,1.7492640018463135,0.3507540822029114,0.0,7.117486953735352,0.28897392749786377,,,-0.027017991989850998,3205592.0,-0.007508164271712303,-0.00018330622697249055,1.0245505571365356,-0.004138005431741476,5464.0,0.0,3264491.0,178.92068481445312,191.0,0.04319312423467636,40.470542907714844,0.22629624605178833,1.5633128881454468,50.0,16384.0,0.06449241191148758,0.04402220994234085,0.21190370619297028,0.16811586916446686,0.03804347664117813,916.7626953125,0.8092489242553711,0.9193798899650574,1.4107719659805298,-0.006436353549361229,-0.41554445028305054,0.1673804223537445,0.047119140625,0.2883310616016388,0.5440977215766907,0.0,0.0011390692088752985,1.0,1.0,0.8233399391174316,0.08857758343219757,0.22622469067573547,0.29210489988327026,0.47085878252983093,0.3749324679374695,0.7982977628707886,0.580624520778656,32.0,1.7008495330810547,1.0,-0.000721278483979404,0.27463433146476746,0.9297323226928711,0.9144827127456665,0.6811368465423584,0.2019990086555481,0.1848060041666031,8.53362143971026e-05,1.6225239960476756e-05,0.9321980476379395,0.9413079023361206,0.7009055018424988,0.21193073689937592,0.19992905855178833,0.9321514964103699,0.9413146376609802,0.701136589050293,0.21258094906806946,0.20050513744354248,67999,3.429140090942383,,,,,,,,,,,,,0.18614409863948822,0.06493227183818817,0.07430299371480942,0.6174963712692261,0.22319792211055756,0.10415680706501007,0.0,0.07583871483802795,0.11286596953868866,0.37484878301620483,0.2990100681781769,0.18614409863948822
0.01348876953125,0.30649319291114807,0.0,0.0,0.0,0.625,0.22971300780773163,3.861841917037964,0.0,0.8599316477775574,0.07250501960515976,1.7734375,28.55166244506836,0,-3.653736114501953,0.6024163961410522,79.5810546875,1.5128926038742065,0.9993370175361633,0.10000000149011612,0.4978196620941162,0.018045729026198387,0.022966789081692696,844.54345703125,0.0,2.494851589202881,3288479.0,0.04354739561676979,0.23943643271923065,0.2126297652721405,115.0,6.265536785125732,8.089149475097656,1.4124693870544434,0.0,9657.0,3288480.0,1345.0,0.007629236672073603,0.0,1.0,0.0014124293811619282,3243751.5,967361.3125,1425.8477783203125,1044.0,0.0,708.0,4436.0,3288479.0,-2.9440441131591797,-5.049592018127441,0.6409791707992554,0.03129194304347038,164.0,2048.0,1.7758569717407227,0.3555704355239868,0.0,7.171904563903809,0.31703102588653564,,,-0.028587596490979195,3229580.0,-0.007986672222614288,-0.00011990587518084794,1.0251710414886475,-0.004150054417550564,5480.0,0.0,3288480.0,177.55149841308594,190.0,0.04283137992024422,38.13227462768555,0.2254895269870758,1.5562011003494263,46.0,16384.0,0.06442199647426605,0.043953247368335724,0.214457705616951,0.16946756839752197,0.03804347664117813,920.5335693359375,0.8133057355880737,0.920613169670105,1.4087835550308228,0.0011135318782180548,-0.42348459362983704,0.17029699683189392,0.045654296875,0.2614968419075012,0.46911633014678955,0.0,0.00115660869050771,1.0,1.0,0.849217414855957,0.08339740335941315,0.21434460580348969,0.34699660539627075,0.46848928928375244,0.4119231104850769,0.7911839485168457,0.5633305311203003,32.0,1.7623240947723389,1.0,-0.0008220936288125813,0.27458256483078003,0.9296509027481079,0.9143033623695374,0.6810076236724854,0.2021665722131729,0.1847621500492096,-1.868689105322119e-05,1.1064847740271944e-06,0.9321655631065369,0.9412650465965271,0.7009547352790833,0.21233972907066345,0.20021891593933105,0.9320439696311951,0.9410226345062256,0.7009449601173401,0.21287432312965393,0.20040909945964813,68499,3.4776785373687744,,,,,,,,,,,,,0.18610969185829163,0.06509651243686676,0.07379473000764847,0.6210440993309021,0.22498933970928192,0.10478636622428894,0.0,0.07532724738121033,0.11314740777015686,0.3745843470096588,0.2992570996284485,0.18610969185829163
0.011474609375,0.31848204135894775,0.0,0.0,0.0,0.40625,0.2261941134929657,3.9111711978912354,0.0,0.8616160154342651,0.0732753574848175,1.796875,28.616649627685547,0,-3.671520948410034,0.612406849861145,71.21349334716797,1.5087624788284302,0.9993203282356262,0.10000000149011612,0.4978916049003601,0.018099837005138397,0.02302820421755314,870.9796142578125,0.0,2.495220899581909,3312820.0,0.04334007948637009,0.23786421120166779,0.21198716759681702,115.0,6.299435138702393,8.092509269714355,1.4124693870544434,0.0,9680.0,3312821.0,56.0,0.00017244550690520555,0.0,1.0,0.0014124293811619282,3268092.5,974441.8125,1447.3265380859375,1046.0,0.0,708.0,4460.0,3312820.0,-5.058063507080078,-7.317485809326172,0.6466105580329895,0.024642646312713623,167.0,2049.0,1.8229706287384033,0.3661748766899109,0.0,7.367766380310059,0.295704185962677,,,-0.028707224875688553,3253919.0,-0.008037073537707329,-0.0002560516877565533,1.0250500440597534,-0.004488249309360981,5506.0,0.0,3312821.0,178.78985595703125,195.0,0.04372197389602661,37.44334411621094,0.22436654567718506,1.5448154211044312,49.0,16384.0,0.06450037658214569,0.04375160112977028,0.21312403678894043,0.16869007050991058,0.043478261679410934,949.307861328125,0.812789261341095,0.9257928133010864,1.4085583686828613,0.009365481324493885,-0.4226764142513275,0.17703194916248322,0.0556640625,0.3013452887535095,0.639686107635498,0.0,0.0011548231123015285,1.0,1.0,0.8017406463623047,0.07337029278278351,0.21527951955795288,0.30665117502212524,0.53556889295578,0.3776056170463562,0.8657739758491516,0.5509487986564636,32.0,1.7352080345153809,1.0,-0.0006742223049513996,0.27462518215179443,0.9297342896461487,0.9144091010093689,0.6815022826194763,0.20216450095176697,0.18460775911808014,0.00010567972640274093,1.986120332730934e-05,0.9321367144584656,0.9412053227424622,0.7009981274604797,0.21254409849643707,0.20028771460056305,0.9321132302284241,0.9411919116973877,0.7012792825698853,0.21288932859897614,0.20041629672050476,68999,3.398420572280884,,,,,,,,,,,,,0.18514448404312134,0.06428039073944092,0.07204058021306992,0.6167090535163879,0.21997901797294617,0.1036914736032486,0.0,0.07465848326683044,0.11087825894355774,0.3706812262535095,0.2960227429866791,0.18514448404312134
0.0179443359375,0.3217225968837738,0.0,0.0,0.0,0.5625,0.2247205674648285,3.9815454483032227,0.0,0.8539321422576904,0.07279481738805771,1.796875,28.696157455444336,0,-3.690696954727173,0.6123564839363098,78.9506607055664,1.513857126235962,0.9993220567703247,0.10000000149011612,0.4978899359703064,0.0181376151740551,0.023070061579346657,861.1632690429688,0.0,2.5053048133850098,3336752.0,0.04254855588078499,0.23403263092041016,0.20704790949821472,114.0,6.31779670715332,8.07772445678711,1.4124693870544434,0.0,9711.0,3336753.0,1506.0,0.008735500276088715,0.0,1.0,0.0014124293811619282,3292024.5,981591.9375,1441.7142333984375,1049.0,0.0,708.0,4473.0,3336752.0,-0.4240531921386719,-7.55545711517334,0.6500377655029297,0.029497524723410606,167.0,2048.0,1.7534903287887573,0.3543214201927185,0.0,7.281241416931152,0.3053426444530487,,,-0.02942224219441414,3277850.0,-0.008254487067461014,4.536784399533644e-05,1.0257760286331177,-0.005096078850328922,5522.0,0.0,3336753.0,174.3209686279297,187.0,0.04180639237165451,37.33266067504883,0.22362451255321503,1.5488561391830444,49.0,16384.0,0.06463778764009476,0.04393694922327995,0.2114274650812149,0.16658486425876617,0.03804347664117813,920.453369140625,0.8128539323806763,0.9186480641365051,1.4165124893188477,0.007361605763435364,-0.420132577419281,0.17245137691497803,0.0498046875,0.2582159638404846,0.5830538868904114,0.0,0.0011384875979274511,1.0,1.0,0.8380041122436523,0.08672010898590088,0.2251209020614624,0.32351070642471313,0.42631474137306213,0.3766770362854004,0.82252037525177,0.5804830193519592,32.0,1.7299220561981201,1.0,-0.0009662060183472931,0.27478188276290894,0.9298092722892761,0.9142726063728333,0.6813580393791199,0.2018570750951767,0.18454499542713165,-0.0001709265197860077,2.8558113626786508e-05,0.9321473836898804,0.9412331581115723,0.7011491060256958,0.21259360015392303,0.20025883615016937,0.9321652054786682,0.9411087036132812,0.7012320160865784,0.21269871294498444,0.2003292590379715,69499,3.494678258895874,,,,,,,,,,,,,0.18539555370807648,0.06448493897914886,0.07327218353748322,0.614882230758667,0.22287021577358246,0.10473322868347168,0.0,0.07673215866088867,0.11307303607463837,0.3752007484436035,0.29846858978271484,0.18539555370807648
0.0145263671875,0.33197081089019775,0.0,0.0,0.0,0.53125,0.22390075027942657,3.8529491424560547,0.0,0.8666489124298096,0.07302141189575195,1.7890625,28.74355697631836,0,-3.70951509475708,0.6033025979995728,89.33255767822266,1.5016082525253296,0.999326229095459,0.10000000149011612,0.49790453910827637,0.018151769414544106,0.023107195273041725,842.1428833007812,0.0,2.521796464920044,3360780.0,0.04320763051509857,0.23750509321689606,0.20945648849010468,113.0,6.337570667266846,8.0718412399292,1.4124693870544434,0.0,9736.0,3360781.0,6.0,0.0025101229548454285,0.0,1.0,0.0014124293811619282,3316052.5,991859.9375,1424.2652587890625,1051.0,0.0,708.0,4487.0,3360780.0,2.702289581298828,-5.271718502044678,0.6541763544082642,0.01705310307443142,159.0,2048.0,1.8790969848632812,0.36727890372276306,0.0,7.3967461585998535,0.28768086433410645,,,-0.027728023007512093,3301879.0,-0.007804197259247303,2.841973582690116e-05,1.024795413017273,-0.003976111765950918,5538.0,0.020408162847161293,3360781.0,170.672607421875,187.0,0.04167595133185387,37.55370330810547,0.22300229966640472,1.5732711553573608,49.0,16384.0,0.06477712839841843,0.043956536799669266,0.21051837503910065,0.16721560060977936,0.043478261679410934,1133.973388671875,0.8130182027816772,0.9256070256233215,1.4147964715957642,0.004424395505338907,-0.41609302163124084,0.17632634937763214,0.053466796875,0.29090502858161926,0.5815871357917786,0.0,0.0010117420461028814,1.0,1.0,0.8150396347045898,0.08093929290771484,0.22765493392944336,0.30648723244667053,0.48202118277549744,0.37818533182144165,0.8480247259140015,0.5725924968719482,32.0,1.712235689163208,1.0,-0.0007290754583664238,0.2745746970176697,0.9296256303787231,0.9138190150260925,0.6811113357543945,0.20220553874969482,0.18498216569423676,9.186482930090278e-05,-1.664250885369256e-05,0.9321199655532837,0.9410656094551086,0.7011013627052307,0.21271784603595734,0.2004123479127884,0.9319878220558167,0.9406960010528564,0.7010395526885986,0.21297526359558105,0.2007465958595276,69999,3.3430027961730957,,,,,,,,,,,,,0.18474829196929932,0.06419825553894043,0.07305575907230377,0.6146173477172852,0.22630426287651062,0.1044805645942688,0.0,0.07862210273742676,0.11514651775360107,0.37851691246032715,0.2998948097229004,0.18474829196929932
0.01373291015625,0.33087655901908875,0.0,0.0,0.0,0.5625,0.22866040468215942,3.853214740753174,0.0,0.8638383746147156,0.07296770066022873,1.7890625,28.73722267150879,0,-3.7281181812286377,0.6019974946975708,67.53857421875,1.4962033033370972,0.9993246793746948,0.10000000149011612,0.49785923957824707,0.018218299373984337,0.02320326305925846,889.4400024414062,0.0,2.518660545349121,3384768.0,0.043232839554548264,0.2393079400062561,0.203666552901268,119.0,6.358757019042969,8.188970565795898,1.4124693870544434,0.0,9752.0,3384769.0,4747.0,0.025740761309862137,0.0,1.0,0.0014124293811619282,3340040.5,1000128.1875,1467.699951171875,1060.0,0.0,708.0,4502.0,3384768.0,-1.6374454498291016,-3.5462164878845215,0.6583712100982666,0.027028601616621017,170.0,2048.0,1.933706521987915,0.38416990637779236,0.0,7.315389633178711,0.2806145250797272,,,-0.026348356157541275,3325876.0,-0.0074266246519982815,-0.0001086894262698479,1.0245676040649414,-0.003995503764599562,5562.0,0.0,3384769.0,178.8413543701172,196.0,0.04353620484471321,34.73054504394531,0.22212764620780945,1.540683388710022,50.0,16384.0,0.06499575823545456,0.04394688084721565,0.2129298895597458,0.16963890194892883,0.043478261679410934,1056.96923828125,0.8149633407592773,0.9211325645446777,1.4186314344406128,0.007338495459407568,-0.42574217915534973,0.17343680560588837,0.06103515625,0.2972012460231781,0.5775210857391357,0.0,0.0010106584522873163,1.0,1.0,0.8551790714263916,0.07028228789567947,0.22363649308681488,0.2833302915096283,0.43535465002059937,0.41823840141296387,0.8184460997581482,0.5993792414665222,32.0,1.7176034450531006,1.0,-0.0008686913643032312,0.27464616298675537,0.9296503067016602,0.9137791991233826,0.6810492277145386,0.20199492573738098,0.1844140589237213,-2.276930354128126e-05,-8.490325853927061e-06,0.9320706725120544,0.9409171938896179,0.7010748386383057,0.21280966699123383,0.20048244297504425,0.9319918155670166,0.9406705498695374,0.7009738683700562,0.2128404825925827,0.2003025859594345,70499,3.3492109775543213,,,,,,,,,,,,,0.18586145341396332,0.06388736516237259,0.07174920290708542,0.6134984493255615,0.22070972621440887,0.10436522960662842,0.0,0.07648694515228271,0.11290498077869415,0.3752533793449402,0.29876643419265747,0.18586145341396332
0.0172119140625,0.2926497459411621,0.0,0.0,0.0,0.53125,0.2304093986749649,3.86202335357666,0.0,0.8674241304397583,0.07277071475982666,1.8046875,28.76642417907715,0,-3.746793031692505,0.6093905568122864,159.12106323242188,1.5229252576828003,0.9993481636047363,0.10000000149011612,0.4978412985801697,0.01823025941848755,0.023236436769366264,841.1219482421875,0.0,2.5254595279693604,3408868.0,0.04355484992265701,0.24138964712619781,0.20553763210773468,123.0,6.395480155944824,8.276623725891113,1.4124693870544434,0.0,9779.0,3408869.0,61.0,0.00022755764075554907,0.0,1.0,0.0014124293811619282,3364140.5,1008353.25,1427.1707763671875,1061.0,0.0,708.0,4528.0,3408868.0,-2.253612518310547,-4.793210506439209,0.6607311964035034,0.0478505939245224,162.0,2048.0,1.9436501264572144,0.3869384527206421,0.0,7.156928062438965,0.2723381519317627,,,-0.027628593146800995,3349976.0,-0.00781699176877737,1.9150709704263136e-05,1.0251246690750122,-0.0048184520564973354,5589.0,0.0,3408869.0,167.15081787109375,174.0,0.03842756152153015,39.0427360534668,0.22103720903396606,1.5602504014968872,41.0,16384.0,0.06506669521331787,0.043894343078136444,0.21083514392375946,0.1654127538204193,0.043478261679410934,1127.2890625,0.8051392436027527,0.9206218719482422,1.4141517877578735,0.007844201289117336,-0.41699695587158203,0.1679273396730423,0.049072265625,0.27429327368736267,0.5898851752281189,0.0,0.0009847315959632397,1.0,1.0,0.8546657562255859,0.09616002440452576,0.23538748919963837,0.296608567237854,0.4675041437149048,0.3769548535346985,0.8296266794204712,0.5801712870597839,32.0,1.7579392194747925,1.0,-0.0007299223216250539,0.2747592329978943,0.9296415448188782,0.9136152863502502,0.6815322637557983,0.20139703154563904,0.18450266122817993,0.0001297450071433559,2.947070424852427e-05,0.9320361614227295,0.940795361995697,0.7011415362358093,0.2126649171113968,0.2003474235534668,0.9319899082183838,0.940591037273407,0.7015337347984314,0.21222540736198425,0.2002926915884018,70999,3.5480685234069824,,,,,,,,,,,,,0.1826438009738922,0.0635821670293808,0.07186494022607803,0.6191706657409668,0.2324391007423401,0.10522682964801788,0.0,0.08031225204467773,0.11804166436195374,0.3809977173805237,0.30068546533584595,0.1826438009738922
0.02294921875,0.3186053931713104,0.0,0.0,0.0,0.65625,0.22562150657176971,4.024717807769775,0.0,0.869192898273468,0.07272283732891083,1.7890625,28.778461456298828,0,-3.7653183937072754,0.6149735450744629,77.51660919189453,1.503701090812683,0.9993294477462769,0.10000000149011612,0.4978514611721039,0.018253836780786514,0.023265933617949486,751.5384521484375,0.0,2.5270864963531494,3432728.0,0.04373370110988617,0.24203947186470032,0.20325005054473877,126.0,6.418078899383545,8.351391792297363,1.4124693870544434,0.0,9804.0,3432729.0,235.0,0.0011239637387916446,0.0,1.0,0.0014124293811619282,3388000.5,1016949.8125,1350.980712890625,1065.0,0.0,708.0,4544.0,3432728.0,-2.113809585571289,-4.811469078063965,0.6629202961921692,0.017348017543554306,166.0,2049.0,2.1122183799743652,0.37752386927604675,0.0,6.962871551513672,0.2733454406261444,,,-0.028485801070928574,3373838.0,-0.008076257072389126,0.00031622283859178424,1.026035189628601,-0.006031033582985401,5609.0,0.0,3432729.0,164.5042266845703,177.0,0.03895246610045433,41.476768493652344,0.220162495970726,1.6060011386871338,52.0,16384.0,0.06509771198034286,0.04411971569061279,0.21166478097438812,0.16693833470344543,0.054347824305295944,1040.3580322265625,0.8048107624053955,0.9221816062927246,1.4179471731185913,-0.0018505972111597657,-0.430685430765152,0.17814700305461884,0.07861328125,0.2772887349128723,0.6040933132171631,0.0,0.0009976335568353534,1.0,1.0,0.8090105056762695,0.07920274883508682,0.23244281113147736,0.3773181438446045,0.5420773029327393,0.45973753929138184,0.8552250266075134,0.5889672636985779,32.0,1.734683871269226,1.0,-0.0008674334967508912,0.27467501163482666,0.9296188354492188,0.9135475754737854,0.6816205382347107,0.20187616348266602,0.18477070331573486,1.876133683254011e-05,3.0288681955426e-05,0.9320282340049744,0.9407497048377991,0.7013415694236755,0.21258558332920074,0.2004031538963318,0.9319764375686646,0.9405815601348877,0.7016292214393616,0.21260149776935577,0.20039798319339752,71499,3.49171781539917,,,,,,,,,,,,,0.18438637256622314,0.06401330977678299,0.07185524702072144,0.6129860877990723,0.22800898551940918,0.10541842877864838,0.0,0.08135390281677246,0.117706298828125,0.3834465742111206,0.30209267139434814,0.18438637256622314
0.01239013671875,0.32775962352752686,0.0,0.0,0.0,0.65625,0.22908276319503784,4.062062740325928,0.0,0.8571487665176392,0.07327884435653687,1.796875,28.83907699584961,0,-3.7840237617492676,0.611153244972229,82.21033477783203,1.5447880029678345,0.9993267059326172,0.10000000149011612,0.4979400634765625,0.018317870795726776,0.023344052955508232,995.4666748046875,0.0,2.529709815979004,3456890.0,0.04386444389820099,0.24270862340927124,0.18963980674743652,127.0,6.4378533363342285,8.395817756652832,1.4124693870544434,0.0,9841.0,3456891.0,885.0,0.004550809506326914,0.0,1.0,0.0014124293811619282,3412162.5,1023921.8125,1567.977783203125,1065.0,0.0,708.0,4558.0,3456890.0,-1.832296371459961,-3.788184642791748,0.6654958724975586,0.026844335719943047,174.0,2048.0,1.8916771411895752,0.3621874749660492,0.0,7.130074977874756,0.24040429294109344,,,-0.027660533785820007,3397999.0,-0.007871701382100582,0.00021062447922304273,1.0245063304901123,-0.0042154439724981785,5623.0,0.0,3456891.0,202.47906494140625,209.0,0.04585344344377518,30.650314331054688,0.21945753693580627,1.4016377925872803,45.0,16384.0,0.06510937958955765,0.04390282556414604,0.21327562630176544,0.1698242574930191,0.043478261679410934,1018.4346313476562,0.8022352457046509,0.9243891835212708,1.4167536497116089,-0.001168368267826736,-0.4212060272693634,0.17622175812721252,0.0654296875,0.2847740352153778,0.6820974349975586,0.0,0.000990709406323731,1.0,1.0,0.8178067207336426,0.08569640666246414,0.22693319618701935,0.327904611825943,0.5085195302963257,0.4015093147754669,0.8901183605194092,0.5798972249031067,32.0,1.8376927375793457,1.0,-0.000892090960405767,0.27441003918647766,0.9296353459358215,0.9133392572402954,0.6813380718231201,0.20289643108844757,0.18579432368278503,-6.483924516942352e-05,1.5107625586097129e-06,0.9320141673088074,0.9406598806381226,0.7013893127441406,0.21276912093162537,0.200587660074234,0.9319615960121155,0.940377414226532,0.7013349533081055,0.21346427500247955,0.20134562253952026,71999,3.4143691062927246,,,,,,,,,,,,,0.18499191105365753,0.06376940757036209,0.07153037935495377,0.6218987107276917,0.23133395612239838,0.10510200262069702,0.0,0.07988500595092773,0.1190052479505539,0.38388216495513916,0.3039971590042114,0.18499191105365753
0.01324462890625,0.32738468050956726,0.0,0.0,0.0,0.46875,0.2240600883960724,3.828443765640259,0.0,0.8564012050628662,0.07295367121696472,1.796875,28.86550521850586,0,-3.801487445831299,0.6004144549369812,71.90259552001953,1.5515804290771484,0.9993205666542053,0.10000000149011612,0.49787402153015137,0.018338512629270554,0.023367471992969513,1014.3695678710938,0.0,2.535722494125366,3480769.0,0.04406227543950081,0.2427622675895691,0.19878444075584412,127.0,6.468926429748535,8.414501190185547,1.4124693870544434,0.0,9877.0,3480770.0,980.0,0.005628329701721668,0.0,1.0,0.0014124293811619282,3436041.5,1031883.6875,1581.1304931640625,1066.0,0.0,708.0,4580.0,3480769.0,-3.521146774291992,-5.488443851470947,0.6673557162284851,0.033468492329120636,180.0,2048.0,1.8075021505355835,0.3572998046875,0.0,6.978789806365967,0.284440815448761,,,-0.027646301314234734,3421859.0,-0.007903510704636574,2.744354605965782e-05,1.0247979164123535,-0.005124582443386316,5646.0,0.0,3480770.0,199.653076171875,206.0,0.04497816413640976,34.070228576660156,0.21842266619205475,1.4174576997756958,46.0,16384.0,0.06529600918292999,0.0440257303416729,0.20875701308250427,0.16645246744155884,0.032608695328235626,981.5996704101562,0.7970252633094788,0.9186376333236694,1.4176017045974731,0.004817045759409666,-0.4161186218261719,0.17858214676380157,0.052734375,0.2567685544490814,0.5379912853240967,0.0,0.0010234966175630689,1.0,1.0,0.757537841796875,0.08419951796531677,0.23094522953033447,0.3541756272315979,0.5136955976486206,0.39644044637680054,0.8280001878738403,0.5548052191734314,32.0,1.790404200553894,1.0,-0.0008487144368700683,0.27469006180763245,0.9295698404312134,0.9133557677268982,0.6812486052513123,0.2020115852355957,0.18454159796237946,-1.8451750293024816e-05,-1.5920020814519376e-05,0.9319881796836853,0.9405320286750793,0.7013527154922485,0.21285369992256165,0.2006714940071106,0.9318975210189819,0.9404004216194153,0.7011851072311401,0.21272116899490356,0.20036722719669342,72499,3.353248119354248,,,,,,,,,,,,,0.187106192111969,0.06429992616176605,0.07271452248096466,0.6095192432403564,0.23122167587280273,0.1066468134522438,0.0,0.08372211456298828,0.12108850479125977,0.39191681146621704,0.30819469690322876,0.187106192111969
0.0201416015625,0.3175465762615204,0.0,0.0,0.0,0.625,0.2313738465309143,4.0347771644592285,0.0,0.8603470325469971,0.07321160286664963,1.796875,28.951709747314453,0,-3.8197267055511475,0.6119672656059265,89.9967269897461,1.523323893547058,0.9993168115615845,0.10000000149011612,0.49796542525291443,0.018419940024614334,0.02346930094063282,989.2888793945312,0.0,2.542829990386963,3505068.0,0.04395317658782005,0.24273206293582916,0.19847305119037628,128.0,6.5,8.433029174804688,1.4124693870544434,0.0,9898.0,3505069.0,360.0,0.002043176908046007,0.0,1.0,0.0014124293811619282,3460340.5,1040369.75,1555.4222412109375,1066.0,0.0,708.0,4602.0,3505068.0,-4.440265655517578,-6.183513164520264,0.669200599193573,0.05002446100115776,179.0,2048.0,1.8400208950042725,0.38728436827659607,0.0,7.005899429321289,0.2688465118408203,,,-0.027092348784208298,3446150.0,-0.0077736759558320045,-0.00011584103776840493,1.02481210231781,-0.0043474831618368626,5668.0,0.0,3505069.0,198.66969299316406,206.0,0.044763147830963135,39.509159088134766,0.21741966903209686,1.4347182512283325,45.0,16384.0,0.0654517263174057,0.0441378690302372,0.21047204732894897,0.16713784635066986,0.04891304299235344,1000.2028198242188,0.7949803471565247,0.928093433380127,1.4185017347335815,0.007481514476239681,-0.4249301850795746,0.18773767352104187,0.051513671875,0.2907431423664093,0.4376358091831207,0.0,0.001037479261867702,1.0,1.0,0.7681193351745605,0.08667540550231934,0.24404767155647278,0.41889649629592896,0.40835505723953247,0.4934908449649811,0.7462584972381592,0.5671395659446716,31.99996566772461,1.734217643737793,1.0,-0.000894047028850764,0.2744501531124115,0.9295125007629395,0.913332462310791,0.6806652545928955,0.20334778726100922,0.18580152094364166,-3.682673195726238e-06,-5.4405689297709614e-05,0.9319498538970947,0.9405152797698975,0.7011057734489441,0.21308830380439758,0.2008320838212967,0.9318629503250122,0.940481960773468,0.7006070613861084,0.2138960063457489,0.2016478180885315,72999,3.3374767303466797,,,,,,,,,,,,,0.1866118609905243,0.0641966164112091,0.07256443798542023,0.6145905256271362,0.23110055923461914,0.10677602887153625,0.0,0.08172854781150818,0.1199691891670227,0.3883095979690552,0.306581050157547,0.1866118609905243
0.0172119140625,0.3295494318008423,0.0,0.0,0.0,0.65625,0.22888807952404022,3.9744720458984375,0.0,0.8661739230155945,0.07337294518947601,1.8046875,28.9453125,0,-3.838304281234741,0.6101542115211487,176.76144409179688,1.546471357345581,0.9993247985839844,0.10000000149011612,0.49795711040496826,0.018432075157761574,0.023480813950300217,940.4528198242188,0.0,2.5408432483673096,3529151.0,0.04417342320084572,0.24361462891101837,0.18975158035755157,127.0,6.538135528564453,8.439146041870117,1.4124693870544434,0.0,9917.0,3529152.0,1314.0,0.007770627271384001,0.0,1.0,0.0014124293811619282,3484423.5,1044294.9375,1525.2264404296875,1068.0,0.0,708.0,4629.0,3529151.0,-3.389310836791992,-5.414006233215332,0.673357367515564,0.024157626554369926,170.0,2049.0,1.987839698791504,0.38154107332229614,0.0,6.872661590576172,0.25824758410453796,,,-0.0266012754291296,3470230.0,-0.007641670294106007,-4.3869673390872777e-05,1.0247373580932617,-0.00456379447132349,5697.0,0.0,3529152.0,186.77650451660156,192.0,0.041477639228105545,44.35268020629883,0.21609197556972504,1.5026988983154297,53.0,16384.0,0.06561926007270813,0.04390566796064377,0.20697200298309326,0.16402652859687805,0.054347824305295944,995.9386596679688,0.7942129969596863,0.919497549533844,1.4193822145462036,0.014282841235399246,-0.4147481918334961,0.1791018545627594,0.053466796875,0.2607474625110626,0.5817671418190002,0.0,0.001192773226648569,1.0,1.0,0.8481881618499756,0.0825551375746727,0.23670470714569092,0.30441880226135254,0.4481427073478699,0.3779408633708954,0.7966805100440979,0.5935553312301636,32.0,1.7625339031219482,1.0,-0.0007424629293382168,0.2745121717453003,0.9294582605361938,0.9130795001983643,0.6811243891716003,0.2025737762451172,0.18525168299674988,6.073990880395286e-05,1.0930361895589158e-05,0.9319037199020386,0.9404586553573608,0.7010794878005981,0.21330687403678894,0.20107930898666382,0.9317955374717712,0.9402693510055542,0.7012345194816589,0.21315284073352814,0.20117957890033722,73499,3.4720394611358643,,,,,,,,,,,,,0.18642833828926086,0.06369995325803757,0.0730825662612915,0.6093655228614807,0.23051714897155762,0.10649856179952621,0.0,0.08235099911689758,0.11955755949020386,0.3883368968963623,0.3059858977794647,0.18642833828926086
0.0191650390625,0.30844423174858093,0.0,0.0,0.0,0.5625,0.23156428337097168,3.9842262268066406,0.0,0.8638595938682556,0.07296666502952576,1.8125,28.909101486206055,0,-3.8567678928375244,0.6019765734672546,95.13954162597656,1.5167595148086548,0.9993370771408081,0.10000000149011612,0.4978986978530884,0.018460843712091446,0.023509185761213303,762.7735595703125,0.0,2.5408213138580322,3552988.0,0.044077690690755844,0.2420792281627655,0.19775356352329254,127.0,6.563559532165527,8.470611572265625,1.4124693870544434,1.0,9953.0,3552989.0,4973.0,0.027295080944895744,0.0,1.0,0.0014124293811619282,3508260.5,1051049.125,1363.0189208984375,1079.0,0.0,708.0,4647.0,3552988.0,-1.068471908569336,-3.803248167037964,0.6768384575843811,0.02398710511624813,149.0,2048.0,1.8502042293548584,0.35992178320884705,0.0,6.503553867340088,0.2871403396129608,,,-0.02971881814301014,3494079.0,-0.008561525493860245,-9.473966929363087e-05,1.0275354385375977,-0.007775049656629562,5726.0,0.0,3552989.0,141.68701171875,151.0,0.03249408304691315,77.2494125366211,0.21519751846790314,1.794858455657959,53.0,16384.0,0.06571849435567856,0.043865643441677094,0.21263952553272247,0.16802334785461426,0.043478261679410934,1007.1730346679688,0.791716456413269,0.9249696135520935,1.420211672782898,0.002677478827536106,-0.43338653445243835,0.17401011288166046,0.06298828125,0.25737035274505615,0.5689692497253418,0.0,0.0012282825773581862,1.0,1.0,0.7675666809082031,0.08122191578149796,0.22946298122406006,0.35177069902420044,0.4516497850418091,0.4363577663898468,0.8138326406478882,0.5933077335357666,32.0,1.8509736061096191,1.0,-0.0007833160925656557,0.2745588421821594,0.929456353187561,0.9127440452575684,0.6817305088043213,0.20208002626895905,0.18460187315940857,2.012556797126308e-05,5.454162965179421e-05,0.9318721294403076,0.9403083324432373,0.7013082504272461,0.213007852435112,0.2008756548166275,0.9318215847015381,0.9400296807289124,0.7018160223960876,0.21263474225997925,0.20036834478378296,73999,3.377441883087158,,,,,,,,,,,,,0.18596279621124268,0.06359898298978806,0.07175205647945404,0.6210635900497437,0.23277470469474792,0.10477292537689209,0.0,0.08131387829780579,0.12030091881752014,0.3875775933265686,0.3062637150287628,0.18596279621124268
0.01312255859375,0.3169388175010681,0.0,0.0,0.0,0.53125,0.22825925052165985,4.032629489898682,0.0,0.8616804480552673,0.07338988780975342,1.8046875,29.057838439941406,0,-3.8743374347686768,0.6086983680725098,119.94633483886719,1.5536136627197266,0.9993113875389099,0.10000000149011612,0.4979618489742279,0.018471095710992813,0.02351364679634571,946.1304321289062,0.0,2.539652109146118,3576994.0,0.04438633471727371,0.2438056468963623,0.2005363553762436,129.0,6.577683448791504,8.524590492248535,1.4124693870544434,0.0,9987.0,3576995.0,1076.0,0.005715955048799515,0.0,1.0,0.0014124293811619282,3532266.5,1060644.75,1520.7825927734375,1090.0,0.0,708.0,4657.0,3576994.0,-4.012277603149414,-5.607576847076416,0.680091142654419,0.039147958159446716,174.0,2048.0,1.7802226543426514,0.36928367614746094,0.0,6.763840675354004,0.29411402344703674,,,-0.028056640177965164,3518091.0,-0.008115233853459358,-3.1140945793595165e-05,1.0254604816436768,-0.004369854461401701,5747.0,0.0,3576995.0,173.70892333984375,182.0,0.03908095508813858,63.821617126464844,0.2147965133190155,1.6177129745483398,46.0,16384.0,0.06583855301141739,0.044184956699609756,0.20923809707164764,0.166853666305542,0.054347824305295944,1089.720458984375,0.7884758114814758,0.9220539331436157,1.420667052268982,0.006974788382649422,-0.42453277111053467,0.18713092803955078,0.05078125,0.24200129508972168,0.4569465219974518,0.0,0.0012425938621163368,1.0,1.0,0.7212624549865723,0.0760510265827179,0.2248666137456894,0.3632313013076782,0.48337337374687195,0.39231646060943604,0.8015724420547485,0.562729001045227,32.0,1.819872260093689,1.0,-0.0007850650581531227,0.27440547943115234,0.9294267296791077,0.9127146005630493,0.6818056702613831,0.20308387279510498,0.18536829948425293,0.00011395305773476139,2.225694333901629e-05,0.9318458437919617,0.9401993751525879,0.701443612575531,0.21315349638462067,0.20086964964866638,0.9317765235900879,0.9399911165237427,0.7017554044723511,0.2135954201221466,0.20101149380207062,74499,3.285496473312378,,,,,,,,,,,,,0.19144317507743835,0.06496576964855194,0.07480961084365845,0.6107326745986938,0.23299092054367065,0.10749497264623642,0.0,0.0836351215839386,0.12327885627746582,0.3983571529388428,0.3147220313549042,0.19144317507743835
0.0096435546875,0.32333046197891235,0.0,0.0,0.0,0.65625,0.22929471731185913,3.978461980819702,0.0,0.8626912236213684,0.07273860275745392,1.8125,29.135513305664062,0,-3.8909318447113037,0.6033012270927429,182.03762817382812,1.5442334413528442,0.9993234276771545,0.10000000149011612,0.4980381429195404,0.018511516973376274,0.02357020601630211,719.0908813476562,0.0,2.544740676879883,3600946.0,0.04481154680252075,0.24630384147167206,0.1974981278181076,129.0,6.594632625579834,8.535694122314453,1.4124693870544434,0.0,10028.0,3600947.0,375.0,0.0018907840130850673,0.0,1.0,0.0014124293811619282,3556218.5,1069521.125,1323.45458984375,1091.0,0.0,708.0,4669.0,3600946.0,-2.0165462493896484,-3.419192314147949,0.6833629012107849,0.042321234941482544,155.0,2048.0,1.8887828588485718,0.38812440633773804,0.0,6.450324058532715,0.3561899960041046,,,-0.02728930488228798,3542029.0,-0.007905690930783749,-1.6743415471864864e-05,1.0243719816207886,-0.004064665641635656,5760.0,0.0,3600947.0,135.99208068847656,145.0,0.03105590119957924,83.90775299072266,0.21424666047096252,1.8832595348358154,44.0,16383.0,0.06589852273464203,0.04422760754823685,0.20830979943275452,0.1632186472415924,0.04891304299235344,1065.9744873046875,0.7901055812835693,0.9166296720504761,1.4245744943618774,0.010743764229118824,-0.41954830288887024,0.17853127419948578,0.06005859375,0.2572285234928131,0.6196187734603882,0.0,0.001173669472336769,1.0,1.0,0.736968994140625,0.07033255696296692,0.230460062623024,0.26426753401756287,0.5153552293777466,0.32390400767326355,0.8516527414321899,0.5563870072364807,32.0,1.8068552017211914,1.0,-0.0010392983676865697,0.2743665874004364,0.9293336868286133,0.9128508567810059,0.6816055178642273,0.20358042418956757,0.18609271943569183,-0.00026467599673196673,1.7784341252991e-05,0.9318147897720337,0.9401739835739136,0.7016429901123047,0.21334916353225708,0.20099662244319916,0.931687593460083,0.9400995373725891,0.7015359401702881,0.21407541632652283,0.20173542201519012,74999,3.5335769653320312,,,,,,,,,,,,,0.18743896484375,0.06414979696273804,0.0738656297326088,0.6141195893287659,0.23564967513084412,0.10630770027637482,0.0,0.0825594961643219,0.1218654215335846,0.3918638825416565,0.3093043863773346,0.18743896484375
,,,,,,,,,,,,,0,,,,,,,,,,,,,,,,,,,,,,,,,,,,,,,,,,,,,,,,,,,,,,,,0.013175884261727333,0.130744069814682,,,,,,,,,,,,,,,,,,,,,,,,,,,,,,,,,,,,,,,,,,,,,,,,,,,,,,,,,,,,,,,,,,,74999,,0.8372513651847839,80.03175354003906,94.9537124633789,14.921961784362793,4.953348159790039,84.98509979248047,78.00537109375,82.87323760986328,95.67487335205078,5.821111679077148,102.26727294921875,96.4461669921875,,,,,,,,,,,,
0.01214599609375,0.32022857666015625,0.0,0.0,0.0,0.59375,0.23170098662376404,3.9853851795196533,0.0,0.8706933259963989,0.07284596562385559,1.828125,29.135601043701172,0,-3.907743453979492,0.6178702116012573,101.03968811035156,1.550392985343933,0.9993312954902649,0.10000000149011612,0.49803897738456726,0.0185313168913126,0.02360929548740387,967.45654296875,0.0,2.5440447330474854,3625018.0,0.04431288689374924,0.24325469136238098,0.20001226663589478,128.0,6.621469020843506,8.56496524810791,1.4124693870544434,0.0,10062.0,3625019.0,715.0,0.003402695758268237,0.0,1.0,0.0014124293811619282,3580290.5,1076456.5,1539.978271484375,1092.0,0.0,708.0,4688.0,3625018.0,-2.3361358642578125,-4.751928329467773,0.6870951056480408,0.030607927590608597,167.0,2048.0,1.9872329235076904,0.40399155020713806,0.0,6.707086086273193,0.27914416790008545,,,-0.027937153354287148,3566100.0,-0.00811867043375969,5.157769192010164e-05,1.0246822834014893,-0.003930297680199146,5780.0,0.0,3625019.0,179.17433166503906,194.0,0.04138225317001343,61.6219596862793,0.21339848637580872,1.592814564704895,46.0,16384.0,0.06581388413906097,0.044086091220378876,0.21125437319278717,0.165999636054039,0.05978260934352875,1170.5440673828125,0.7899182438850403,0.9121934175491333,1.4263980388641357,0.011800182983279228,-0.41775646805763245,0.18324711918830872,0.052001953125,0.28263652324676514,0.5371160507202148,0.0,0.0010570910526439548,1.0,1.0,0.8199253082275391,0.07359978556632996,0.21954487264156342,0.2666722536087036,0.4870326519012451,0.32119375467300415,0.8029440641403198,0.5741543173789978,32.0,1.8760077953338623,1.0,-0.0008514203946106136,0.27433955669403076,0.9293439984321594,0.9125188589096069,0.6810129284858704,0.2033059448003769,0.185791015625,1.1247039765294176e-05,-3.6532615922624245e-05,0.9317695498466492,0.9401123523712158,0.701438844203949,0.21361343562602997,0.20125961303710938,0.931696355342865,0.9398818016052246,0.7011192440986633,0.2139025628566742,0.20150242745876312,75499,3.5326366424560547,,,,,,,,,,,,,0.18423281610012054,0.06291302293539047,0.07125134766101837,0.6231712102890015,0.2382688820362091,0.10488885641098022,0.0,0.0834534764289856,0.12517894804477692,0.39286524057388306,0.30941176414489746,0.18423281610012054
0.0191650390625,0.32314005494117737,0.0,0.0,0.0,0.46875,0.23168019950389862,3.9683077335357666,0.0,0.8715435862541199,0.07322417944669724,1.8125,29.15117835998535,0,-3.925913095474243,0.5983647108078003,95.55084228515625,1.5324698686599731,0.9993267059326172,0.10000000149011612,0.4980233907699585,0.018560711294412613,0.023666583001613617,1049.9019775390625,0.0,2.5527641773223877,3649057.0,0.04460270702838898,0.24559421837329865,0.19035540521144867,128.0,6.632768154144287,8.593648910522461,1.4124693870544434,0.0,10086.0,3649058.0,1910.0,0.010282753966748714,0.0,1.0,0.0014124293811619282,3604329.5,1084996.875,1620.0784912109375,1102.0,0.0,708.0,4696.0,3649057.0,-3.664775848388672,-5.19054651260376,0.6904464364051819,0.028695128858089447,169.0,2049.0,2.0378289222717285,0.38982874155044556,0.0,6.7112603187561035,0.26416486501693726,,,-0.02711418643593788,3590146.0,-0.007911707274615765,0.0002030843315878883,1.0240051746368408,-0.003322692820802331,5798.0,0.0,3649058.0,188.5831756591797,210.0,0.0447189100086689,51.57101058959961,0.21298736333847046,1.5147448778152466,51.0,16384.0,0.06591638177633286,0.04447184130549431,0.2086109220981598,0.1654175966978073,0.05978260934352875,1078.3201904296875,0.7902396321296692,0.9181398153305054,1.4265342950820923,0.009791269898414612,-0.4248473048210144,0.17942796647548676,0.056884765625,0.2776831388473511,0.5945485234260559,0.0,0.0012403430882841349,1.0,1.0,0.8126184940338135,0.07375908643007278,0.22186686098575592,0.3016027808189392,0.4719123840332031,0.375605046749115,0.8412908315658569,0.5950272679328918,32.0,1.7954214811325073,1.0,-0.0007336160051636398,0.27448511123657227,0.9293909072875977,0.9124072194099426,0.6812678575515747,0.20294471085071564,0.18545231223106384,0.00011824656394310296,-1.2442024853953626e-05,0.9317470192909241,0.9399775862693787,0.7013593316078186,0.21376751363277435,0.20136131346225739,0.931715190410614,0.9398009777069092,0.701363205909729,0.21372006833553314,0.201275035738945,75999,3.301149368286133,,,,,,,,,,,,,0.18998867273330688,0.06412304937839508,0.07516160607337952,0.6123568415641785,0.2296314239501953,0.10699638724327087,0.0,0.0805976390838623,0.11932709813117981,0.389913409948349,0.3093157708644867,0.18998867273330688
0.009033203125,0.31108349561691284,0.0,0.0,0.0,0.625,0.22998590767383575,4.012505054473877,0.0,0.8657993078231812,0.0734672099351883,1.8125,29.075119018554688,0,-3.9434690475463867,0.5967015027999878,100.54522705078125,1.55817449092865,0.9993172287940979,0.10000000149011612,0.49799203872680664,0.01866411790251732,0.023771274834871292,1065.77197265625,0.0,2.5565602779388428,3673110.0,0.044966746121644974,0.2475864589214325,0.19221565127372742,127.0,6.651129722595215,8.596965789794922,1.4124693870544434,0.0,10118.0,3673111.0,3545.0,0.01897122897207737,0.0,1.0,0.0014124293811619282,3628382.5,1084822.5,1632.122802734375,1106.0,0.0,708.0,4709.0,3673110.0,-2.735179901123047,-4.468484401702881,0.6936092376708984,0.04397983476519585,164.0,2048.0,2.0402042865753174,0.4000050723552704,0.0,6.788401126861572,0.2544492483139038,,,-0.027566753327846527,3614195.0,-0.00806490983814001,0.0001274631795240566,1.0246155261993408,-0.003078028094023466,5815.0,0.0,3673111.0,201.18971252441406,220.0,0.04671904817223549,45.924232482910156,0.21236592531204224,1.4322373867034912,57.0,16384.0,0.06612510979175568,0.04428386688232422,0.2094624787569046,0.1649417132139206,0.043478261679410934,1019.1806030273438,0.7891213297843933,0.9197860956192017,1.4238466024398804,0.002700612647458911,-0.4270431101322174,0.18923205137252808,0.053466796875,0.34465914964675903,0.6147801876068115,0.0,0.0012797744711861014,1.0,1.0,0.865290641784668,0.07497736066579819,0.21498486399650574,0.3117222189903259,0.4554023742675781,0.4004756808280945,0.835643470287323,0.5910266637802124,32.0,1.888409972190857,1.0,-0.0009577785385772586,0.2744239568710327,0.9293116927146912,0.9120752215385437,0.6808843016624451,0.20304548740386963,0.18581849336624146,-0.00011007679131580517,-1.3938462871010415e-05,0.9317287802696228,0.9398889541625977,0.7013156414031982,0.2137317806482315,0.20138999819755554,0.9316404461860657,0.9395695924758911,0.7010782957077026,0.21381215751171112,0.20163576304912567,76499,3.5126078128814697,,,,,,,,,,,,,0.18763798475265503,0.06380009651184082,0.0731842964887619,0.6148777008056641,0.23684459924697876,0.10737239569425583,0.0,0.08552604913711548,0.12376737594604492,0.39693140983581543,0.31140536069869995,0.18763798475265503
0.016845703125,0.32984459400177,0.0,0.0,0.0,0.53125,0.2316250503063202,4.156861782073975,0.0,0.8668262362480164,0.07330789417028427,1.8046875,29.064664840698242,0,-3.9620041847229004,0.609491765499115,101.78779602050781,1.5187857151031494,0.9993164539337158,0.10000000149011612,0.4980481266975403,0.018649203702807426,0.023794347420334816,1067.022705078125,0.0,2.5563459396362305,3697367.0,0.04399828612804413,0.24321866035461426,0.19326390326023102,127.0,6.683615684509277,8.605870246887207,1.4124693870544434,0.0,10149.0,3697368.0,2622.0,0.014145739376544952,0.0,1.0,0.0014124293811619282,3652639.5,1090564.375,1628.3863525390625,1109.0,0.0,708.0,4732.0,3697367.0,-2.365915298461914,-3.80522084236145,0.6952966451644897,0.02327633649110794,164.0,2048.0,2.108039140701294,0.4002487063407898,0.0,6.868339538574219,0.27312397956848145,,,-0.02740507200360298,3638435.0,-0.008035936392843723,0.0003954030107706785,1.0247951745986938,-0.00343516212888062,5841.0,0.0,3697368.0,195.63092041015625,209.0,0.04416736960411072,48.161590576171875,0.2113468050956726,1.4373384714126587,44.0,16384.0,0.0660933181643486,0.04415076598525047,0.2110489457845688,0.1660793572664261,0.054347824305295944,1164.15380859375,0.7925617098808289,0.917335033416748,1.4231150150299072,-0.0019624466076493263,-0.42096129059791565,0.18493765592575073,0.057861328125,0.2654268741607666,0.5724852085113525,0.0,0.0013765295734629035,1.0,1.0,0.8128848075866699,0.07249746471643448,0.214161217212677,0.30894923210144043,0.43055614829063416,0.3776400685310364,0.7965878844261169,0.5976814031600952,32.0,1.7203106880187988,1.0,-0.0007464348454959691,0.27428361773490906,0.9293977618217468,0.9118966460227966,0.6811681389808655,0.20359216630458832,0.18634140491485596,2.7971596864517778e-05,-1.296328173339134e-05,0.9317057132720947,0.9397028088569641,0.701199471950531,0.21391770243644714,0.20161119103431702,0.931686282157898,0.9393589496612549,0.7011090517044067,0.21440379321575165,0.20216324925422668,76999,3.198781967163086,,,,,,,,,,,,,0.18983094394207,0.06356995552778244,0.07408840209245682,0.6092580556869507,0.23058530688285828,0.10713797807693481,0.0,0.08369633555412292,0.12215246260166168,0.3956797420978546,0.3119834065437317,0.18983094394207
0.0184326171875,0.3184290826320648,0.0,0.0,0.0,0.6875,0.23085792362689972,4.17141580581665,0.0,0.8730036616325378,0.07350566238164902,1.8203125,29.16061019897461,0,-3.9798195362091064,0.625130295753479,153.3690185546875,1.5393925905227661,0.9993321895599365,0.10000000149011612,0.49807411432266235,0.018685275688767433,0.023817187175154686,1074.1875,0.0,2.54853892326355,3721464.0,0.04433567449450493,0.2446724772453308,0.18619610369205475,125.0,6.7048020362854,8.594042778015137,1.4124693870544434,0.0,10173.0,3721465.0,2823.0,0.014293350279331207,0.0,1.0,0.0014124293811619282,3676736.5,1097884.125,1641.8125,1109.0,0.0,708.0,4747.0,3721464.0,-2.056772232055664,-4.133106708526611,0.6983120441436768,0.04571705684065819,169.0,2048.0,2.005873680114746,0.4068555533885956,0.0,6.734440326690674,0.24321910738945007,,,-0.027484146878123283,3662525.0,-0.00807467196136713,0.000491577957291156,1.0247961282730103,-0.003981105517596006,5856.0,0.0,3721465.0,202.56983947753906,224.0,0.047187697142362595,48.30183410644531,0.21068687736988068,1.4281105995178223,48.0,16384.0,0.06632094085216522,0.04436108097434044,0.20873117446899414,0.16580015420913696,0.054347824305295944,1108.947509765625,0.7897583246231079,0.9271418452262878,1.4250527620315552,0.013839530758559704,-0.4051554501056671,0.18996866047382355,0.046142578125,0.31851696968078613,0.5456077456474304,0.0,0.001312625128775835,1.0,1.0,0.8344295024871826,0.07326549291610718,0.2107885479927063,0.31868240237236023,0.4484177231788635,0.43909716606140137,0.7872477769851685,0.5920605063438416,32.0,1.847396731376648,1.0,-0.0007113777683116496,0.27445748448371887,0.9294291138648987,0.912061870098114,0.6814767122268677,0.20301127433776855,0.1859748363494873,0.00014203954197000712,1.7290160030825064e-05,0.9317253232002258,0.9396432042121887,0.7012780904769897,0.2139836996793747,0.20173199474811554,0.9317229390144348,0.9396118521690369,0.7015745043754578,0.21384796500205994,0.20176008343696594,77499,3.3858561515808105,,,,,,,,,,,,,0.18668973445892334,0.06285799294710159,0.07351420819759369,0.6168347597122192,0.23793795704841614,0.10716451704502106,0.0,0.08492004871368408,0.12530606985092163,0.39691585302352905,0.31199580430984497,0.18668973445892334
0.01904296875,0.34421855211257935,0.0,0.0,0.0,0.4375,0.23122826218605042,4.121162414550781,0.0,0.8709607720375061,0.07377959787845612,1.8125,29.046329498291016,0,-3.997626781463623,0.6096289157867432,111.81370544433594,1.5479562282562256,0.9993156790733337,0.10000000149011612,0.4979672431945801,0.018712814897298813,0.023861026391386986,1116.565185546875,0.0,2.5543928146362305,3745277.0,0.04515669122338295,0.24825558066368103,0.18762250244617462,123.0,6.723164081573486,8.555314064025879,1.4124693870544434,0.0,10202.0,3745278.0,2351.0,0.011396728456020355,0.0,1.0,0.0014124293811619282,3700549.5,1106889.25,1682.391357421875,1117.0,0.0,708.0,4760.0,3745277.0,-1.9236621856689453,-3.9077470302581787,0.7022261619567871,0.03444746881723404,175.0,2048.0,2.0397396087646484,0.39685314893722534,0.0,6.8883442878723145,0.24527990818023682,,,-0.026280662044882774,3686346.0,-0.0077416012063622475,0.000565320544410497,1.0234102010726929,-0.003430545562878251,5877.0,0.0,3745278.0,202.57757568359375,217.0,0.045588236302137375,45.357460021972656,0.2100982815027237,1.4129986763000488,46.0,16384.0,0.06647064536809921,0.04427783191204071,0.21049852669239044,0.16824175417423248,0.04891304299235344,985.3805541992188,0.7866496443748474,0.923047661781311,1.4256805181503296,0.00612761452794075,-0.42914673686027527,0.19017857313156128,0.052490234375,0.3193277418613434,0.5813025236129761,0.0,0.0012089409865438938,1.0,1.0,0.7684874534606934,0.07458890229463577,0.21849171817302704,0.38228464126586914,0.46106576919555664,0.473682701587677,0.8465578556060791,0.5950881242752075,31.999961853027344,1.824277400970459,1.0,-0.0009545684442855418,0.27435606718063354,0.9292409420013428,0.911449134349823,0.6808590292930603,0.20293021202087402,0.18596069514751434,-0.00020969331671949476,-2.327656329725869e-05,0.9316826462745667,0.9395003914833069,0.7012595534324646,0.21394383907318115,0.2018125206232071,0.9315624237060547,0.9390257000923157,0.7008395195007324,0.21380610764026642,0.2018297165632248,77999,3.3261637687683105,,,,,,,,,,,,,0.18831048905849457,0.06311347335577011,0.07395610213279724,0.6173667907714844,0.23915962874889374,0.1070956289768219,0.0,0.0854792594909668,0.127543643116951,0.40133339166641235,0.31585413217544556,0.18831048905849457
0.0164794921875,0.3091890513896942,0.0,0.0,0.0,0.53125,0.22945033013820648,4.0330705642700195,0.0,0.8615476489067078,0.07330197095870972,1.8203125,29.092580795288086,0,-4.015576362609863,0.5991345643997192,183.31918334960938,1.5669699907302856,0.9993267059326172,0.10000000149011612,0.4979361891746521,0.018717827275395393,0.023895209655165672,1028.3829345703125,0.0,2.559532642364502,3769409.0,0.0449463352560997,0.24819785356521606,0.1878669410943985,123.0,6.725988864898682,8.509321212768555,1.4124693870544434,0.0,10228.0,3769410.0,474.0,0.002386093372479081,0.0,1.0,0.0014124293811619282,3724681.5,1117488.875,1600.1915283203125,1137.0,0.0,708.0,4762.0,3769409.0,-4.262212753295898,-5.9170403480529785,0.705391526222229,0.03110683709383011,169.0,2049.0,1.864784598350525,0.37856826186180115,0.0,6.879339218139648,0.2556781768798828,,,-0.025486309081315994,3710491.0,-0.0075257522985339165,0.00022359077411238104,1.0217065811157227,-0.003596177091822028,5899.0,0.0,3769410.0,192.31227111816406,207.0,0.043469130992889404,44.948036193847656,0.21015408635139465,1.4686074256896973,47.0,16384.0,0.06644774973392487,0.044524483382701874,0.20745278894901276,0.16416513919830322,0.04891304299235344,1085.240966796875,0.7867099642753601,0.910489022731781,1.4270539283752441,0.002529360819607973,-0.4109559655189514,0.1782601773738861,0.047119140625,0.2732045352458954,0.5447291135787964,0.0,0.0012845286400988698,1.0,1.0,0.8172149658203125,0.07584821432828903,0.22199752926826477,0.3058502674102783,0.4621506929397583,0.36496978998184204,0.8007990717887878,0.5944164991378784,32.0,1.8158822059631348,1.0,-0.0007493467419408262,0.27436596155166626,0.9292241334915161,0.9116583466529846,0.6809982657432556,0.20296868681907654,0.18592216074466705,6.851118814665824e-05,-1.10411383502651e-05,0.9316417574882507,0.9393690824508667,0.7011548280715942,0.21385635435581207,0.2017669677734375,0.9315422177314758,0.9392276406288147,0.7011222243309021,0.21372456848621368,0.20167766511440277,78499,3.5546674728393555,,,,,,,,,,,,,0.18592429161071777,0.06269259750843048,0.07280342280864716,0.6166388988494873,0.2422424852848053,0.10689209401607513,0.0,0.08634459972381592,0.1274968385696411,0.3997657299041748,0.3134211301803589,0.18592429161071777
0.01544189453125,0.33729231357574463,0.0,0.0,0.0,0.625,0.2321501523256302,4.059741973876953,0.0,0.8627687692642212,0.07408369332551956,1.8203125,29.21852684020996,0,-4.033139228820801,0.6078099012374878,209.5941162109375,1.5815309286117554,0.9993442296981812,0.10000000149011612,0.49789318442344666,0.018742524087429047,0.023936832323670387,1019.20751953125,0.0,2.563781499862671,3793303.0,0.04481671750545502,0.2460692822933197,0.18326520919799805,122.0,6.752824783325195,8.570511817932129,1.4124693870544434,0.0,10270.0,3793304.0,277.0,0.0012535388814285398,0.0,1.0,0.0014124293811619282,3748575.5,1125270.5,1594.4906005859375,1139.0,0.0,708.0,4781.0,3793303.0,-3.485403060913086,-5.210934638977051,0.7086344957351685,0.036631759256124496,169.0,2048.0,2.0565237998962402,0.41007933020591736,0.0,6.726407051086426,0.2709927558898926,,,-0.02600991353392601,3734388.0,-0.007701554801315069,6.597673200303689e-05,1.0211836099624634,-0.004643946420401335,5920.0,0.0,3793304.0,193.1236114501953,212.0,0.04434218630194664,44.20412826538086,0.20932286977767944,1.4582816362380981,53.0,16384.0,0.06660836935043335,0.04460727423429489,0.2090911865234375,0.1668238639831543,0.04891304299235344,1064.2564697265625,0.7852796316146851,0.9158143997192383,1.429195523262024,0.007717526517808437,-0.41267138719558716,0.17321820557117462,0.053955078125,0.3279648721218109,0.5557414889335632,0.0,0.0011694798013195395,1.0,1.0,0.8012924194335938,0.07563693821430206,0.2174067199230194,0.32947275042533875,0.4596863090991974,0.45382899045944214,0.8107433319091797,0.5935214757919312,32.0,2.036515474319458,1.0,-0.0008578397682867944,0.2744358777999878,0.9291213154792786,0.9114304184913635,0.6809797286987305,0.20279371738433838,0.18589544296264648,-4.862624700763263e-05,-1.0226566701021511e-05,0.9315881729125977,0.9392749071121216,0.7011107802391052,0.21371707320213318,0.20167668163776398,0.9314554929733276,0.9390320181846619,0.7009676694869995,0.21367251873016357,0.20172907412052155,78999,3.459975004196167,,,,,,,,,,,,,0.188301682472229,0.06294552981853485,0.07315351068973541,0.6191000938415527,0.24241648614406586,0.10694494843482971,0.0,0.08639582991600037,0.12999677658081055,0.4046942889690399,0.31829845905303955,0.188301682472229
0.0208740234375,0.3173214793205261,0.0,0.0,0.0,0.625,0.2279338538646698,4.076625347137451,0.0,0.86888587474823,0.07369403541088104,1.8046875,29.060922622680664,0,-4.050577163696289,0.6012704968452454,177.0299835205078,1.5566396713256836,0.9993058443069458,0.10000000149011612,0.49783533811569214,0.018767470493912697,0.023993462324142456,925.5777587890625,0.0,2.561281681060791,3817368.0,0.0447721965610981,0.2446177750825882,0.18782255053520203,122.0,6.768361568450928,8.578287124633789,1.4124693870544434,0.0,10307.0,3817369.0,2807.0,0.014215359464287758,0.0,1.0,0.0014124293811619282,3772640.5,1134072.375,1509.6444091796875,1144.0,0.0,708.0,4792.0,3817368.0,-2.086343765258789,-4.693182945251465,0.7108690142631531,0.05623692274093628,166.0,2048.0,2.009268283843994,0.39829689264297485,0.0,6.681704998016357,0.24313579499721527,,,-0.026821227744221687,3758450.0,-0.00795732531696558,0.0003419400309212506,1.020922303199768,-0.004423638805747032,5936.0,0.0,3817369.0,177.25550842285156,193.0,0.0402754582464695,57.071754455566406,0.2086903303861618,1.5280399322509766,45.0,16384.0,0.06658341735601425,0.044471509754657745,0.2070867419242859,0.16410690546035767,0.054347824305295944,1122.4945068359375,0.7844455242156982,0.9159936308860779,1.43155837059021,0.0026926863938570023,-0.41951918601989746,0.1778615415096283,0.05224609375,0.30091819167137146,0.5400667786598206,0.0,0.0010976536432281137,1.0,1.0,0.7031655311584473,0.06776602566242218,0.2188204526901245,0.38468390703201294,0.48080921173095703,0.49065670371055603,0.8183733224868774,0.5815410614013672,32.0,1.833659052848816,1.0,-0.0007822318584658206,0.27461159229278564,0.9291576147079468,0.9113999605178833,0.6818202137947083,0.20217634737491608,0.1850551813840866,4.794645428773947e-05,5.4877902584848925e-05,0.9315444827079773,0.9391915798187256,0.7013412714004517,0.21364042162895203,0.20157253742218018,0.931481122970581,0.9390724301338196,0.7018805146217346,0.21315021812915802,0.20096983015537262,79499,3.143014430999756,,,,,,,,,,,,,0.19128066301345825,0.0638914406299591,0.076313316822052,0.6015633344650269,0.23462654650211334,0.10956791043281555,0.0,0.08705565333366394,0.12509536743164062,0.4034316837787628,0.3163760304450989,0.19128066301345825
0.00836181640625,0.321134477853775,0.0,0.0,0.0,0.375,0.23159871995449066,4.090953826904297,0.0,0.8754963874816895,0.07369545847177505,1.828125,29.20505142211914,0,-4.068094730377197,0.6056294441223145,174.34542846679688,1.5615434646606445,0.9993383884429932,0.10000000149011612,0.4978836178779602,0.018834887072443962,0.024076541885733604,903.0625,0.0,2.5687389373779297,3841321.0,0.04490286856889725,0.2455713152885437,0.18636533617973328,122.0,6.790960311889648,8.599287986755371,1.4124693870544434,0.0,10347.0,3841322.0,1744.0,0.008076008409261703,0.0,1.0,0.0014124293811619282,3796593.5,1141325.125,1491.9166259765625,1149.0,0.0,708.0,4808.0,3841321.0,-2.0359249114990234,-3.771061420440674,0.7130725979804993,0.031922101974487305,158.0,2048.0,2.009507179260254,0.39965400099754333,0.0,6.54287052154541,0.22326718270778656,,,-0.02684999257326126,3782405.0,-0.007974625565111637,0.00018914190877694637,1.0212295055389404,-0.004735562484711409,5957.0,0.0,3841322.0,167.41787719726562,185.0,0.03847753629088402,65.46331787109375,0.20800893008708954,1.6133761405944824,48.0,16384.0,0.06673279404640198,0.044318780303001404,0.20956109464168549,0.16575482487678528,0.054347824305295944,1032.122802734375,0.779158890247345,0.917422890663147,1.4296150207519531,0.012160592712461948,-0.4132569134235382,0.1644589751958847,0.051513671875,0.25665557384490967,0.612936794757843,0.0,0.0012305612908676267,1.0,1.0,0.8909165859222412,0.07706405222415924,0.22099655866622925,0.29264312982559204,0.4672093391418457,0.3855968117713928,0.8384348750114441,0.5770512223243713,32.0,1.8123010396957397,1.0,-0.0007768708164803684,0.2743852138519287,0.9291770458221436,0.9112911820411682,0.6813257336616516,0.20336630940437317,0.18555274605751038,-1.590830106579233e-05,6.457245490310015e-06,0.9315279722213745,0.9391250014305115,0.7013923525810242,0.2136053591966629,0.20139256119728088,0.9314805269241333,0.9390012621879578,0.7014330625534058,0.21422094106674194,0.20145593583583832,79999,3.380082607269287,,,,,,,,,,,,,0.18389752507209778,0.06209240108728409,0.07256776094436646,0.6168107986450195,0.24346137046813965,0.1069984883069992,0.0,0.0879281759262085,0.1295137107372284,0.40133941173553467,0.31341123580932617,0.18389752507209778
0.0152587890625,0.3123389482498169,0.0,0.0,0.0,0.78125,0.2305862009525299,4.259490966796875,0.0,0.8633622527122498,0.07306254655122757,1.8203125,29.175384521484375,0,-4.085387229919434,0.6142785549163818,274.871826171875,1.5649043321609497,0.9993295073509216,0.10000000149011612,0.49792391061782837,0.018841324374079704,0.02407139539718628,959.5101928710938,0.0,2.5675759315490723,3865296.0,0.044159021228551865,0.24244651198387146,0.18272171914577484,122.0,6.81779670715332,8.633140563964844,1.4124693870544434,0.0,10386.0,3865297.0,545.0,0.0026922933757305145,0.0,1.0,0.0014124293811619282,3820568.5,1148000.5,1542.1224365234375,1151.0,0.0,708.0,4827.0,3865296.0,-1.4059734344482422,-3.1594834327697754,0.7158201336860657,0.06103714928030968,165.0,2049.0,2.193934917449951,0.4095610976219177,0.0,6.473362922668457,0.2395520955324173,,,-0.027572501450777054,3806373.0,-0.008204820565879345,0.0005681763286702335,1.0211966037750244,-0.0053210267797112465,5978.0,0.0,3865297.0,178.88160705566406,190.0,0.039361923933029175,55.025245666503906,0.20725113153457642,1.515433669090271,49.0,16384.0,0.06693682819604874,0.04455268383026123,0.20730474591255188,0.16137172281742096,0.04891304299235344,1115.626708984375,0.7780572772026062,0.9147207140922546,1.4319570064544678,0.006699930876493454,-0.41983726620674133,0.15984953939914703,0.06689453125,0.24735860526561737,0.5970582365989685,0.0,0.0010775766568258405,1.0,1.0,0.750648021697998,0.06947288662195206,0.22224818170070648,0.29253560304641724,0.41974446177482605,0.35476377606391907,0.8160161972045898,0.6149622201919556,32.0,1.9613783359527588,1.0,-0.000741005118470639,0.2743573784828186,0.9292685985565186,0.9114559888839722,0.681136965751648,0.20361578464508057,0.1857621818780899,7.56487570470199e-05,-2.6289167180948425e-06,0.9315399527549744,0.9391645789146423,0.701381504535675,0.2139725536108017,0.2015654742717743,0.9315621256828308,0.9391974210739136,0.7014305591583252,0.21421661972999573,0.2015708088874817,80499,3.5643067359924316,,,,,,,,,,,,,0.182861328125,0.0620071105659008,0.07173139601945877,0.619618833065033,0.2504957914352417,0.10850869119167328,0.0,0.08898985385894775,0.13253355026245117,0.4043847322463989,0.31539487838745117,0.182861328125
0.0115966796875,0.28336983919143677,0.0,0.0,0.0,0.53125,0.22807791829109192,4.0800299644470215,0.0,0.8699299097061157,0.07378910481929779,1.8203125,29.294544219970703,0,-4.102605819702148,0.6050879955291748,120.8387222290039,1.547597885131836,0.9993201494216919,0.10000000149011612,0.49797695875167847,0.018862102180719376,0.024109074845910072,953.0612182617188,0.0,2.5676472187042236,3889223.0,0.04483085498213768,0.24611850082874298,0.18120814859867096,122.0,6.833333492279053,8.661505699157715,1.4124693870544434,0.0,10421.0,3889224.0,424.0,0.001953274477273226,0.0,1.0,0.0014124293811619282,3844495.5,1157974.375,1539.591796875,1151.0,0.0,708.0,4838.0,3889223.0,-3.297578811645508,-4.738468170166016,0.7185437083244324,0.0494726300239563,163.0,2048.0,2.0208816528320312,0.40126991271972656,0.0,6.554990768432617,0.2287829965353012,,,-0.027336951345205307,3830289.0,-0.008167427964508533,0.00028265343280509114,1.0211840867996216,-0.004211668856441975,5989.0,0.0,3889224.0,182.56967163085938,196.0,0.04051261022686958,50.572391510009766,0.2068070024251938,1.4800995588302612,49.0,16384.0,0.06690596044063568,0.04410981014370918,0.2098461091518402,0.16551324725151062,0.04891304299235344,1156.7889404296875,0.7752473950386047,0.9148290753364563,1.4287655353546143,0.0052165077067911625,-0.4321540892124176,0.18861745297908783,0.044677734375,0.2711864411830902,0.5413393974304199,0.0,0.0013339619617909193,1.0,1.0,0.7437925338745117,0.06233779340982437,0.223603755235672,0.3759119510650635,0.48939400911331177,0.4299408495426178,0.8234685659408569,0.5770958662033081,32.0,1.8264803886413574,1.0,-0.0007429771358147264,0.27423444390296936,0.9291853904724121,0.9109879732131958,0.6813193559646606,0.2040964514017105,0.18601375818252563,3.8357378798536956e-05,8.648315088066738e-06,0.9315406084060669,0.9390676617622375,0.7014604210853577,0.2140708565711975,0.2014802098274231,0.9314810633659363,0.9387325644493103,0.70157390832901,0.214689239859581,0.2017042338848114,80999,3.4506359100341797,,,,,,,,,,,,,0.19075866043567657,0.06402260065078735,0.07352341711521149,0.6208581328392029,0.25139307975769043,0.10920687019824982,0.0,0.09238138794898987,0.13827349245548248,0.4214135408401489,0.32903215289115906,0.19075866043567657
0.0179443359375,0.3328736424446106,0.0,0.0,0.0,0.625,0.22866332530975342,4.218267440795898,0.0,0.8727763891220093,0.0738961398601532,1.8203125,29.29450225830078,0,-4.119523048400879,0.6114338040351868,167.76303100585938,1.5893315076828003,0.999333918094635,0.10000000149011612,0.49806174635887146,0.0189074594527483,0.024165479466319084,935.2941284179688,0.0,2.5720865726470947,3913187.0,0.04487265273928642,0.24532340466976166,0.1810489445924759,122.0,6.837570667266846,8.662158012390137,1.4124693870544434,0.0,10459.0,3913188.0,214.0,0.0009702032548375428,0.0,1.0,0.0014124293811619282,3868459.5,1167115.625,1522.0784912109375,1162.0,0.0,708.0,4841.0,3913187.0,-4.229917526245117,-6.461608409881592,0.7216598391532898,0.04615117236971855,166.0,2049.0,2.2143499851226807,0.4234423041343689,0.0,6.437357425689697,0.21895936131477356,,,-0.02648102305829525,3854251.0,-0.007930392399430275,0.0003822855942416936,1.02106773853302,-0.004226879216730595,6003.0,0.0,3913188.0,182.61398315429688,194.0,0.040074363350868225,46.539093017578125,0.20667211711406708,1.470246434211731,51.0,16384.0,0.067097507417202,0.044366102665662766,0.20706769824028015,0.16337020695209503,0.05978260934352875,1233.343994140625,0.7677977085113525,0.9152407050132751,1.4299687147140503,0.011078826151788235,-0.41914212703704834,0.16712069511413574,0.05517578125,0.2726709246635437,0.637471616268158,0.0,0.0011113998480141163,1.0,1.0,0.8085336685180664,0.07560762763023376,0.21574686467647552,0.31962519884109497,0.49170395731925964,0.4106878936290741,0.8396708369255066,0.5891401767730713,32.0,1.7896043062210083,1.0,-0.0008332371944561601,0.2742040753364563,0.9291107058525085,0.910823404788971,0.6812343001365662,0.20455209910869598,0.18665656447410583,-1.2655437785724644e-05,1.1305808584438637e-05,0.9315071105957031,0.9389128684997559,0.7014358043670654,0.2144896537065506,0.2017771452665329,0.9314117431640625,0.93863445520401,0.701524019241333,0.21516647934913635,0.20239107310771942,81499,3.293874740600586,,,,,,,,,,,,,0.18605640530586243,0.062108710408210754,0.07270395010709763,0.6079914569854736,0.24682730436325073,0.10861938446760178,0.0,0.09493297338485718,0.13455131649971008,0.4155406951904297,0.3206077218055725,0.18605640530586243
0.0181884765625,0.32000547647476196,0.0,0.0,0.0,0.59375,0.23288719356060028,4.172576904296875,0.0,0.8697564601898193,0.07348337769508362,1.828125,29.328622817993164,0,-4.136781215667725,0.6025915741920471,241.96530151367188,1.5697495937347412,0.9993093013763428,0.10000000149011612,0.4980386197566986,0.018945910036563873,0.02420930378139019,862.4400024414062,0.0,2.5811846256256104,3937282.0,0.04550876095890999,0.24739417433738708,0.1817791610956192,122.0,6.862994194030762,8.677444458007812,1.4124693870544434,0.0,10499.0,3937283.0,661.0,0.00328933447599411,0.0,1.0,0.0014124293811619282,3892554.5,1175777.875,1457.9200439453125,1168.0,0.0,708.0,4859.0,3937282.0,-2.879955291748047,-4.37298583984375,0.723666250705719,0.053545739501714706,166.0,2049.0,2.121924877166748,0.43985265493392944,0.0,6.248575687408447,0.22594162821769714,,,-0.026070311665534973,3878339.0,-0.00782549474388361,0.00019788295321632177,1.0209808349609375,-0.005802689120173454,6027.0,0.0,3937283.0,165.85169982910156,177.0,0.036427248269319534,52.88959503173828,0.2058662623167038,1.5628589391708374,50.0,16384.0,0.06714260578155518,0.04423081874847412,0.20886604487895966,0.16506783664226532,0.054347824305295944,1019.1949462890625,0.7665482759475708,0.9130464196205139,1.4330195188522339,0.007474690210074186,-0.4185656011104584,0.18419428169727325,0.045166015625,0.2589010000228882,0.4998970925807953,0.0,0.0011493030469864607,1.0,1.0,0.8067765235900879,0.07655572891235352,0.22837205231189728,0.2781921923160553,0.3920530676841736,0.3390766382217407,0.8003097772598267,0.6243709325790405,31.999956130981445,1.835909366607666,1.0,-0.0007543055107817054,0.27424299716949463,0.9291326999664307,0.9108554720878601,0.681550920009613,0.20345395803451538,0.18605618178844452,5.054778011981398e-05,1.9506902390276082e-05,0.9314776062965393,0.9388093948364258,0.7015864849090576,0.21451213955879211,0.20185938477516174,0.9314327836036682,0.9386777877807617,0.7018129825592041,0.21411481499671936,0.20183637738227844,81999,3.238731622695923,,,,,,,,,,,,,0.18637017905712128,0.06234841048717499,0.07331497967243195,0.6142735481262207,0.2495334893465042,0.10877083986997604,0.0,0.09246966242790222,0.1351434737443924,0.4139833152294159,0.32151365280151367,0.18637017905712128
0.0140380859375,0.3104494512081146,0.0,0.0,0.0,0.65625,0.22832192480564117,4.067686557769775,0.0,0.8698092103004456,0.07317283749580383,1.8359375,29.306081771850586,0,-4.153555393218994,0.6027648448944092,197.23104858398438,1.5825648307800293,0.9993245005607605,0.10000000149011612,0.49807894229888916,0.01897267811000347,0.024231240153312683,873.0908813476562,0.0,2.5809478759765625,3961270.0,0.046039555221796036,0.24998006224632263,0.1853550672531128,122.0,6.882768154144287,8.679527282714844,1.4124693870544434,0.0,10551.0,3961271.0,337.0,0.0015293892938643694,0.0,1.0,0.0014124293811619282,3916542.5,1185347.5,1466.772705078125,1175.0,0.0,708.0,4873.0,3961270.0,-2.790403366088867,-4.509823799133301,0.7263008952140808,0.05516492575407028,159.0,2048.0,2.0389723777770996,0.40564966201782227,0.0,6.244694232940674,0.2192799150943756,,,-0.027294395491480827,3902333.0,-0.008221094496548176,0.000545310671441257,1.021227240562439,-0.005116563756018877,6048.0,0.0,3961271.0,166.7169952392578,176.0,0.03611738234758377,46.68986511230469,0.20533519983291626,1.5275592803955078,44.0,16384.0,0.06714104861021042,0.044191159307956696,0.20817042887210846,0.16314910352230072,0.054347824305295944,1043.0457763671875,0.7681576609611511,0.9046143293380737,1.4280363321304321,0.012914679013192654,-0.4238332509994507,0.18227991461753845,0.05126953125,0.2550790011882782,0.5173404216766357,0.0,0.0011982740834355354,1.0,1.0,0.7721982002258301,0.09116816520690918,0.22249136865139008,0.36891329288482666,0.4452834725379944,0.42753154039382935,0.746803879737854,0.5901898145675659,32.0,2.0284347534179688,1.0,-0.0008322321809828281,0.2740391492843628,0.9290618300437927,0.9104425311088562,0.6814789772033691,0.20437628030776978,0.18665769696235657,-8.493489440297708e-05,3.1968477287591668e-06,0.9314639568328857,0.9386815428733826,0.7016306519508362,0.21455365419387817,0.20198610424995422,0.9313758015632629,0.9382998943328857,0.701573371887207,0.2151290476322174,0.20245680212974548,82499,3.503382682800293,,,,,,,,,,,,,0.18464601039886475,0.06209365278482437,0.07122346758842468,0.6169431209564209,0.25285595655441284,0.107866570353508,0.0,0.09512513875961304,0.13761717081069946,0.41738831996917725,0.3222631812095642,0.18464601039886475
0.0103759765625,0.33454298973083496,0.0,0.0,0.0,0.65625,0.22795525193214417,4.178840637207031,0.0,0.8701799511909485,0.07385379076004028,1.8359375,29.398164749145508,0,-4.170490264892578,0.6231409311294556,261.67999267578125,1.5994935035705566,0.9993318319320679,0.10000000149011612,0.49805378913879395,0.01896335929632187,0.024245047941803932,838.8695678710938,0.0,2.583566188812256,3985327.0,0.04529426246881485,0.24639926850795746,0.18475471436977386,122.0,6.896892547607422,8.664864540100098,1.4124693870544434,0.0,10581.0,3985328.0,710.0,0.0032427457626909018,0.0,1.0,0.0014124293811619282,3940599.5,1194177.375,1437.3260498046875,1196.0,0.0,708.0,4883.0,3985327.0,-1.5389633178710938,-4.652339458465576,0.7288126945495605,0.04376213252544403,162.0,2050.0,2.000882148742676,0.40567630529403687,0.0,6.075085639953613,0.21601614356040955,,,-0.02709335833787918,3926406.0,-0.008179227821528912,0.0006610093405470252,1.0209074020385742,-0.005911047570407391,6079.0,0.0,3985328.0,165.5799560546875,182.0,0.037272170186042786,51.404579162597656,0.20494309067726135,1.5802260637283325,46.0,16384.0,0.0673053041100502,0.04440309479832649,0.20751750469207764,0.16396667063236237,0.054347824305295944,1172.9439697265625,0.7677454948425293,0.9104301333427429,1.4311491250991821,0.007434953935444355,-0.4215673804283142,0.1691967099905014,0.0400390625,0.26991602778434753,0.5482285618782043,0.0,0.0011494955979287624,1.0,1.0,0.7658417224884033,0.07747409492731094,0.22475673258304596,0.34179505705833435,0.4559103846549988,0.4226684868335724,0.8117139935493469,0.5881016850471497,32.0,1.897167682647705,1.0,-0.0008350974530912936,0.27405649423599243,0.9289141297340393,0.9102442264556885,0.6816242933273315,0.20416457951068878,0.18642012774944305,-9.9479557320592e-06,4.27654731538496e-06,0.9314090013504028,0.9385035634040833,0.7016406655311584,0.21475714445114136,0.20216582715511322,0.9312361478805542,0.9381055235862732,0.7016672492027283,0.2148991823196411,0.20224322378635406,82999,3.321908950805664,,,,,,,,,,,,,0.18853341042995453,0.06239829584956169,0.0737026184797287,0.6119240522384644,0.25184324383735657,0.10976491123437881,0.0,0.09409958124160767,0.1384304314851761,0.4210634231567383,0.3269638419151306,0.18853341042995453
0.017578125,0.3193913400173187,0.0,0.0,0.0,0.625,0.22887246310710907,4.195484638214111,0.0,0.8775296807289124,0.0738837867975235,1.828125,29.413616180419922,0,-4.187524318695068,0.6219820380210876,168.03021240234375,1.5908523797988892,0.9993336200714111,0.10000000149011612,0.4980231523513794,0.019020918756723404,0.024302653968334198,891.4905395507812,0.0,2.5807180404663086,4009393.0,0.045476458966732025,0.24806180596351624,0.1856509894132614,124.0,6.8983049392700195,8.684203147888184,1.4124693870544434,0.0,10606.0,4009394.0,639.0,0.0028871395625174046,0.0,1.0,0.0014124293811619282,3964665.5,1207370.125,1481.547119140625,1208.0,0.0,708.0,4884.0,4009393.0,-2.086454391479492,-4.199999809265137,0.7302584052085876,0.04008219763636589,163.0,2050.0,2.1602048873901367,0.40919584035873413,0.0,6.130427360534668,0.21553289890289307,,,-0.0253285001963377,3950462.0,-0.007672599516808987,0.0004869234107900411,1.0203371047973633,-0.003953506238758564,6092.0,0.0,4009394.0,171.37222290039062,187.0,0.038288287818431854,46.31022644042969,0.2048090696334839,1.5329923629760742,53.0,16384.0,0.06733426451683044,0.044263795018196106,0.2069406360387802,0.16531193256378174,0.04891304299235344,1065.7769775390625,0.769376277923584,0.9084168076515198,1.4286319017410278,0.008240987546741962,-0.4199795126914978,0.1773136705160141,0.05859375,0.26310402154922485,0.671990156173706,0.0,0.0011855110060423613,1.0,1.0,0.7685213088989258,0.06796514242887497,0.2140021026134491,0.32200369238853455,0.4705943763256073,0.37510374188423157,0.861397385597229,0.6079782247543335,32.0,1.9321743249893188,1.0,-0.0009230398572981358,0.27399271726608276,0.9289513826370239,0.9102591872215271,0.6808996796607971,0.20449469983577728,0.18642780184745789,-3.421670407988131e-05,-2.951272290374618e-05,0.9313492774963379,0.9383589625358582,0.7015587687492371,0.21482375264167786,0.20216886699199677,0.9312584400177002,0.9381259083747864,0.7012581825256348,0.21504446864128113,0.20215649902820587,83499,3.5455844402313232,,,,,,,,,,,,,0.18532836437225342,0.06159026920795441,0.07277883589267731,0.6229556798934937,0.25789526104927063,0.10915732383728027,0.0,0.09343579411506653,0.14148327708244324,0.4202474355697632,0.32681164145469666,0.18532836437225342
0.01300048828125,0.3428144156932831,0.0,0.0,0.0,0.625,0.22797702252864838,4.223936557769775,0.0,0.8758475184440613,0.07368060201406479,1.8359375,29.410602569580078,0,-4.204670429229736,0.6219087839126587,257.6005859375,1.5924924612045288,0.9993498921394348,0.10000000149011612,0.4980274438858032,0.01908612623810768,0.024364545941352844,898.10205078125,0.0,2.5923070907592773,4033476.0,0.04504073038697243,0.24530453979969025,0.18437354266643524,127.0,6.903954982757568,8.738497734069824,1.4124693870544434,0.0,10637.0,4033477.0,1296.0,0.0060212500393390656,0.0,1.0,0.0014124293811619282,3988748.5,1218645.125,1487.8775634765625,1221.0,0.0,708.0,4888.0,4033476.0,-1.7507266998291016,-3.5787558555603027,0.7319348454475403,0.06586166471242905,163.0,2049.0,2.1241977214813232,0.4405704438686371,0.0,6.093976020812988,0.21490778028964996,,,-0.02526802569627762,3974554.0,-0.007669109385460615,0.00048499679542146623,1.0207771062850952,-0.004193845205008984,6109.0,0.0,4033477.0,174.73606872558594,196.0,0.04009820148348808,42.78983688354492,0.20461758971214294,1.5202302932739258,49.0,16384.0,0.06766610592603683,0.04430438205599785,0.20702674984931946,0.16413256525993347,0.04891304299235344,1029.7086181640625,0.7675613164901733,0.9063243865966797,1.4330239295959473,-0.0022475405130535364,-0.41493767499923706,0.18113236129283905,0.04296875,0.27782323956489563,0.67103111743927,0.0,0.0010430794209241867,1.0,1.0,0.801018238067627,0.06885189563035965,0.21465708315372467,0.2923091650009155,0.41748079657554626,0.3503241539001465,0.836085319519043,0.6174187660217285,32.0,1.9304322004318237,1.0,-0.0005144687602296472,0.2740781605243683,0.9289431571960449,0.9099152684211731,0.6817882657051086,0.20400360226631165,0.1861920803785324,0.0002608263457659632,3.0276136385509744e-05,0.9313182830810547,0.9382096529006958,0.701596736907959,0.21481290459632874,0.2021171897649765,0.9312479496002197,0.9378544092178345,0.7021284699440002,0.21459776163101196,0.20201346278190613,83999,3.5894036293029785,,,,,,,,,,,,,0.1829727590084076,0.06118341162800789,0.0713002160191536,0.6226999759674072,0.25775620341300964,0.10814647376537323,0.0,0.09375026822090149,0.1400921642780304,0.4168151915073395,0.323064923286438,0.1829727590084076
0.0096435546875,0.3154183626174927,0.0,0.0,0.0,0.65625,0.22968366742134094,4.148487091064453,0.0,0.8676772713661194,0.07391728460788727,1.8359375,29.395769119262695,0,-4.221679210662842,0.6131199598312378,183.40220642089844,1.62037992477417,0.9993137717247009,0.10000000149011612,0.4980352520942688,0.019091906026005745,0.02437365986406803,899.022705078125,0.0,2.597565174102783,4057500.0,0.0447881817817688,0.24511514604091644,0.18309403955936432,127.0,6.91525411605835,8.728087425231934,1.4124693870544434,0.0,10658.0,4057501.0,1729.0,0.008885459043085575,0.0,1.0,0.0014124293811619282,4012772.5,1228994.75,1490.5682373046875,1234.0,0.0,708.0,4896.0,4057500.0,-3.165445327758789,-4.35068416595459,0.7352253794670105,0.06363295763731003,176.0,2049.0,1.9384737014770508,0.4293709397315979,0.0,6.044449806213379,0.23083330690860748,,,-0.025603756308555603,3998590.0,-0.0077876318246126175,0.0005544344894587994,1.0210084915161133,-0.004766690079122782,6130.0,0.0,4057501.0,177.67617797851562,186.0,0.03799019753932953,36.764076232910156,0.20426549017429352,1.4646046161651611,44.0,16384.0,0.06766680628061295,0.044256798923015594,0.20851999521255493,0.1662655472755432,0.05978260934352875,1124.250244140625,0.766009509563446,0.9069976806640625,1.4322432279586792,0.001080109504982829,-0.42319247126579285,0.1764131486415863,0.033935546875,0.2728758156299591,0.5504493713378906,0.0,0.0013888546964153647,1.0,1.0,0.7332463264465332,0.07853032648563385,0.21426577866077423,0.2748640179634094,0.44831937551498413,0.3245433568954468,0.7922161817550659,0.5801371335983276,32.0,1.9661273956298828,1.0,-0.0009093971457332373,0.27416691184043884,0.9289032220840454,0.9099365472793579,0.6819534301757812,0.20420889556407928,0.1863068789243698,-0.00022781016014050692,6.073147233109921e-05,0.9312873482704163,0.9380979537963867,0.7019393444061279,0.21477167308330536,0.20209062099456787,0.9312084913253784,0.9378990530967712,0.7022570967674255,0.21488232910633087,0.20227764546871185,84499,3.4469962120056152,,,,,,,,,,,,,0.18528592586517334,0.06163879111409187,0.07125179469585419,0.6220642328262329,0.2571784257888794,0.10906669497489929,0.0,0.09433430433273315,0.14048820734024048,0.420108437538147,0.3257741332054138,0.18528592586517334
0.008544921875,0.32616060972213745,0.0,0.0,0.0,0.625,0.23149168491363525,4.1870245933532715,0.0,0.8849452137947083,0.07352212071418762,1.8515625,29.559267044067383,0,-4.238479137420654,0.6178470849990845,200.05322265625,1.5981754064559937,0.9993318319320679,0.10000000149011612,0.4980223774909973,0.019118474796414375,0.024421177804470062,829.4053955078125,0.0,2.5846245288848877,4081481.0,0.04540763795375824,0.2477114349603653,0.18668818473815918,128.0,6.944915294647217,8.727596282958984,1.4124693870544434,0.0,10714.0,4081482.0,995.0,0.004851612728089094,0.0,1.0,0.0014124293811619282,4036753.5,1235995.875,1424.9189453125,1247.0,0.0,708.0,4917.0,4081481.0,-2.9394664764404297,-5.802773952484131,0.7361952066421509,0.043017204850912094,161.0,2050.0,2.184206008911133,0.4360067844390869,0.0,5.7508015632629395,0.237983837723732,,,-0.025626059621572495,4022508.0,-0.007811373565346003,0.0002655913704074919,1.0209580659866333,-0.005607543047517538,6164.0,0.0,4081482.0,162.03903198242188,168.0,0.034167174249887466,43.50898742675781,0.2034350335597992,1.5536617040634155,37.0,16384.0,0.06772636622190475,0.04429979249835014,0.20744365453720093,0.16263450682163239,0.05978260934352875,1177.425537109375,0.7627211809158325,0.9098724722862244,1.4350204467773438,-0.003579383250325918,-0.4234219789505005,0.16695266962051392,0.0400390625,0.28533658385276794,0.5810453295707703,0.0,0.0010729416972026229,1.0,1.0,0.7869100570678711,0.06963504105806351,0.21715664863586426,0.2567933201789856,0.4710384011268616,0.3423347473144531,0.8044880032539368,0.5865204334259033,32.0,1.872178316116333,1.0,-0.0007927146507427096,0.2741992175579071,0.9289125204086304,0.9097657799720764,0.6815846562385559,0.20411108434200287,0.18612344563007355,6.157094321679324e-05,-9.582387974660378e-06,0.9312571287155151,0.9379734396934509,0.7019405364990234,0.2148371934890747,0.20215046405792236,0.9312130212783813,0.9377732276916504,0.7019150853157043,0.2149277776479721,0.20208139717578888,84999,3.446685791015625,,,,,,,,,,,,,0.18428193032741547,0.061518292874097824,0.07127807289361954,0.6179448366165161,0.2582804560661316,0.10951606929302216,0.0,0.0952688455581665,0.14132310450077057,0.42087388038635254,0.32560503482818604,0.18428193032741547
0.00994873046875,0.34305068850517273,0.0,0.0,0.0,0.59375,0.23126116394996643,4.285530090332031,0.0,0.8666425347328186,0.07380013167858124,1.828125,29.3570556640625,0,-4.254973411560059,0.607440710067749,287.40277099609375,1.6098850965499878,0.9993301033973694,0.10000000149011612,0.4979650378227234,0.01913040690124035,0.024425599724054337,826.7045288085938,0.0,2.592777967453003,4105312.0,0.045404378324747086,0.2478783130645752,0.19203267991542816,131.0,6.970338821411133,8.842034339904785,1.4124693870544434,0.0,10761.0,4105313.0,759.0,0.0036488231271505356,0.0,1.0,0.0014124293811619282,4060584.5,1244916.0,1421.79541015625,1256.0,0.0,708.0,4935.0,4105312.0,-2.7507972717285156,-4.507294178009033,0.7388210892677307,0.08434157073497772,164.0,2048.0,1.8896358013153076,0.45580586791038513,0.0,5.805661201477051,0.21294046938419342,,,-0.02486930973827839,4046341.0,-0.007596978917717934,8.352285658475012e-05,1.0203542709350586,-0.004674097523093224,6191.0,0.0,4105313.0,173.04672241210938,179.0,0.036271531134843826,37.28770446777344,0.20270104706287384,1.4652775526046753,44.0,16384.0,0.06788749992847443,0.044344138354063034,0.20677603781223297,0.16398389637470245,0.05978260934352875,1083.1280517578125,0.7620745897293091,0.912477433681488,1.433045744895935,-0.0005570927751250565,-0.4208071529865265,0.16503925621509552,0.02734375,0.257953405380249,0.48956432938575745,0.0,0.00111543876118958,1.0,1.0,0.7435431480407715,0.08286237716674805,0.22383984923362732,0.26410791277885437,0.3856206238269806,0.316036194562912,0.7293489575386047,0.6015385985374451,32.0,1.8744295835494995,1.0,-0.000597905192989856,0.2742747664451599,0.9288467168807983,0.909692645072937,0.6825610995292664,0.20337244868278503,0.1854894757270813,0.00023528994643129408,7.004185317782685e-05,0.9312404990196228,0.9378993511199951,0.7021274566650391,0.214763805270195,0.20203270018100739,0.9311681985855103,0.9377502202987671,0.7029925584793091,0.2139851599931717,0.20126810669898987,85499,3.2731339931488037,,,,,,,,,,,,,0.1840430051088333,0.061180006712675095,0.07157719880342484,0.6135743260383606,0.2558337152004242,0.10957521945238113,0.0,0.09576061367988586,0.1403449922800064,0.4201486110687256,0.3243879973888397,0.1840430051088333
0.015869140625,0.3115847110748291,0.0,0.0,0.0,0.84375,0.23018071055412292,4.266523838043213,0.0,0.8659675717353821,0.07322506606578827,1.8359375,29.514522552490234,0,-4.271430015563965,0.62289959192276,215.4024658203125,1.5934662818908691,0.9993306994438171,0.10000000149011612,0.4979568421840668,0.019157281145453453,0.024476107209920883,797.3333129882812,0.0,2.591742992401123,4129196.0,0.044778529554605484,0.2447054535150528,0.19045118987560272,133.0,6.997175216674805,8.898134231567383,1.4124693870544434,0.0,10788.0,4129197.0,329.0,0.001536883064545691,0.0,1.0,0.0014124293811619282,4084468.5,1254192.25,1398.6875,1260.0,0.0,708.0,4954.0,4129196.0,-1.2957515716552734,-4.398037910461426,0.7412811517715454,0.06702836602926254,164.0,2048.0,2.113266706466675,0.43127018213272095,0.0,5.78469705581665,0.22272425889968872,,,-0.023904357105493546,4070222.0,-0.007322750985622406,0.00011350495333317667,1.0197468996047974,-0.003926667384803295,6214.0,0.0,4129197.0,172.48883056640625,181.0,0.03653613105416298,36.48408889770508,0.20194114744663239,1.4637846946716309,48.0,16384.0,0.06779985874891281,0.044172000139951706,0.20300252735614777,0.1602366417646408,0.05978260934352875,1091.8275146484375,0.7619397044181824,0.9165819883346558,1.4347094297409058,0.006086457520723343,-0.4165786802768707,0.171042338013649,0.04248046875,0.3050060570240021,0.45801371335983276,0.0,0.0011223963228985667,1.0,1.0,0.6943385601043701,0.07976904511451721,0.22565212845802307,0.38368862867355347,0.4180349111557007,0.4751030504703522,0.7558753490447998,0.5727178454399109,32.0,1.978442668914795,1.0,-0.0010728436755016446,0.2740531265735626,0.9288655519485474,0.9096691608428955,0.6815232038497925,0.204297736287117,0.18640244007110596,-0.00029893542523495853,-3.159293919452466e-05,0.9312193393707275,0.9378390312194824,0.7022233605384827,0.21460627019405365,0.20188690721988678,0.931171178817749,0.9376834630966187,0.7016388773918152,0.21509391069412231,0.2023143470287323,85999,3.433032512664795,,,,,,,,,,,,,0.1875833123922348,0.06225895881652832,0.07313084602355957,0.6085252165794373,0.2559838891029358,0.11119060218334198,0.0,0.09728878736495972,0.14025987684726715,0.42513197660446167,0.32784318923950195,0.1875833123922348
0.02099609375,0.3228982090950012,0.0,0.0,0.0,0.59375,0.2291213423013687,4.400146484375,0.0,0.8773237466812134,0.07394625246524811,1.84375,29.56037712097168,0,-4.287827491760254,0.6177273392677307,232.53656005859375,1.5949318408966064,0.9993185997009277,0.10000000149011612,0.49799424409866333,0.019173821434378624,0.024521207436919212,800.6304321289062,0.0,2.599191665649414,4153095.0,0.045358117669820786,0.24759259819984436,0.18824121356010437,135.0,7.021186351776123,8.952703475952148,1.4124693870544434,0.0,10822.0,4153096.0,470.0,0.002101136837154627,0.0,1.0,0.0014124293811619282,4108367.5,1263512.125,1400.434814453125,1261.0,0.0,708.0,4971.0,4153095.0,-1.863901138305664,-3.458451509475708,0.7426313757896423,0.04425741732120514,164.0,2048.0,2.0721426010131836,0.4294242560863495,0.0,5.652681827545166,0.2149352878332138,,,-0.02600974217057228,4094107.0,-0.008003518916666508,-0.0002875199425034225,1.0209797620773315,-0.004795105196535587,6232.0,0.0,4153096.0,167.7299041748047,183.0,0.03681351989507675,43.20397186279297,0.2013009488582611,1.523179054260254,46.0,16384.0,0.06792636215686798,0.044182032346725464,0.20633858442306519,0.163458913564682,0.04891304299235344,1071.4293212890625,0.7570149898529053,0.9146285057067871,1.4339768886566162,-0.004228390287607908,-0.41718611121177673,0.18022027611732483,0.04833984375,0.2643331289291382,0.5884128212928772,0.0,0.0011326621752232313,1.0,1.0,0.6974599361419678,0.0719384104013443,0.21257098019123077,0.3090531826019287,0.42341020703315735,0.3607601523399353,0.8168079853057861,0.5926074981689453,32.0,1.91624116897583,1.0,-0.0008801667718216777,0.2739720344543457,0.9288427233695984,0.9094109535217285,0.6814501285552979,0.20488058030605316,0.18665172159671783,-1.097500353353098e-05,-3.650739381555468e-05,0.931194007396698,0.9377102851867676,0.7019829154014587,0.21489423513412476,0.2020895630121231,0.9311338663101196,0.9374251961708069,0.7016423344612122,0.21557563543319702,0.2024795264005661,86499,3.259052276611328,,,,,,,,,,,,,0.1870439052581787,0.061438627541065216,0.07266499847173691,0.6133662462234497,0.2564542889595032,0.11011865735054016,0.0,0.09873443841934204,0.142918199300766,0.42869654297828674,0.3299621045589447,0.1870439052581787
0.016845703125,0.3178909122943878,0.0,0.0,0.0,0.53125,0.2304186075925827,4.24631929397583,0.0,0.8700031042098999,0.0740116611123085,1.84375,29.583282470703125,0,-4.304060459136963,0.6146773099899292,225.9029083251953,1.5934330224990845,0.9993305206298828,0.10000000149011612,0.4979473054409027,0.01922811195254326,0.024599041789770126,842.0850830078125,0.0,2.6077980995178223,4177025.0,0.04573537036776543,0.24921533465385437,0.19561883807182312,140.0,7.043785095214844,9.072054862976074,1.4124693870544434,0.0,10855.0,4177026.0,1490.0,0.006999033968895674,0.0,1.0,0.0014124293811619282,4132297.5,1273909.375,1434.978759765625,1263.0,0.0,708.0,4987.0,4177025.0,-2.4102210998535156,-3.782247304916382,0.7460734248161316,0.0673823133111,172.0,2048.0,2.2043070793151855,0.45270106196403503,0.0,5.873831272125244,0.2206345945596695,,,-0.025712627917528152,4118037.0,-0.007925701327621937,-1.4869223377900198e-05,1.0209414958953857,-0.003770721610635519,6250.0,0.0,4177026.0,176.06724548339844,192.0,0.0385001003742218,42.896385192871094,0.20056430995464325,1.486202359199524,47.0,16384.0,0.06794260442256927,0.044327493757009506,0.20932264626026154,0.1652033030986786,0.04891304299235344,1096.62744140625,0.75363689661026,0.9121102690696716,1.434719204902649,0.006119056139141321,-0.4294191896915436,0.19055795669555664,0.04736328125,0.30439141392707825,0.4828554093837738,0.0,0.001315566711127758,1.0,1.0,0.774207592010498,0.06883733719587326,0.2135516107082367,0.3291228413581848,0.4430721402168274,0.4153797924518585,0.7704259157180786,0.6060127019882202,32.0,1.910144567489624,1.0,-0.0007328076753765345,0.2741866409778595,0.9287789463996887,0.9092218279838562,0.681445300579071,0.20433881878852844,0.18582870066165924,9.09465306904167e-05,-3.292431210866198e-05,0.9311732649803162,0.9376119375228882,0.7018193006515503,0.21509116888046265,0.20210367441177368,0.9310881495475769,0.9373557567596436,0.701612114906311,0.21515677869319916,0.2018415331840515,86999,3.3690643310546875,,,,,,,,,,,,,0.1887490153312683,0.06208934634923935,0.07224084436893463,0.6200753450393677,0.25697582960128784,0.11061467230319977,0.0,0.09578138589859009,0.14270275831222534,0.42723315954208374,0.33145177364349365,0.1887490153312683
0.01263427734375,0.33284077048301697,0.0,0.0,0.0,0.65625,0.23357704281806946,4.371067047119141,0.0,0.8760381937026978,0.07392954081296921,1.8515625,29.687313079833984,0,-4.320236682891846,0.621749758720398,310.7807922363281,1.6250834465026855,0.9993323683738708,0.10000000149011612,0.4979247450828552,0.019270185381174088,0.02463185042142868,840.9512329101562,0.0,2.6050567626953125,4200872.0,0.04579319432377815,0.25110453367233276,0.1936853677034378,143.0,7.08474588394165,9.136007308959961,1.4124693870544434,0.0,10900.0,4200873.0,127.0,0.0005013025947846472,0.0,1.0,0.0014124293811619282,4156144.5,1280343.0,1434.3658447265625,1268.0,0.0,708.0,5016.0,4200872.0,-1.444427490234375,-5.224432945251465,0.7487201690673828,0.07918110489845276,170.0,2050.0,2.288402557373047,0.4561939239501953,0.0,5.717001914978027,0.21761468052864075,,,-0.02603287808597088,4141880.0,-0.008043146692216396,7.709638157393783e-05,1.020963191986084,-0.005288173910230398,6284.0,0.0,4200873.0,162.71340942382812,184.0,0.0366826169192791,50.566184997558594,0.19955044984817505,1.588118314743042,41.0,16384.0,0.06811443716287613,0.044249460101127625,0.20446664094924927,0.1609629988670349,0.05978260934352875,1249.37158203125,0.7496327757835388,0.9073598980903625,1.4360641241073608,0.005977313499897718,-0.40444520115852356,0.17537006735801697,0.044921875,0.26893940567970276,0.5881180167198181,0.0,0.0013105887919664383,1.0,1.0,0.6637182235717773,0.08089250326156616,0.22507305443286896,0.25974589586257935,0.4272591173648834,0.3213539123535156,0.8014663457870483,0.6206617951393127,32.0,1.9649125337600708,1.0,-0.0008008357253856957,0.27415522933006287,0.9287703037261963,0.9090419411659241,0.6816846132278442,0.20426468551158905,0.18611231446266174,5.9966446315229405e-06,3.6343953979667276e-06,0.9311426281929016,0.9374757409095764,0.7018168568611145,0.2150816172361374,0.2020445019006729,0.9310817718505859,0.9372108578681946,0.7018524408340454,0.2150762379169464,0.20204323530197144,87499,3.3840126991271973,,,,,,,,,,,,,0.18185362219810486,0.060072995722293854,0.07093997299671173,0.6137117147445679,0.26248621940612793,0.11019033193588257,0.0,0.10030248761177063,0.14537319540977478,0.42752930521965027,0.32722681760787964,0.18185362219810486
0.00994873046875,0.3432481288909912,0.0,0.0,0.0,0.5625,0.228767529129982,4.260572910308838,0.0,0.8706074953079224,0.07351446151733398,1.8515625,29.661911010742188,0,-4.336361408233643,0.6171156764030457,299.38067626953125,1.6311222314834595,0.9993337988853455,0.10000000149011612,0.4979028105735779,0.019291138276457787,0.024648701772093773,884.7659301757812,0.0,2.5967793464660645,4224997.0,0.04659357666969299,0.25529855489730835,0.19639769196510315,144.0,7.114406585693359,9.156793594360352,1.4124693870544434,0.0,10935.0,4224998.0,61.0,0.0001868346444098279,0.0,1.0,0.0014124293811619282,4180269.5,1289441.125,1469.7021484375,1273.0,0.0,708.0,5037.0,4224997.0,-5.7480926513671875,-7.275418281555176,0.7512731552124023,0.06257306039333344,174.0,2048.0,2.144624710083008,0.4345046281814575,0.0,5.749074935913086,0.2227296531200409,,,-0.026813624426722527,4166012.0,-0.008312081918120384,0.00041691967635415494,1.0209803581237793,-0.005029586609452963,6310.0,0.0,4224998.0,166.18006896972656,185.0,0.036728210747241974,48.96126174926758,0.19865617156028748,1.5575717687606812,47.0,16384.0,0.06826716661453247,0.044414445757865906,0.20539098978042603,0.16077078878879547,0.054347824305295944,1201.7330322265625,0.7509308457374573,0.9034492373466492,1.4367330074310303,0.009584677405655384,-0.421080619096756,0.17919272184371948,0.042236328125,0.2638475298881531,0.557474672794342,0.0,0.0010833463165909052,1.0,1.0,0.7204961776733398,0.06729672849178314,0.207761749625206,0.2862573266029358,0.4177800714969635,0.3356185853481293,0.7919743061065674,0.6124762296676636,32.0,1.9963914155960083,1.0,-0.0009610547567717731,0.2739647328853607,0.928677499294281,0.9088207483291626,0.6812611222267151,0.20472164452075958,0.1865241825580597,-0.00011380139767425135,-1.2604369658220094e-05,0.9311105012893677,0.9373323321342468,0.70179682970047,0.21517257392406464,0.2021344006061554,0.9309945702552795,0.9370050430297852,0.7015655636787415,0.2154049128293991,0.20236508548259735,87999,3.4186792373657227,,,,,,,,,,,,,0.18547984957695007,0.061296187341213226,0.07189148664474487,0.613990068435669,0.26132357120513916,0.10992568731307983,0.0,0.09987738728523254,0.14388227462768555,0.42923951148986816,0.3293621242046356,0.18547984957695007
0.01141357421875,0.3269469439983368,0.0,0.0,0.0,0.65625,0.22907614707946777,4.151699066162109,0.0,0.8804209232330322,0.07383571565151215,1.8515625,29.688129425048828,0,-4.352146625518799,0.6126072406768799,160.32806396484375,1.6169860363006592,0.9993127584457397,0.10000000149011612,0.4979655146598816,0.019325926899909973,0.024683797731995583,880.276611328125,0.0,2.6019930839538574,4249131.0,0.04643077403306961,0.2543390989303589,0.19344773888587952,143.0,7.137005805969238,9.169757843017578,1.4124693870544434,0.0,10966.0,4249132.0,350.0,0.0015128866070881486,0.0,1.0,0.0014124293811619282,4204403.5,1299443.0,1467.8084716796875,1276.0,0.0,708.0,5053.0,4249131.0,-1.8302173614501953,-3.9990036487579346,0.7534559965133667,0.06548632681369781,174.0,2048.0,2.113339900970459,0.41815686225891113,0.0,5.6597208976745605,0.20534007251262665,,,-0.025548331439495087,4190145.0,-0.0079423226416111,0.00030246921232901514,1.020495891571045,-0.004798984155058861,6329.0,0.0,4249132.0,170.98703002929688,192.0,0.037997230887413025,46.2018928527832,0.1980096995830536,1.5373635292053223,47.0,16384.0,0.06833720952272415,0.0444340817630291,0.20608404278755188,0.16401414573192596,0.06521739065647125,1216.450927734375,0.7455746531486511,0.9068817496299744,1.435569167137146,0.0005933294887654483,-0.41894102096557617,0.1833316832780838,0.0439453125,0.30279043316841125,0.5751038789749146,0.0,0.0012617458123713732,1.0,1.0,0.7001309394836426,0.07516959309577942,0.20935633778572083,0.36669573187828064,0.4518173635005951,0.46125489473342896,0.8137539029121399,0.5912966132164001,32.0,1.9797195196151733,1.0,-0.0007817461737431586,0.2738437056541443,0.9286152720451355,0.9088219404220581,0.6815651655197144,0.20531925559043884,0.18672113120555878,0.00010073495650431141,7.021448709565448e-06,0.931056559085846,0.9372212290763855,0.7017601132392883,0.2153097242116928,0.20221014320850372,0.9309219717979431,0.9369909167289734,0.7019180059432983,0.2158287763595581,0.20249712467193604,88499,3.303102493286133,,,,,,,,,,,,,0.18967777490615845,0.061882082372903824,0.07390975952148438,0.6152257919311523,0.26198577880859375,0.11146897822618484,0.0,0.0984412133693695,0.14670801162719727,0.4348269999027252,0.3363857865333557,0.18967777490615845
0.01348876953125,0.30600398778915405,0.0,0.0,0.0,0.65625,0.22864006459712982,4.3416242599487305,0.0,0.8619426488876343,0.07384713739156723,1.84375,29.68803596496582,0,-4.3682169914245605,0.6063097715377808,305.0898132324219,1.6428656578063965,0.9993314146995544,0.10000000149011612,0.4979715943336487,0.019354654476046562,0.024725837633013725,834.2083129882812,0.0,2.610222816467285,4273031.0,0.04616376385092735,0.2524823844432831,0.1935661882162094,143.0,7.155367374420166,9.2442045211792,1.4124693870544434,0.0,11004.0,4273032.0,1488.0,0.007287289015948772,0.0,1.0,0.0014124293811619282,4228303.5,1309416.875,1425.4166259765625,1279.0,0.0,708.0,5066.0,4273031.0,-2.586427688598633,-4.603094577789307,0.7548772692680359,0.054826777428388596,177.0,2049.0,2.374999523162842,0.46944278478622437,0.0,5.690608978271484,0.21421311795711517,,,-0.02525363862514496,4214047.0,-0.007865463383495808,0.00043155872845090926,1.0202616453170776,-0.004197470843791962,6345.0,0.0,4273032.0,173.7191925048828,189.0,0.03730754181742668,47.01163101196289,0.19742460548877716,1.5120830535888672,48.0,16384.0,0.06843923032283783,0.04455849155783653,0.20662561058998108,0.1621384471654892,0.05978260934352875,1115.659423828125,0.7405734062194824,0.9060345888137817,1.4363973140716553,0.009647935628890991,-0.42105352878570557,0.15757007896900177,0.04736328125,0.2641136944293976,0.6257402300834656,0.0,0.0010366669157519937,1.0,1.0,0.6806907653808594,0.09083124250173569,0.2091904878616333,0.2620939016342163,0.44030073285102844,0.3457035422325134,0.8407719731330872,0.6207135915756226,31.999984741210938,2.009798049926758,1.0,-0.0006746111321263015,0.2738304138183594,0.9285987615585327,0.908504068851471,0.6822478771209717,0.20467987656593323,0.18660974502563477,0.0002551109064370394,6.04695851507131e-05,0.9310056567192078,0.9370622038841248,0.7019545435905457,0.21546931564807892,0.20237970352172852,0.9309277534484863,0.9367541670799255,0.7027472257614136,0.21505340933799744,0.2022140473127365,88999,3.3767096996307373,,,,,,,,,,,,,0.18670104444026947,0.06152648851275444,0.07225964963436127,0.6147648096084595,0.26296913623809814,0.11074519157409668,0.0,0.0999295711517334,0.1447553187608719,0.43138593435287476,0.33145636320114136,0.18670104444026947
0.021484375,0.3287959694862366,0.0,0.0,0.0,0.59375,0.23153603076934814,4.2030134201049805,0.0,0.871843695640564,0.074152871966362,1.859375,29.715641021728516,0,-4.383667469024658,0.62013179063797,336.91510009765625,1.6377226114273071,0.9993342161178589,0.10000000149011612,0.4979296624660492,0.019368868321180344,0.02475593611598015,845.9091186523438,0.0,2.596060037612915,4296969.0,0.04609309881925583,0.2519100606441498,0.18728198111057281,142.0,7.172316551208496,9.234106063842773,1.4124693870544434,0.0,11043.0,4296970.0,679.0,0.002991356421262026,0.0,1.0,0.0014124293811619282,4252241.5,1317913.25,1442.3182373046875,1284.0,0.0,708.0,5078.0,4296969.0,-1.9146690368652344,-3.3522589206695557,0.7556547522544861,0.054468028247356415,178.0,2048.0,2.3927226066589355,0.4630199372768402,0.0,5.652616024017334,0.2109484076499939,,,-0.02521846629679203,4237966.0,-0.007877367548644543,0.0003871384251397103,1.0206570625305176,-0.0038907628040760756,6362.0,0.0,4296970.0,178.80162048339844,199.0,0.03918865695595741,51.02688217163086,0.19697080552577972,1.513037085533142,44.0,16383.0,0.06861088424921036,0.04431335628032684,0.20776741206645966,0.16519631445407867,0.05978260934352875,1337.3846435546875,0.7443504333496094,0.9075935482978821,1.4375666379928589,0.006456841714680195,-0.4205726385116577,0.1630747765302658,0.04638671875,0.32276487350463867,0.6425758004188538,0.0,0.0012426481116563082,1.0,1.0,0.6836109161376953,0.07920880615711212,0.21839559078216553,0.30354073643684387,0.45888614654541016,0.4156421422958374,0.8305190801620483,0.6147682666778564,32.0,2.0279746055603027,1.0,-0.001005152822472155,0.27379634976387024,0.9285653233528137,0.9080938696861267,0.681873083114624,0.20498798787593842,0.1867554932832718,-0.0002417389623587951,2.814600338751916e-05,0.9309636950492859,0.9368446469306946,0.7022212147712708,0.21527276933193207,0.20224854350090027,0.9308794140815735,0.9363105893135071,0.7022292613983154,0.2154260277748108,0.20245231688022614,89499,3.4375224113464355,,,,,,,,,,,,,0.18433281779289246,0.06041333079338074,0.0705202966928482,0.6231513619422913,0.266631156206131,0.10981381684541702,0.0,0.09986597299575806,0.14877524971961975,0.43297404050827026,0.3331080675125122,0.18433281779289246
0.0128173828125,0.3609687387943268,0.0,0.0,0.0,0.6875,0.23011505603790283,4.186520099639893,0.0,0.8762086033821106,0.07387635111808777,1.859375,29.76580810546875,0,-4.399580478668213,0.6180270910263062,444.69073486328125,1.644972801208496,0.9993434548377991,0.10000000149011612,0.4979478716850281,0.0193828996270895,0.024799881502985954,848.4222412109375,0.0,2.602496862411499,4321091.0,0.04593133553862572,0.25084686279296875,0.18238791823387146,143.0,7.175141334533691,9.261124610900879,1.4124693870544434,0.0,11083.0,4321092.0,1689.0,0.008001286536455154,0.0,1.0,0.0014124293811619282,4276363.5,1329818.375,1446.977783203125,1298.0,0.0,708.0,5080.0,4321091.0,-2.377531051635742,-4.535523414611816,0.7580199837684631,0.06513543426990509,177.0,2050.0,2.1738781929016113,0.4553689658641815,0.0,5.641957759857178,0.2119973599910736,,,-0.02588696777820587,4262100.0,-0.00811173114925623,0.00034456211142241955,1.0209548473358154,-0.004482578951865435,6378.0,0.0,4321092.0,178.1859130859375,196.0,0.03858267888426781,46.75654220581055,0.19690470397472382,1.4970920085906982,45.0,16384.0,0.06858888268470764,0.044463302940130234,0.2062351554632187,0.16345129907131195,0.054347824305295944,1228.8028564453125,0.7502596378326416,0.9058241844177246,1.440245270729065,-0.0013678574468940496,-0.4181883931159973,0.15626844763755798,0.034423828125,0.2757874131202698,0.5559055209159851,0.0,0.0014407801209017634,1.0,1.0,0.7048892974853516,0.08564198762178421,0.2132585495710373,0.2983560562133789,0.42795878648757935,0.3708716630935669,0.7877107858657837,0.6068711876869202,32.0,1.986920714378357,1.0,-0.0009443535236641765,0.2738722562789917,0.9287418723106384,0.9084591865539551,0.6815539598464966,0.20516133308410645,0.18689054250717163,-4.49506078439299e-05,-3.3946529583772644e-05,0.9309621453285217,0.9367297887802124,0.7021211385726929,0.2154766321182251,0.20245392620563507,0.9310191869735718,0.9366673231124878,0.7017678618431091,0.2157745212316513,0.2027195245027542,89999,3.409193754196167,,,,,,,,,,,,,0.18395674228668213,0.06053943932056427,0.07098941504955292,0.6202133893966675,0.2653529644012451,0.11081971973180771,0.0,0.09929603338241577,0.1472124457359314,0.4304652214050293,0.3311691880226135,0.18395674228668213
0.01275634765625,0.33533400297164917,0.0,0.0,0.0,0.5,0.22960735857486725,4.296756744384766,0.0,0.8789404034614563,0.07382934540510178,1.8515625,29.697017669677734,0,-4.415258884429932,0.6004579663276672,222.1802978515625,1.6113989353179932,0.9993435144424438,0.10000000149011612,0.49795204401016235,0.019409842789173126,0.024829629808664322,648.5250244140625,0.0,2.6028921604156494,4345212.0,0.045977331697940826,0.2511489987373352,0.17788712680339813,142.0,7.1878533363342285,9.245512962341309,1.4124693870544434,0.0,11128.0,4345213.0,4272.0,0.01925819180905819,0.0,1.0,0.0014124293811619282,4300484.5,1339185.875,1273.75,1306.0,0.0,708.0,5089.0,4345212.0,-1.1225318908691406,-2.6196396350860596,0.7594771385192871,0.09084349870681763,162.0,2048.0,2.179771661758423,0.46160513162612915,0.0,5.501779556274414,0.23798015713691711,,,-0.025834104046225548,4286230.0,-0.008114559575915337,0.00047901441575959325,1.0209810733795166,-0.004587049130350351,6395.0,0.0,4345213.0,155.05624389648438,170.0,0.03340538591146469,54.4436149597168,0.19650639593601227,1.6102303266525269,40.0,16384.0,0.06864070147275925,0.044257573783397675,0.20392905175685883,0.16234834492206573,0.054347824305295944,1244.878662109375,0.7506053447723389,0.9055194854736328,1.4352620840072632,0.012041853740811348,-0.4197605550289154,0.1539410948753357,0.0341796875,0.277657687664032,0.5281980633735657,0.0,0.0011277321027591825,1.0,1.0,0.627866268157959,0.08933233469724655,0.2204298973083496,0.2994605302810669,0.46122997999191284,0.4006713628768921,0.7698391675949097,0.5933305621147156,32.0,1.9506062269210815,1.0,-0.0008751167333684862,0.27382534742355347,0.9287382364273071,0.9082067608833313,0.6815224289894104,0.20525193214416504,0.18676593899726868,-3.847062907880172e-05,-2.842522553692106e-05,0.9309886693954468,0.9366706013679504,0.7019420266151428,0.2156347930431366,0.20254550874233246,0.9310152530670166,0.9365124106407166,0.7016447186470032,0.2159583568572998,0.2026551216840744,90499,3.3206980228424072,,,,,,,,,,,,,0.18776629865169525,0.061490289866924286,0.07262936234474182,0.6094738245010376,0.26297664642333984,0.11261454224586487,0.0,0.10072657465934753,0.14711962640285492,0.4356124997138977,0.33488592505455017,0.18776629865169525
0.0120849609375,0.3493610620498657,0.0,0.0,0.0,0.5,0.23134295642375946,4.371931552886963,0.0,0.8749955296516418,0.07339558005332947,1.84375,29.648019790649414,0,-4.430643081665039,0.6113134622573853,428.2829284667969,1.6178425550460815,0.9993348717689514,0.10000000149011612,0.49791383743286133,0.01945868507027626,0.024895528331398964,826.51220703125,0.0,2.602475643157959,4369401.0,0.0452447347342968,0.24844931066036224,0.17770858108997345,142.0,7.223164081573486,9.306408882141113,1.4124693870544434,0.0,11170.0,4369402.0,902.0,0.004695145413279533,0.0,1.0,0.0014124293811619282,4324673.5,1347700.0,1430.9024658203125,1311.0,0.0,708.0,5114.0,4369401.0,-2.4661502838134766,-5.0528435707092285,0.7616517543792725,0.06331764161586761,164.0,2048.0,2.062925338745117,0.42969703674316406,0.0,5.516391754150391,0.24875618517398834,,,-0.027371810749173164,4310397.0,-0.008634869009256363,0.00042935830424539745,1.0212352275848389,-0.006370585411787033,6425.0,0.0,4369402.0,167.35409545898438,184.0,0.03597966209053993,46.1131706237793,0.1956280767917633,1.5196888446807861,41.0,16384.0,0.06879143416881561,0.04437549039721489,0.20399266481399536,0.1605108380317688,0.05978260934352875,1315.6448974609375,0.7496674060821533,0.9062095284461975,1.4377390146255493,0.005005291663110256,-0.42211487889289856,0.15493009984493256,0.039306640625,0.26241689920425415,0.4825967848300934,0.0,0.0011606297921389341,1.0,1.0,0.6187119483947754,0.06558191031217575,0.22112762928009033,0.2950400114059448,0.4249376654624939,0.386753648519516,0.7459605932235718,0.6021356582641602,32.0,2.089583396911621,1.0,-0.0007285324390977621,0.2738449275493622,0.9287942051887512,0.9083495736122131,0.6813316941261292,0.20468635857105255,0.18660320341587067,9.439200948690996e-05,-2.8729424229823053e-05,0.9310137033462524,0.9366648197174072,0.7017900347709656,0.2156217098236084,0.202535942196846,0.93105548620224,0.9366501569747925,0.701623260974884,0.21529452502727509,0.20239967107772827,90999,3.422135353088379,,,,,,,,,,,,,0.18773508071899414,0.06130483001470566,0.07336167991161346,0.6101316809654236,0.26598289608955383,0.11209086328744888,0.0,0.10305821895599365,0.15061280131340027,0.44140610098838806,0.3383478820323944,0.18773508071899414
0.01141357421875,0.3377543091773987,0.0,0.0,0.0,0.625,0.23133283853530884,4.305169105529785,0.0,0.8571314811706543,0.07384609431028366,1.859375,29.742202758789062,0,-4.44590425491333,0.5990076065063477,267.7901916503906,1.6295934915542603,0.9993467926979065,0.10000000149011612,0.49791520833969116,0.019474266096949577,0.024920349940657616,874.4615478515625,0.0,2.600494861602783,4393673.0,0.04563342407345772,0.2498003989458084,0.17466692626476288,142.0,7.242938041687012,9.364398002624512,1.4124693870544434,0.0,11201.0,4393674.0,1241.0,0.0055910865776240826,0.0,1.0,0.0014124293811619282,4348945.5,1357055.375,1472.1922607421875,1314.0,0.0,708.0,5128.0,4393673.0,-1.0090808868408203,-2.880162239074707,0.764535665512085,0.060138922184705734,166.0,2048.0,2.250147819519043,0.45336002111434937,0.0,5.608679294586182,0.23262661695480347,,,-0.026560090482234955,4334670.0,-0.00839837733656168,0.00033746648114174604,1.020790696144104,-0.004231423605233431,6442.0,0.0,4393674.0,174.56301879882812,194.0,0.037831515073776245,40.736167907714844,0.19504661858081818,1.4838818311691284,52.0,16384.0,0.0687553659081459,0.04418939724564552,0.20603176951408386,0.16318556666374207,0.05978260934352875,1167.2587890625,0.7487156987190247,0.9121721386909485,1.4392163753509521,-0.0002758497721515596,-0.4233008325099945,0.14805357158184052,0.038330078125,0.26189547777175903,0.6599063873291016,0.0,0.001201388775371015,1.0,1.0,0.7087020874023438,0.07070143520832062,0.2179429978132248,0.23248210549354553,0.4264925420284271,0.32561811804771423,0.8589495420455933,0.6154420375823975,32.0,2.0031142234802246,1.0,-0.0009494341211393476,0.2737988829612732,0.9287973046302795,0.9081494808197021,0.681177020072937,0.2053460031747818,0.18675479292869568,-0.00015705217083450407,-2.3669213987886906e-05,0.9310296177864075,0.9365817308425903,0.701738178730011,0.21560068428516388,0.20250968635082245,0.9310485124588013,0.9364321231842041,0.70136559009552,0.21603743731975555,0.20270206034183502,91499,3.5615618228912354,,,,,,,,,,,,,0.18369735777378082,0.06026911735534668,0.07066495716571808,0.6250331401824951,0.27643999457359314,0.11023718118667603,0.0,0.10531628131866455,0.1554906815290451,0.4445043206214905,0.3391880393028259,0.18369735777378082
0.01019287109375,0.3178059458732605,0.0,0.0,0.0,0.5,0.2304089069366455,4.288738250732422,0.0,0.8642891049385071,0.07394149899482727,1.8515625,29.713916778564453,0,-4.460911750793457,0.605010986328125,299.600341796875,1.637969732284546,0.999327540397644,0.10000000149011612,0.49792036414146423,0.019503507763147354,0.024955837056040764,926.4893798828125,0.0,2.5916926860809326,4417723.0,0.04548841714859009,0.24865634739398956,0.1699242889881134,142.0,7.2951979637146,9.50197696685791,1.4124693870544434,0.0,11260.0,4417724.0,1342.0,0.006276566069573164,0.0,1.0,0.0014124293811619282,4372995.5,1359691.25,1525.9573974609375,1315.0,0.0,708.0,5165.0,4417723.0,-0.7553558349609375,-3.092308282852173,0.7656895518302917,0.0889006108045578,169.0,2048.0,2.1525678634643555,0.4666388928890228,0.0,5.50947904586792,0.2562066614627838,,,-0.028191249817609787,4358709.0,-0.008932423777878284,-5.076811066828668e-05,1.0216916799545288,-0.006241877097636461,6480.0,0.0,4417724.0,168.64141845703125,177.0,0.034269120544195175,37.84231185913086,0.19365786015987396,1.4702119827270508,47.0,16384.0,0.06896714121103287,0.04440693557262421,0.20444732904434204,0.1616952121257782,0.054347824305295944,1191.29833984375,0.7454957365989685,0.9089825749397278,1.4382494688034058,0.007897336035966873,-0.4238385558128357,0.17114593088626862,0.03125,0.2745401859283447,0.4971926510334015,0.0,0.00115677819121629,1.0,1.0,0.6680521965026855,0.06062907353043556,0.2167545109987259,0.32593464851379395,0.4220329523086548,0.39899688959121704,0.7621648907661438,0.6015413403511047,32.0,1.9445252418518066,1.0,-0.0007105322438292205,0.27381792664527893,0.9287046790122986,0.9078191518783569,0.6815075874328613,0.20518682897090912,0.1866350769996643,0.00015352213813457638,-9.667383892519865e-06,0.9310269951820374,0.9364951848983765,0.7015940546989441,0.21582114696502686,0.20261086523532867,0.930974543094635,0.9361703395843506,0.7016582489013672,0.21596604585647583,0.20265217125415802,91999,3.289306640625,,,,,,,,,,,,,0.18924367427825928,0.06173143535852432,0.07296054810285568,0.6094063520431519,0.26775580644607544,0.11336034536361694,0.0,0.10461333394050598,0.15196889638900757,0.4458259046077728,0.34121257066726685,0.18924367427825928
0.0189208984375,0.3124557137489319,0.0,0.0,0.0,0.5625,0.23006220161914825,4.290630340576172,0.0,0.8779340386390686,0.07402876019477844,1.859375,29.737079620361328,0,-4.475981712341309,0.6164069771766663,268.74078369140625,1.6239233016967773,0.9993177056312561,0.10000000149011612,0.4979017674922943,0.01953253522515297,0.02497861348092556,1036.465087890625,0.0,2.604780435562134,4441611.0,0.04599355533719063,0.25050297379493713,0.15515410900115967,142.0,7.316384315490723,9.532578468322754,1.4124693870544434,0.0,11313.0,4441612.0,87.0,0.00031912149279378355,0.0,1.0,0.0014124293811619282,4396883.5,1368450.25,1632.465087890625,1322.0,0.0,708.0,5180.0,4441611.0,-2.6615142822265625,-3.879103422164917,0.7666005492210388,0.06547959893941879,165.0,2050.0,2.3350729942321777,0.45810747146606445,0.0,5.612831115722656,0.22473624348640442,,,-0.027533801272511482,4382582.0,-0.008741667494177818,0.00011177775013493374,1.020961046218872,-0.005223433021456003,6502.0,0.0,4441612.0,178.81927490234375,194.0,0.03745173662900925,39.68445587158203,0.1931820660829544,1.4449769258499146,43.0,16384.0,0.06910134851932526,0.0444946326315403,0.20636577904224396,0.1630864441394806,0.07065217196941376,1245.21826171875,0.7419172525405884,0.9094039797782898,1.440212368965149,0.0002928125613834709,-0.41769665479660034,0.16527509689331055,0.045654296875,0.2637065649032593,0.5677606463432312,0.0,0.0013369789812713861,1.0,1.0,0.7331695556640625,0.062232907861471176,0.2206750512123108,0.2909351587295532,0.41730979084968567,0.39309605956077576,0.7961398363113403,0.6311625242233276,32.0,1.948732614517212,1.0,-0.0008804848766885698,0.27380794286727905,0.9286195039749146,0.9077568650245667,0.6817978024482727,0.20504948496818542,0.18644960224628448,-4.231423372402787e-05,3.732652839971706e-05,0.9309884309768677,0.9363450407981873,0.7017684578895569,0.21575845777988434,0.20252270996570587,0.9309013485908508,0.9360989332199097,0.7020606994628906,0.21573254466056824,0.20239189267158508,92499,3.296738386154175,,,,,,,,,,,,,0.18652136623859406,0.06061231717467308,0.07195234298706055,0.6135974526405334,0.2676601707935333,0.11197102814912796,0.0,0.10428991913795471,0.1514185220003128,0.4422298073768616,0.33793988823890686,0.18652136623859406
0.013671875,0.31420573592185974,0.0,0.0,0.0,0.6875,0.23081214725971222,4.156803131103516,0.0,0.8729244470596313,0.07392323017120361,1.859375,29.689773559570312,0,-4.490492820739746,0.6136569976806641,290.1136474609375,1.664223074913025,0.9993228316307068,0.10000000149011612,0.4979318380355835,0.019544199109077454,0.025006189942359924,751.9302368164062,0.0,2.6017696857452393,4465526.0,0.046409931033849716,0.25293272733688354,0.1702175885438919,141.0,7.331921100616455,9.535832405090332,1.4124693870544434,0.0,11365.0,4465527.0,891.0,0.003995478618890047,0.0,1.0,0.0014124293811619282,4420798.5,1379284.75,1367.9534912109375,1326.0,0.0,708.0,5191.0,4465526.0,-0.4465618133544922,-2.965151071548462,0.7686620354652405,0.08038004487752914,156.0,2048.0,2.189220905303955,0.45823296904563904,0.0,5.3461809158325195,0.2587732970714569,,,-0.028782382607460022,4406497.0,-0.009172103367745876,0.00015185300435405225,1.0211684703826904,-0.007191890385001898,6517.0,0.0,4465527.0,157.61749267578125,172.0,0.03313427045941353,44.401973724365234,0.19269166886806488,1.5501676797866821,43.0,16384.0,0.06916476041078568,0.04446114972233772,0.20459528267383575,0.1621793806552887,0.07065217196941376,1215.7093505859375,0.7447294592857361,0.9024476408958435,1.4401544332504272,-0.0010231169871985912,-0.41435909271240234,0.16026535630226135,0.036865234375,0.252745121717453,0.5929493308067322,0.0,0.0010778424330055714,1.0,1.0,0.6213588714599609,0.05285629257559776,0.21133390069007874,0.2223423570394516,0.4192548990249634,0.2969028353691101,0.8035262823104858,0.6311357617378235,32.0,2.0150504112243652,1.0,-0.0008313463185913861,0.27375397086143494,0.928595244884491,0.9074581861495972,0.6820182204246521,0.2053993046283722,0.18681345880031586,3.85138118872419e-05,3.9561720768688247e-05,0.9309563636779785,0.9361976981163025,0.7019341588020325,0.21586357057094574,0.20255473256111145,0.9308747053146362,0.9358258247375488,0.7023270726203918,0.21605931222438812,0.20273973047733307,92999,3.3962197303771973,,,,,,,,,,,,,0.18498417735099792,0.06077788770198822,0.07158412784337997,0.6178663969039917,0.27315372228622437,0.11226552724838257,0.0,0.10417062044143677,0.1546042263507843,0.443759024143219,0.3395884037017822,0.18498417735099792
0.018798828125,0.3383689820766449,0.0,0.0,0.0,0.59375,0.2291639745235443,4.295799732208252,0.0,0.8707584142684937,0.07441683113574982,1.8515625,29.72235107421875,0,-4.504985332489014,0.6112412214279175,328.7418518066406,1.6452232599258423,0.9993312954902649,0.10000000149011612,0.49789291620254517,0.0195525661110878,0.025016240775585175,810.047607421875,0.0,2.6052353382110596,4489557.0,0.0461217537522316,0.2517716884613037,0.1695658266544342,140.0,7.341807842254639,9.544452667236328,1.4124693870544434,0.0,11407.0,4489558.0,1339.0,0.006239964161068201,0.0,1.0,0.0014124293811619282,4444829.5,1389142.25,1421.3809814453125,1348.0,0.0,708.0,5198.0,4489557.0,-1.9989185333251953,-3.731400728225708,0.7702909111976624,0.06360587477684021,160.0,2049.0,2.129639148712158,0.4524003267288208,0.0,5.401631832122803,0.21814991533756256,,,-0.027708638459444046,4430545.0,-0.008836939930915833,-4.825312862521969e-05,1.020965576171875,-0.006201120559126139,6546.0,0.0,4489558.0,171.34214782714844,179.0,0.03443632274866104,38.50593566894531,0.19242534041404724,1.4342972040176392,42.0,16384.0,0.06916951388120651,0.04446135833859444,0.20437902212142944,0.1632954627275467,0.05978260934352875,1215.41015625,0.7436673641204834,0.9074205160140991,1.4405921697616577,-0.00031341903377324343,-0.4092663526535034,0.1676245629787445,0.03466796875,0.27606770396232605,0.4574836492538452,0.0,0.0012417894322425127,1.0,1.0,0.600029468536377,0.06275118887424469,0.22232826054096222,0.3175060749053955,0.44561803340911865,0.4143989086151123,0.7329376339912415,0.5888358354568481,32.0,2.0402519702911377,1.0,-0.0008717739838175476,0.2737247943878174,0.9285994172096252,0.9070784449577332,0.6813992857933044,0.20537462830543518,0.1870461255311966,-3.2771469705039635e-05,-2.902412597904913e-05,0.9309271574020386,0.9359598159790039,0.7019163370132446,0.21595783531665802,0.2027052342891693,0.9308540225028992,0.9354408383369446,0.7016198635101318,0.2160826474428177,0.20295028388500214,93499,3.3455843925476074,,,,,,,,,,,,,0.18959905207157135,0.061604540795087814,0.07304137945175171,0.6118496656417847,0.2720395028591156,0.11411114782094955,0.0,0.10601210594177246,0.156020388007164,0.4516315460205078,0.34561944007873535,0.18959905207157135
0.0162353515625,0.3235544264316559,0.0,0.0,0.0,0.5625,0.22860562801361084,4.232669830322266,0.0,0.879789412021637,0.0747557058930397,1.859375,29.661590576171875,0,-4.5192999839782715,0.5976088643074036,316.6233215332031,1.6145620346069336,0.9993442296981812,0.10000000149011612,0.49784478545188904,0.01957985945045948,0.025049012154340744,883.4074096679688,0.0,2.6005871295928955,4513711.0,0.045928310602903366,0.2493511140346527,0.1715422123670578,135.0,7.362994194030762,9.4570951461792,1.4124693870544434,1.0,11469.0,4513712.0,161.0,0.0006271952297538519,0.0,1.0,0.0014124293811619282,4468983.5,1398026.125,1483.1666259765625,1357.0,0.0,708.0,5213.0,4513711.0,-0.8950138092041016,-3.3205888271331787,0.7728761434555054,0.05725604295730591,163.0,2048.0,2.460239887237549,0.4766401946544647,0.0,5.440398693084717,0.2185440957546234,,,-0.027162736281752586,4454641.0,-0.008677616715431213,3.374272637302056e-05,1.020708441734314,-0.00531298853456974,6570.0,0.0,4513712.0,176.6077423095703,184.0,0.035296373069286346,35.6250114440918,0.19190634787082672,1.3988101482391357,54.0,16384.0,0.06936611235141754,0.04432154819369316,0.20345014333724976,0.16508926451206207,0.05978260934352875,1366.3365478515625,0.7440595626831055,0.9111807942390442,1.4377795457839966,0.004472651053220034,-0.4266815483570099,0.16742399334907532,0.062255859375,0.28544023633003235,0.5597544312477112,0.0,0.001592149492353201,1.0,1.0,0.7570266723632812,0.05873024836182594,0.21630553901195526,0.28235965967178345,0.4229376018047333,0.42470356822013855,0.82890784740448,0.6230789422988892,32.0,1.9608526229858398,1.0,-0.0007052601431496441,0.27382558584213257,0.9285025000572205,0.9071435928344727,0.6821091771125793,0.20472297072410583,0.18653085827827454,5.680138201569207e-05,3.132582060061395e-05,0.9308845400810242,0.9358052611351013,0.7020057439804077,0.2158505916595459,0.2026744782924652,0.9307752847671509,0.9355542659759521,0.7023392915725708,0.2154051810503006,0.20249110460281372,93999,3.3502116203308105,,,,,,,,,,,,,0.18863031268119812,0.0606394000351429,0.07197748869657516,0.6151694059371948,0.27101409435272217,0.11283090710639954,0.0,0.10587471723556519,0.1548765003681183,0.4493815302848816,0.3435068130493164,0.18863031268119812
0.0103759765625,0.30651262402534485,0.0,0.0,0.0,0.59375,0.22628723084926605,4.236339092254639,0.0,0.8733993768692017,0.074325792491436,1.8515625,29.671581268310547,0,-4.53352689743042,0.5952507257461548,207.05661010742188,1.6661819219589233,0.999333918094635,0.10000000149011612,0.49785956740379333,0.0196129959076643,0.02507430873811245,1002.719970703125,0.0,2.5995078086853027,4537627.0,0.04603984206914902,0.24933356046676636,0.15848129987716675,134.0,7.41525411605835,9.479666709899902,1.4124693870544434,0.0,11525.0,4537628.0,339.0,0.0014902286930009723,0.0,1.0,0.0014124293811619282,4492899.5,1399577.75,1597.1400146484375,1357.0,0.0,708.0,5250.0,4537627.0,-2.4119701385498047,-3.568502902984619,0.7744756937026978,0.06385286152362823,170.0,2048.0,2.3381524085998535,0.47313475608825684,0.0,5.413092613220215,0.21163244545459747,,,-0.026798555627465248,4478554.0,-0.008562917821109295,0.0002614542027004063,1.0207312107086182,-0.005217292346060276,6607.0,0.0,4537628.0,194.71998596191406,208.0,0.039619047194719315,30.390295028686523,0.19064517319202423,1.3360421657562256,50.0,16384.0,0.06951568275690079,0.04434042423963547,0.20357641577720642,0.16339021921157837,0.04891304299235344,1341.9901123046875,0.7411359548568726,0.9096004366874695,1.4351383447647095,0.003743827808648348,-0.41858041286468506,0.16143453121185303,0.037841796875,0.2883809506893158,0.5512381196022034,0.0,0.0014955581864342093,1.0,1.0,0.686368465423584,0.05554521456360817,0.22502635419368744,0.2647014558315277,0.4305093288421631,0.36955922842025757,0.7951701283454895,0.6132706999778748,32.0,1.9934380054473877,1.0,-0.0006620650528930128,0.2738247215747833,0.9286147952079773,0.9071146845817566,0.6823583841323853,0.20480582118034363,0.18665361404418945,0.0002596570993773639,4.61895797343459e-05,0.9308806657791138,0.9357053637504578,0.7021380662918091,0.21572178602218628,0.20266158878803253,0.9308679699897766,0.9355040788650513,0.7028079032897949,0.21540546417236328,0.20242314040660858,94499,3.3812174797058105,,,,,,,,,,,,,0.18820258975028992,0.06135040149092674,0.07261926680803299,0.6177963018417358,0.27603602409362793,0.11288605630397797,0.0,0.10480201244354248,0.15641114115715027,0.44941574335098267,0.3446137309074402,0.18820258975028992
0.01470947265625,0.3257095515727997,0.0,0.0,0.0,0.5,0.23052649199962616,4.162349224090576,0.0,0.8853428363800049,0.07385539263486862,1.8515625,29.619630813598633,0,-4.547689437866211,0.6075865030288696,349.45208740234375,1.6587356328964233,0.9993415474891663,0.10000000149011612,0.49780306220054626,0.01963915303349495,0.025096692144870758,1012.8367309570312,0.0,2.603991746902466,4561434.0,0.04604320973157883,0.24862320721149445,0.15859033167362213,132.0,7.429378509521484,9.492457389831543,1.4124693870544434,0.0,11567.0,4561435.0,279.0,0.0012183657381683588,0.0,1.0,0.0014124293811619282,4516706.5,1408735.125,1606.6326904296875,1357.0,0.0,708.0,5260.0,4561434.0,-3.896455764770508,-5.5398945808410645,0.7768430113792419,0.07138677686452866,167.0,2048.0,2.081653594970703,0.44104140996932983,0.0,5.478244781494141,0.21748949587345123,,,-0.026098808273673058,4502348.0,-0.008372029289603233,0.0004270962963346392,1.0201334953308105,-0.0038277916610240936,6617.0,0.0,4561435.0,196.59298706054688,207.0,0.039353612810373306,28.882625579833984,0.19029174745082855,1.31486177444458,49.0,16384.0,0.06957773119211197,0.0445060171186924,0.20443139970302582,0.16246654093265533,0.05978260934352875,1265.353515625,0.7411585450172424,0.9057270288467407,1.43605375289917,0.004310236312448978,-0.41893863677978516,0.1478077471256256,0.03271484375,0.24543726444244385,0.4815589487552643,0.0,0.0010479079792276025,1.0,1.0,0.5798003673553467,0.05899875611066818,0.217841237783432,0.27904224395751953,0.42852783203125,0.34387174248695374,0.7438889145851135,0.6075574159622192,32.0,1.9770914316177368,1.0,-0.0009405576856806874,0.27385225892066956,0.928597092628479,0.9069168567657471,0.6824226975440979,0.2045264095067978,0.18661850690841675,-0.00015319845988415182,6.033069803379476e-05,0.9308838844299316,0.9355973601341248,0.7025256752967834,0.21545182168483734,0.20248255133628845,0.9308668375015259,0.935356616973877,0.7029107809066772,0.2149822860956192,0.20229703187942505,94999,3.4459919929504395,,,,,,,,,,,,,0.18653970956802368,0.06087926775217056,0.07316839694976807,0.6187839508056641,0.2798417806625366,0.11297924071550369,0.0,0.10643485188484192,0.15899214148521423,0.45196670293807983,0.3455318510532379,0.18653970956802368
0.01129150390625,0.32959070801734924,0.0,0.0,0.0,0.71875,0.22978149354457855,4.247113227844238,0.0,0.8704038262367249,0.07417886704206467,1.859375,29.748456954956055,0,-4.561672687530518,0.5993896722793579,414.6341552734375,1.6728870868682861,0.9993330240249634,0.10000000149011612,0.49777376651763916,0.019692912697792053,0.02515326626598835,900.7825927734375,0.0,2.6029438972473145,4585446.0,0.04579925909638405,0.24637049436569214,0.16441723704338074,131.0,7.433615684509277,9.480560302734375,1.4124693870544434,0.0,11611.0,4585447.0,666.0,0.002852855948731303,0.0,1.0,0.0014124293811619282,4540718.5,1419673.875,1502.1304931640625,1364.0,0.0,708.0,5263.0,4585446.0,-1.542165756225586,-3.157628297805786,0.7785574793815613,0.08845484256744385,171.0,2048.0,2.408247709274292,0.47832345962524414,0.0,5.39599084854126,0.22417326271533966,,,-0.02589154988527298,4526357.0,-0.008331027813255787,0.0002185874036513269,1.020132303237915,-0.004808046855032444,6627.0,0.0,4585447.0,196.7080535888672,200.0,0.03800113871693611,29.850317001342773,0.19004389643669128,1.3040155172348022,46.0,16384.0,0.06968767940998077,0.04422580450773239,0.20382952690124512,0.16141043603420258,0.05978260934352875,1401.10400390625,0.7367157340049744,0.9103694558143616,1.4394153356552124,0.011414216831326485,-0.4096803665161133,0.15386898815631866,0.0478515625,0.2734181880950928,0.570397138595581,0.0,0.0011925660073757172,1.0,1.0,0.6543302536010742,0.049437038600444794,0.2175048142671585,0.21729570627212524,0.5218134522438049,0.325523316860199,0.8200117349624634,0.5892814993858337,32.0,2.151007890701294,1.0,-0.0007725271279923618,0.2736884653568268,0.9285041689872742,0.9067562818527222,0.6820359230041504,0.2049751579761505,0.18691331148147583,3.870964064844884e-06,-8.546520803065505e-06,0.9308756589889526,0.9354910850524902,0.7025310397148132,0.2153952419757843,0.20250862836837769,0.9307770133018494,0.9352220892906189,0.7024540305137634,0.21539266407489777,0.20253406465053558,95499,3.484447479248047,,,,,,,,,,,,,0.1866489201784134,0.06067027151584625,0.07143223285675049,0.6169884204864502,0.27745771408081055,0.11301293969154358,0.0,0.10737347602844238,0.1595567911863327,0.4535791873931885,0.3462057113647461,0.1866489201784134
0.01177978515625,0.35067105293273926,0.0,0.0,0.0,0.59375,0.22799593210220337,4.2907795906066895,0.0,0.8692171573638916,0.07434689998626709,1.859375,29.679800033569336,0,-4.575303077697754,0.6082226634025574,256.3737487792969,1.6698294878005981,0.9993510842323303,0.10000000149011612,0.4977153241634369,0.019715653732419014,0.02519834414124489,1015.723388671875,0.0,2.607675313949585,4609428.0,0.046177878975868225,0.24813054502010345,0.15721002221107483,130.0,7.450564861297607,9.538521766662598,1.4124693870544434,0.0,11667.0,4609429.0,827.0,0.0039363703690469265,0.0,1.0,0.0014124293811619282,4564700.5,1427271.75,1610.6595458984375,1377.0,0.0,708.0,5275.0,4609428.0,-3.805540084838867,-5.3063645362854,0.7796966433525085,0.08430550992488861,175.0,2049.0,2.145738363265991,0.4600726068019867,0.0,5.410375118255615,0.21174082159996033,,,-0.026458850130438805,4550332.0,-0.00853299256414175,0.0002586177142802626,1.0209808349609375,-0.004474974703043699,6652.0,0.0,4609429.0,199.87474060058594,206.0,0.03905213251709938,30.665145874023438,0.18966279923915863,1.301962971687317,47.0,16384.0,0.06986688822507858,0.0444190688431263,0.20516346395015717,0.16398240625858307,0.054347824305295944,1397.1895751953125,0.735329806804657,0.9099418520927429,1.4412251710891724,0.00601671077311039,-0.41874727606773376,0.16465047001838684,0.03515625,0.24701422452926636,0.495924174785614,0.0,0.001463353051804006,1.0,1.0,0.6082086563110352,0.05513831973075867,0.22815309464931488,0.3009580671787262,0.4207966923713684,0.35312920808792114,0.7648626565933228,0.6100006699562073,32.0,1.938238501548767,1.0,-0.0009571852860972285,0.27363038063049316,0.928357720375061,0.9066787362098694,0.681415319442749,0.20520661771297455,0.1868145912885666,-0.00021005347662139684,-4.1794217395363376e-05,0.9308174252510071,0.9353750348091125,0.7024150490760803,0.2153753787279129,0.20248490571975708,0.9306591153144836,0.9351835250854492,0.7018255591392517,0.21561092138290405,0.2026137113571167,95999,3.4213767051696777,,,,,,,,,,,,,0.18731838464736938,0.06099445000290871,0.07304461300373077,0.6207678318023682,0.2816736102104187,0.11282630264759064,0.0,0.10968711972236633,0.16256636381149292,0.45957186818122864,0.3498847484588623,0.18731838464736938
0.0174560546875,0.33598870038986206,0.0,0.0,0.0,0.5625,0.22889547049999237,4.227950096130371,0.0,0.873818039894104,0.07393946498632431,1.84375,29.61543846130371,0,-4.588766098022461,0.6044129133224487,406.468017578125,1.6383559703826904,0.9993374943733215,0.10000000149011612,0.4976470172405243,0.01969738118350506,0.025181926786899567,997.5581665039062,0.0,2.6057467460632324,4633293.0,0.045922502875328064,0.24772909283638,0.1664145290851593,130.0,7.474576473236084,9.60761547088623,1.4124693870544434,0.0,11709.0,4633294.0,559.0,0.0024821304250508547,0.0,1.0,0.0014124293811619282,4588565.5,1436051.625,1590.1163330078125,1382.0,0.0,708.0,5292.0,4633293.0,-0.6366024017333984,-3.710869550704956,0.780704140663147,0.12419598549604416,166.0,2048.0,2.2467713356018066,0.46153077483177185,0.0,5.249174118041992,0.23510707914829254,,,-0.02517324686050415,4574200.0,-0.008133338764309883,5.100234557176009e-05,1.019673466682434,-0.004967330954968929,6674.0,0.0,4633294.0,183.5664825439453,189.0,0.0357142873108387,36.32038879394531,0.18902091681957245,1.368373990058899,43.0,16384.0,0.06989391893148422,0.04450955241918564,0.20162685215473175,0.15799842774868011,0.054347824305295944,1553.46728515625,0.7327825427055359,0.9070003032684326,1.4404489994049072,0.01129587646573782,-0.4129825532436371,0.17118409276008606,0.037353515625,0.2868480682373047,0.5137944221496582,0.0,0.0010692216455936432,1.0,1.0,0.5517482757568359,0.042655833065509796,0.2267034500837326,0.29926347732543945,0.43890172243118286,0.39184024930000305,0.7804135084152222,0.6143455505371094,32.0,2.0432169437408447,1.0,-0.0006872974918223917,0.27363306283950806,0.9282850623130798,0.9065346121788025,0.6819381713867188,0.2050512582063675,0.18596778810024261,6.431055226130411e-05,-1.208247249451233e-05,0.9307413101196289,0.9352578520774841,0.7022871375083923,0.2155080884695053,0.20236900448799133,0.9305851459503174,0.9350313544273376,0.7022412419319153,0.21556471288204193,0.20181192457675934,96499,3.2108263969421387,,,,,,,,,,,,,0.1883799433708191,0.06118005886673927,0.07496309280395508,0.6026382446289062,0.2743094265460968,0.11552242934703827,0.0,0.10686120390892029,0.15637624263763428,0.45161738991737366,0.34475618600845337,0.1883799433708191
0.010986328125,0.3167212903499603,0.0,0.0,0.0,0.4375,0.2287941575050354,4.249383449554443,0.0,0.8739785552024841,0.0743022933602333,1.84375,29.512712478637695,0,-4.602230548858643,0.6202496886253357,225.77291870117188,1.6591252088546753,0.999330461025238,0.10000000149011612,0.49755144119262695,0.01970313861966133,0.025189580395817757,873.3912963867188,0.0,2.598860263824463,4657123.0,0.046491991728544235,0.2506895363330841,0.16975687444210052,129.0,7.484463214874268,9.636008262634277,1.4124693870544434,0.0,11755.0,4657124.0,1551.0,0.0067202444188296795,0.0,1.0,0.0014124293811619282,4612395.5,1447294.625,1476.4130859375,1385.0,0.0,708.0,5299.0,4657123.0,-0.9629154205322266,-3.8175482749938965,0.7826398015022278,0.07836372405290604,168.0,2048.0,2.11543869972229,0.4563935399055481,0.0,5.210474491119385,0.2084880769252777,,,-0.025975843891501427,4597993.0,-0.008414232172071934,0.00017632155504543334,1.0195982456207275,-0.004850634373724461,6684.0,0.0,4657124.0,169.11903381347656,177.0,0.03340252861380577,38.179935455322266,0.18877020478248596,1.4481528997421265,46.0,16384.0,0.07003162056207657,0.04450845718383789,0.20342034101486206,0.16218151152133942,0.05978260934352875,1389.5985107421875,0.7290595769882202,0.907021701335907,1.4407316446304321,0.0027166332583874464,-0.4210408926010132,0.1717894822359085,0.036865234375,0.2621249258518219,0.567842960357666,0.0,0.0014432931784540415,1.0,1.0,0.6071772575378418,0.05940771847963333,0.23275406658649445,0.25771263241767883,0.3980151414871216,0.3206207752227783,0.7738689184188843,0.6159288287162781,32.0,2.1005117893218994,1.0,-0.0008648355724290013,0.27386030554771423,0.9283407330513,0.9065333604812622,0.6816263198852539,0.20426470041275024,0.18594583868980408,-2.504354779375717e-05,-3.8013124594726833e-06,0.9306974411010742,0.9351779222488403,0.7021955847740173,0.2154441922903061,0.2022060602903366,0.9306278228759766,0.9350394010543823,0.7021355032920837,0.21490377187728882,0.20182816684246063,96999,3.391873359680176,,,,,,,,,,,,,0.18687953054904938,0.06032697856426239,0.07185839116573334,0.6138347387313843,0.27592769265174866,0.11268885433673859,0.0,0.10678049921989441,0.1568402498960495,0.4505002796649933,0.3437197804450989,0.18687953054904938
0.01507568359375,0.33742210268974304,0.0,0.0,0.0,0.625,0.22932596504688263,4.4115471839904785,0.0,0.8705846667289734,0.07452474534511566,1.8515625,29.625896453857422,0,-4.6154351234436035,0.6181377172470093,296.51983642578125,1.6569527387619019,0.9993327260017395,0.10000000149011612,0.49747738242149353,0.019712675362825394,0.025221599265933037,623.1851806640625,0.0,2.5998198986053467,4680899.0,0.0468989834189415,0.25294142961502075,0.17461362481117249,129.0,7.497175216674805,9.658891677856445,1.4124693870544434,0.0,11781.0,4680900.0,1029.0,0.0041926889680325985,0.0,1.0,0.0014124293811619282,4636171.5,1457172.375,1252.3333740234375,1389.0,0.0,708.0,5308.0,4680899.0,-0.9742584228515625,-2.6343095302581787,0.7833678126335144,0.06679489463567734,142.0,2049.0,2.242042303085327,0.4543059766292572,0.0,5.017387390136719,0.24324287474155426,,,-0.026019152253866196,4621751.0,-0.008451501838862896,-8.679772145114839e-05,1.0185202360153198,-0.005326156038790941,6697.0,0.0,4680900.0,138.58934020996094,148.0,0.027882441878318787,51.36003875732422,0.1885012984275818,1.6252936124801636,54.0,16384.0,0.06992222368717194,0.044649574905633926,0.20201106369495392,0.16083283722400665,0.054347824305295944,1355.6192626953125,0.7309892177581787,0.9044870138168335,1.4427831172943115,-0.007626380771398544,-0.40907320380210876,0.166705921292305,0.0419921875,0.2816503345966339,0.4628862142562866,0.0,0.001347178127616644,1.0,1.0,0.6201210021972656,0.03704407811164856,0.22914229333400726,0.28556057810783386,0.41117215156555176,0.38756614923477173,0.7470234632492065,0.6301149725914001,32.0,1.986979365348816,1.0,-0.0007585788262076676,0.27386224269866943,0.9283139109611511,0.9062578082084656,0.68165123462677,0.20398953557014465,0.18596932291984558,2.082797982438933e-05,-2.5897434170474298e-05,0.930670440196991,0.9350791573524475,0.7021791338920593,0.21510325372219086,0.2020328789949417,0.930580198764801,0.9347577095031738,0.7019653916358948,0.21479114890098572,0.20199500024318695,97499,3.37558650970459,,,,,,,,,,,,,0.18797513842582703,0.06042962148785591,0.07279357314109802,0.6133471131324768,0.2786177694797516,0.11312233656644821,0.0,0.11020645499229431,0.16073331236839294,0.4589149057865143,0.34870845079421997,0.18797513842582703
0.013671875,0.32617294788360596,0.0,0.0,0.0,0.40625,0.2297249138355255,4.329960346221924,0.0,0.8731998205184937,0.07425940036773682,1.8515625,29.630685806274414,0,-4.628665447235107,0.6217237710952759,404.91900634765625,1.6506119966506958,0.999329686164856,0.10000000149011612,0.49745726585388184,0.01974101923406124,0.025238975882530212,759.4680786132812,0.0,2.603468179702759,4704706.0,0.04609976336359978,0.2501285672187805,0.17511266469955444,131.0,7.522598743438721,9.73021125793457,1.4124693870544434,0.0,11825.0,4704707.0,1407.0,0.0060391793958842754,0.0,1.0,0.0014124293811619282,4659978.5,1462750.5,1372.829833984375,1396.0,0.0,708.0,5326.0,4704706.0,-0.9110164642333984,-2.936561107635498,0.7847124338150024,0.0808047205209732,160.0,2048.0,2.1747422218322754,0.46615099906921387,0.0,5.053259372711182,0.23450449109077454,,,-0.026568491011857986,4645558.0,-0.008650603704154491,0.00014200442819856107,1.0183788537979126,-0.005626882892102003,6722.0,0.0,4704707.0,161.47589111328125,172.0,0.03229440376162529,38.65314483642578,0.18780797719955444,1.4815679788589478,47.0,16384.0,0.07005733996629715,0.04455042630434036,0.2041275054216385,0.16174888610839844,0.054347824305295944,1401.521240234375,0.728652834892273,0.8979185819625854,1.443846583366394,0.005205629859119654,-0.40792974829673767,0.15931279957294464,0.0322265625,0.25704091787338257,0.48422831296920776,0.0,0.0011367953848093748,1.0,1.0,0.5620875358581543,0.044113125652074814,0.23451420664787292,0.28942978382110596,0.4361993670463562,0.3523574471473694,0.7649893760681152,0.5918267965316772,32.0,2.1675331592559814,1.0,-0.0007788987713865936,0.2738882601261139,0.9282505512237549,0.9059492945671082,0.682246744632721,0.20414064824581146,0.18590427935123444,0.00011009335867129266,2.5833864128799178e-05,0.9306281208992004,0.9349048137664795,0.7022603750228882,0.2150508463382721,0.20201121270656586,0.9305323958396912,0.9345022439956665,0.7025989294052124,0.21496275067329407,0.20188172161579132,97999,3.4554312229156494,,,,,,,,,,,,,0.18722763657569885,0.060237184166908264,0.07328121364116669,0.614631712436676,0.2779521346092224,0.11284011602401733,0.0,0.10840585827827454,0.1599072515964508,0.4555407464504242,0.34713488817214966,0.18722763657569885
0.01275634765625,0.32706210017204285,0.0,0.0,0.0,0.53125,0.23057204484939575,4.37061882019043,0.0,0.8755949139595032,0.07470142841339111,1.84375,29.58606719970703,0,-4.6415324211120605,0.6183255910873413,489.13763427734375,1.6416863203048706,0.9993281960487366,0.10000000149011612,0.4974501132965088,0.019793672487139702,0.025299234315752983,935.8809814453125,0.0,2.599796772003174,4728616.0,0.045857541263103485,0.24858494102954865,0.17822305858135223,131.0,7.535310745239258,9.769777297973633,1.4124693870544434,0.0,11883.0,4728617.0,5589.0,0.022037353366613388,0.0,1.0,0.0014124293811619282,4683888.5,1468386.75,1525.8095703125,1404.0,0.0,708.0,5335.0,4728616.0,-1.624246597290039,-2.876211404800415,0.7859069108963013,0.08006419986486435,168.0,2048.0,2.3700222969055176,0.4820598065853119,0.0,5.258009433746338,0.21252556145191193,,,-0.025711216032505035,4669461.0,-0.008379603736102581,0.0005311247077770531,1.0171661376953125,-0.003919487353414297,6739.0,0.0,4728617.0,176.67428588867188,187.0,0.03505154699087143,36.41904067993164,0.1874442994594574,1.4109296798706055,42.0,16383.0,0.07015055418014526,0.04447970911860466,0.20423142611980438,0.1635831594467163,0.05978260934352875,1398.3311767578125,0.7297482490539551,0.9050895571708679,1.4418764114379883,-0.0028491115663200617,-0.4170262813568115,0.1728268563747406,0.037841796875,0.2757263481616974,0.533645749092102,0.0,0.0014035804197192192,1.0,1.0,0.6251492500305176,0.052693188190460205,0.22668172419071198,0.28087902069091797,0.4523179531097412,0.3722476065158844,0.7902491092681885,0.608203113079071,31.999977111816406,2.009660005569458,1.0,-0.0011276504956185818,0.27370861172676086,0.9283167719841003,0.9058497548103333,0.6812110543251038,0.20484592020511627,0.18683357536792755,-0.00026006295229308307,-2.583872810646426e-05,0.9306036829948425,0.9347238540649414,0.7021931409835815,0.21512697637081146,0.2021103948354721,0.9305860996246338,0.9344263672828674,0.7016965746879578,0.21549375355243683,0.2026827484369278,98499,3.0086922645568848,,,,,,,,,,,,,0.18755117058753967,0.05985221266746521,0.07356914132833481,0.6066727042198181,0.2727484107017517,0.11424802243709564,0.0,0.11002787947654724,0.1584230363368988,0.4560020864009857,0.3459742069244385,0.18755117058753967
0.013427734375,0.34633585810661316,0.0,0.0,0.0,0.625,0.22939135134220123,4.220823287963867,0.0,0.8687708377838135,0.07453911006450653,1.8515625,29.630226135253906,0,-4.654119491577148,0.6051020622253418,418.316650390625,1.6524802446365356,0.9993380308151245,0.10000000149011612,0.4975113868713379,0.019809260964393616,0.025331974029541016,907.9545288085938,0.0,2.611778736114502,4752701.0,0.04597702622413635,0.24894218146800995,0.18074898421764374,132.0,7.566384315490723,9.809348106384277,1.4124693870544434,0.0,11942.0,4752702.0,642.0,0.00242371647618711,0.0,1.0,0.0014124293811619282,4707973.5,1475453.625,1499.227294921875,1405.0,0.0,708.0,5357.0,4752701.0,-1.4408740997314453,-3.068405866622925,0.7868070006370544,0.0811556726694107,177.0,2048.0,2.2566258907318115,0.4571537375450134,0.0,5.321653842926025,0.23172906041145325,,,-0.023763278499245644,4693528.0,-0.007775359321385622,0.0003577307506930083,1.0163944959640503,-0.003287126077339053,6762.0,0.0,4752702.0,188.94879150390625,201.0,0.03752100095152855,32.90735626220703,0.1868162602186203,1.3524245023727417,44.0,16384.0,0.07023052871227264,0.044545453041791916,0.20328523218631744,0.1632002294063568,0.05978260934352875,1384.1326904296875,0.7306642532348633,0.8994893431663513,1.4451525211334229,-0.005858410149812698,-0.42133498191833496,0.1652977466583252,0.0439453125,0.26208698749542236,0.5783087611198425,0.0,0.00153823453001678,1.0,1.0,0.609929084777832,0.04656030237674713,0.2373303472995758,0.25649553537368774,0.4005570411682129,0.31162211298942566,0.7636677622795105,0.6395167708396912,32.0,2.201263904571533,1.0,-0.0006472198874689639,0.27354490756988525,0.9282823801040649,0.9056816697120667,0.6810989379882812,0.20552358031272888,0.18702009320259094,0.00014935637591406703,-6.682083039777353e-05,0.9305889010429382,0.9345807433128357,0.7018610239028931,0.21542857587337494,0.2024361938238144,0.9305374026298523,0.9342483282089233,0.7014055252075195,0.21622148156166077,0.20295016467571259,98999,3.4565157890319824,,,,,,,,,,,,,0.1852187216281891,0.059581514447927475,0.0720660388469696,0.6166394948959351,0.28321927785873413,0.11357877403497696,0.0,0.10951888561248779,0.16335764527320862,0.4580952525138855,0.3485763669013977,0.1852187216281891
0.0145263671875,0.33166319131851196,0.0,0.0,0.0,0.53125,0.22853651642799377,4.4937334060668945,0.0,0.8740479350090027,0.07452940940856934,1.859375,29.604719161987305,0,-4.6666579246521,0.6155567169189453,299.6767578125,1.645768404006958,0.9993342161178589,0.10000000149011612,0.497435063123703,0.019797436892986298,0.025342360138893127,884.2391357421875,0.0,2.614961624145508,4776721.0,0.046287693083286285,0.2488250732421875,0.17757824063301086,132.0,7.608757019042969,9.86490249633789,1.4124693870544434,0.0,11975.0,4776722.0,36.0,0.001602155389264226,0.0,1.0,0.0014124293811619282,4731993.5,1481011.375,1479.5869140625,1407.0,0.0,708.0,5387.0,4776721.0,0.21777915954589844,-3.55548357963562,0.7877315878868103,0.09011544287204742,170.0,2048.0,2.399090528488159,0.49344968795776367,0.0,5.246689796447754,0.24453826248645782,,,-0.02335607074201107,4717548.0,-0.007654529996216297,0.0003461836895439774,1.0162266492843628,-0.003042219439521432,6794.0,0.021739130839705467,4776722.0,190.24114990234375,206.0,0.038240209221839905,34.903656005859375,0.1857047975063324,1.35158371925354,46.0,16384.0,0.07026831060647964,0.04443804919719696,0.20667845010757446,0.16472728550434113,0.06521739065647125,1429.17041015625,0.7288579940795898,0.896512508392334,1.4450957775115967,0.004414691124111414,-0.4345925748348236,0.16597428917884827,0.041015625,0.2662458121776581,0.44225770235061646,0.0,0.0014941270928829908,1.0,1.0,0.6036105155944824,0.06128830462694168,0.23335109651088715,0.28199341893196106,0.4795408546924591,0.3824516832828522,0.7863937616348267,0.5817538499832153,32.0,1.994140386581421,1.0,-0.0009180509368889034,0.27370524406433105,0.9282575249671936,0.9054715633392334,0.6816185116767883,0.20480172336101532,0.18598482012748718,-0.00012916336709167808,1.1284811080258805e-05,0.930580735206604,0.9344568848609924,0.7018837928771973,0.21554771065711975,0.2023685723543167,0.9305260181427002,0.9341286420822144,0.701852560043335,0.21550963819026947,0.20198984444141388,99499,3.410480499267578,,,,,,,,,,,,,0.18445976078510284,0.05960411950945854,0.07152974605560303,0.6283531785011292,0.2892422676086426,0.11109614372253418,0.0,0.10954421758651733,0.16479073464870453,0.4587947130203247,0.3492504954338074,0.18445976078510284
0.01416015625,0.3412861227989197,0.0,0.0,0.0,0.59375,0.2292361557483673,4.513916015625,0.0,0.8781372904777527,0.0739331766963005,1.84375,29.581212997436523,0,-4.67892599105835,0.6213696599006653,310.8837890625,1.6592016220092773,0.9993489384651184,0.10000000149011612,0.49745190143585205,0.019813157618045807,0.025351155549287796,849.0638427734375,0.0,2.6173040866851807,4800902.0,0.04638773202896118,0.2485952079296112,0.17581671476364136,132.0,7.620056629180908,9.93150520324707,1.4124693870544434,0.0,12022.0,4800903.0,168.0,0.0005944508011452854,0.0,1.0,0.0014124293811619282,4756174.5,1490763.875,1451.0,1412.0,0.0,708.0,5395.0,4800902.0,-0.48460960388183594,-3.60868763923645,0.7888236045837402,0.07068071514368057,170.0,2049.0,2.000631332397461,0.43878182768821716,0.0,5.208327293395996,0.22996026277542114,,,-0.024212254211306572,4741723.0,-0.007957268506288528,0.00060299999313429,1.0167404413223267,-0.003917737863957882,6807.0,0.0,4800903.0,185.38221740722656,194.0,0.03595922142267227,33.22671127319336,0.1854824423789978,1.3519728183746338,47.0,16384.0,0.07036330550909042,0.04448806867003441,0.20125922560691833,0.16038955748081207,0.06521739065647125,1549.9063720703125,0.7295939922332764,0.9110131859779358,1.4401546716690063,-0.007732477970421314,-0.3930690586566925,0.16912071406841278,0.03515625,0.2882298529148102,0.4100092649459839,0.0,0.0013033068971708417,1.0,1.0,0.6343963146209717,0.04928965121507645,0.22505968809127808,0.31918516755104065,0.4099040627479553,0.3968551754951477,0.6793820858001709,0.5968207716941833,32.0,2.316758871078491,1.0,-0.000665937433950603,0.27356672286987305,0.928211510181427,0.9054201245307922,0.6817982792854309,0.20501939952373505,0.18643394112586975,0.0001427710085408762,8.956334568210877e-06,0.9305528402328491,0.9342976808547974,0.7018644213676453,0.21569590270519257,0.20239338278770447,0.9304807782173157,0.9341006278991699,0.7020844221115112,0.21577203273773193,0.20239317417144775,99999,3.258786678314209,,,,,,,,,,,,,0.18838071823120117,0.0606551393866539,0.07313242554664612,0.6122161149978638,0.283620685338974,0.1147996336221695,0.0,0.10908100008964539,0.16316953301429749,0.46063125133514404,0.35155025124549866,0.18838071823120117
,,,,,,,,,,,,,0,,,,,,,,,,,,,,,,,,,,,,,,,,,,,,,,,,,,,,,,,,,,,,,,0.013423166237771511,0.1343526393175125,,,,,,,,,,,,,,,,,,,,,,,,,,,,,,,,,,,,,,,,,,,,,,,,,,,,,,,,,,,,,,,,,,,99999,,0.8372513651847839,72.22762298583984,86.24523162841797,14.017611503601074,3.905697822570801,76.1333236694336,70.2428207397461,74.0343246459961,86.8173599243164,4.736755847930908,92.53373718261719,87.79698181152344,,,,,,,,,,,,
0.0123291015625,0.3277721703052521,0.0,0.0,0.0,0.6875,0.22941863536834717,4.244889736175537,0.0,0.8855143785476685,0.07435892522335052,1.84375,29.566688537597656,0,-4.690913200378418,0.6158500909805298,309.81732177734375,1.6675500869750977,0.9993590116500854,0.10000000149011612,0.49741169810295105,0.019845446571707726,0.02538495697081089,946.4000244140625,0.0,2.619374990463257,4824692.0,0.046060483902692795,0.2480267733335495,0.17475396394729614,132.0,7.641242980957031,10.001900672912598,1.4124693870544434,0.0,12056.0,4824693.0,67.0,0.00017950932669918984,0.0,1.0,0.0014124293811619282,4779964.5,1498994.25,1536.6888427734375,1416.0,0.0,708.0,5410.0,4824692.0,-1.9852313995361328,-3.242058038711548,0.7899182438850403,0.09136907756328583,179.0,2048.0,2.3504605293273926,0.495259165763855,0.0,5.22511100769043,0.22824271023273468,,,-0.025169737637043,4765514.0,-0.008288607932627201,0.0005617463029921055,1.0171252489089966,-0.00391013827174902,6826.0,0.0,4824693.0,193.83297729492188,200.0,0.03696857765316963,29.46990394592285,0.18499889969825745,1.304384708404541,45.0,16384.0,0.07057439535856247,0.04446033015847206,0.20554140210151672,0.1628037393093109,0.054347824305295944,1361.8997802734375,0.7246576547622681,0.9021534323692322,1.441701889038086,0.0032608855981379747,-0.4159022271633148,0.18016405403614044,0.035888671875,0.31053605675697327,0.54121994972229,0.0,0.0013102747034281492,1.0,1.0,0.6631121635437012,0.03631845861673355,0.21840962767601013,0.2484281212091446,0.44325315952301025,0.3338339924812317,0.7723113298416138,0.6076579093933105,32.0,2.2465403079986572,1.0,-0.0007419706671498716,0.2735852301120758,0.9281504154205322,0.9049884676933289,0.6820632219314575,0.20473450422286987,0.18613864481449127,0.00010403448686702177,4.193070708424784e-05,0.930519700050354,0.934154212474823,0.7020795345306396,0.21553030610084534,0.20221038162708282,0.930423378944397,0.9337113499641418,0.7025565505027771,0.21530793607234955,0.2018962800502777,100499,3.361515998840332,,,,,,,,,,,,,0.18540988862514496,0.05969676002860069,0.0720662921667099,0.6190526485443115,0.2855428457260132,0.11367318034172058,0.0,0.11111661791801453,0.16499044001102448,0.46151694655418396,0.35040032863616943,0.18540988862514496
0.01483154296875,0.3317466378211975,0.0,0.0,0.0,0.625,0.2285255342721939,4.519153118133545,0.0,0.8664641976356506,0.07353991270065308,1.8515625,29.59086036682129,0,-4.702722072601318,0.6330965161323547,393.59393310546875,1.6800382137298584,0.9993378520011902,0.10000000149011612,0.4974402189254761,0.01984231360256672,0.02539081685245037,960.1738891601562,0.0,2.616580009460449,4848543.0,0.045776091516017914,0.24685706198215485,0.17402775585651398,132.0,7.646892547607422,9.998848915100098,1.4124693870544434,0.0,12098.0,4848544.0,55.0,0.00012841059651691467,0.0,1.0,0.0014124293811619282,4803815.5,1509517.75,1549.7391357421875,1427.0,0.0,708.0,5414.0,4848543.0,-1.825531005859375,-2.984666585922241,0.7916943430900574,0.05241979658603668,173.0,2049.0,2.282799482345581,0.42143791913986206,0.0,5.168253421783447,0.2325858324766159,,,-0.025336282327771187,4789336.0,-0.00836889073252678,0.0007198833045549691,1.017166256904602,-0.0037708356976509094,6841.0,0.0,4848544.0,188.8942108154297,203.0,0.03749538213014603,36.21691131591797,0.1849261224269867,1.3663678169250488,46.0,16384.0,0.07053031027317047,0.04455107823014259,0.2053421139717102,0.16165518760681152,0.04891304299235344,1363.8280029296875,0.7249295115470886,0.9035757780075073,1.4412364959716797,-0.006183246616274118,-0.401811808347702,0.17799916863441467,0.05419921875,0.28647950291633606,0.5386036038398743,0.0,0.0014579598791897297,1.0,1.0,0.6411490440368652,0.044555701315402985,0.22842402756214142,0.2977202534675598,0.44951003789901733,0.3798655867576599,0.7819734811782837,0.6178906559944153,32.0,2.3722593784332275,1.0,-0.0009718664223328233,0.27340051531791687,0.9281191825866699,0.9049002528190613,0.6818094253540039,0.20555755496025085,0.18700845539569855,-0.00020133967336732894,1.4997442121966742e-05,0.9304698705673218,0.9339426755905151,0.7022309899330139,0.21560581028461456,0.2022881805896759,0.930385410785675,0.933600902557373,0.70215904712677,0.21608242392539978,0.20282386243343353,100999,3.5126028060913086,,,,,,,,,,,,,0.1851346641778946,0.06004253029823303,0.0713144913315773,0.6261711120605469,0.2945035696029663,0.11338262259960175,0.0,0.10897773504257202,0.1696162074804306,0.4637286067008972,0.3547508716583252,0.1851346641778946
0.0086669921875,0.32675421237945557,0.0,0.0,0.0,0.65625,0.2290809601545334,4.305603981018066,0.0,0.8674377202987671,0.07416790723800659,1.84375,29.550321578979492,0,-4.714620113372803,0.6053159832954407,445.6805114746094,1.6856114864349365,0.9993395805358887,0.10000000149011612,0.49741482734680176,0.019842203706502914,0.025406567379832268,945.2678833007812,0.0,2.619063377380371,4872506.0,0.045923493802547455,0.24899199604988098,0.17087063193321228,132.0,7.649717330932617,9.995552062988281,1.4124693870544434,0.0,12124.0,4872507.0,2538.0,0.009747721254825592,0.0,1.0,0.0014124293811619282,4827778.5,1516392.375,1539.1964111328125,1440.0,0.0,708.0,5416.0,4872506.0,-0.36815452575683594,-3.2858667373657227,0.7924336791038513,0.08913984894752502,192.0,2048.0,2.1649880409240723,0.46661362051963806,0.0,5.243988037109375,0.23182234168052673,,,-0.023975998163223267,4813309.0,-0.007923399098217487,0.0006743011763319373,1.0163558721542358,-0.0030698857735842466,6856.0,0.0,4872507.0,209.6208038330078,218.0,0.04025110602378845,28.13694190979004,0.18465827405452728,1.258122444152832,56.0,16384.0,0.07072775810956955,0.044368017464876175,0.20037895441055298,0.1603541523218155,0.05978260934352875,1412.0128173828125,0.7251690030097961,0.9033443927764893,1.4411455392837524,0.0033574840053915977,-0.40398454666137695,0.17859120666980743,0.03466796875,0.32403987646102905,0.5426514148712158,0.0,0.0013399850577116013,1.0,1.0,0.6649875640869141,0.0463845394551754,0.22847914695739746,0.2662372589111328,0.3713071942329407,0.3701489567756653,0.7330747842788696,0.6441367268562317,32.0,2.04345965385437,1.0,-0.0006376131786964834,0.2735421359539032,0.9282837510108948,0.9051468968391418,0.6818670630455017,0.204691082239151,0.18618205189704895,0.00020389629935380071,-4.87022043671459e-06,0.9304770231246948,0.9338640570640564,0.7021346688270569,0.21570280194282532,0.20237894356250763,0.9305306673049927,0.933790922164917,0.7022912502288818,0.2153262197971344,0.2020677775144577,101499,3.3734114170074463,,,,,,,,,,,,,0.18699193000793457,0.05976816266775131,0.07322736084461212,0.6119610667228699,0.2867558002471924,0.11558042466640472,0.0,0.11301231384277344,0.16640949249267578,0.4664137363433838,0.35340142250061035,0.18699193000793457
0.01531982421875,0.3389119505882263,0.0,0.0,0.0,0.75,0.22756783664226532,4.2886271476745605,0.0,0.8754505515098572,0.07466530799865723,1.8359375,29.479625701904297,0,-4.726444244384766,0.617607831954956,399.1565246582031,1.655821442604065,0.9993283152580261,0.10000000149011612,0.49739810824394226,0.019872892647981644,0.025418803095817566,765.279052734375,0.0,2.620108127593994,4896331.0,0.045819565653800964,0.24928449094295502,0.16736333072185516,132.0,7.659604549407959,10.027188301086426,1.4124693870544434,0.0,12143.0,4896332.0,3894.0,0.01545743364840746,0.0,1.0,0.0014124293811619282,4851603.5,1526335.875,1383.0,1449.0,0.0,708.0,5423.0,4896331.0,-0.7530918121337891,-2.659069776535034,0.7935323715209961,0.06628891825675964,177.0,2048.0,1.9375137090682983,0.40426087379455566,0.0,5.000439643859863,0.24907764792442322,,,-0.023990847170352936,4837137.0,-0.007936409674584866,0.0007529540453106165,1.0163710117340088,-0.004997736774384975,6872.0,0.0,4896332.0,181.3643798828125,188.0,0.034667156636714935,35.603416442871094,0.18441103398799896,1.3602490425109863,43.0,16384.0,0.0708317831158638,0.044606298208236694,0.20147910714149475,0.16151466965675354,0.054347824305295944,1472.406982421875,0.7265195846557617,0.9035951495170593,1.4421768188476562,0.0014914070488885045,-0.414424329996109,0.18003180623054504,0.03515625,0.26940807700157166,0.39443111419677734,0.0,0.0012946011265739799,1.0,1.0,0.6101603507995605,0.04905613884329796,0.22034981846809387,0.3491334021091461,0.370180606842041,0.40972965955734253,0.6852582097053528,0.6193135380744934,32.0,2.085594415664673,1.0,-0.0006998980534262955,0.2737205922603607,0.9282731413841248,0.9051902294158936,0.6823157072067261,0.20442171394824982,0.18592654168605804,0.0001051482031471096,4.290133801987395e-05,0.9305034875869751,0.9338561296463013,0.7023102045059204,0.2155333012342453,0.20225149393081665,0.9305271506309509,0.9338758587837219,0.7027971744537354,0.21509164571762085,0.20185115933418274,101999,3.060368061065674,,,,,,,,,,,,,0.19097818434238434,0.06076337769627571,0.07520745694637299,0.6028110980987549,0.28006643056869507,0.1161642074584961,0.0,0.11433470249176025,0.1658354252576828,0.4711483120918274,0.35681360960006714,0.19097818434238434
0.01434326171875,0.3309802711009979,0.0,0.0,0.0,0.40625,0.23090201616287231,4.43609619140625,0.0,0.8782677054405212,0.07430988550186157,1.84375,29.493276596069336,0,-4.738033294677734,0.6151672005653381,392.3025207519531,1.6888924837112427,0.9993374943733215,0.10000000149011612,0.4973519742488861,0.019885117188096046,0.025439508259296417,838.5681762695312,0.0,2.6109118461608887,4919788.0,0.04620257019996643,0.25170987844467163,0.16997596621513367,127.0,7.672316551208496,10.0022611618042,1.4124693870544434,0.0,12183.0,4919789.0,185.0,0.0006553734419867396,0.0,1.0,0.0014124293811619282,4875060.5,1537680.625,1444.5,1450.0,0.0,708.0,5432.0,4919788.0,-2.1375484466552734,-3.8853652477264404,0.7940979599952698,0.07525898516178131,180.0,2048.0,2.256866455078125,0.4710913300514221,0.0,5.125978469848633,0.18309146165847778,,,-0.023787589743733406,4860594.0,-0.007882244884967804,0.0007013618014752865,1.0160064697265625,-0.0034502320922911167,6882.0,0.0,4919789.0,183.9964141845703,201.0,0.03700294718146324,39.186702728271484,0.18414974212646484,1.3776593208312988,44.0,16384.0,0.07098623365163803,0.04453646391630173,0.202877014875412,0.1625700145959854,0.06521739065647125,1493.815673828125,0.7263208627700806,0.9081029295921326,1.4441579580307007,0.007679288741201162,-0.4153161346912384,0.18130983412265778,0.034912109375,0.27761414647102356,0.5388438701629639,0.0,0.0013156119966879487,1.0,1.0,0.6056632995605469,0.05346031114459038,0.22189579904079437,0.28194761276245117,0.43215927481651306,0.35820770263671875,0.7907136678695679,0.6013942360877991,32.0,2.1190803050994873,1.0,-0.0010481574572622776,0.2736007273197174,0.9283142685890198,0.9049738049507141,0.6820962429046631,0.20453545451164246,0.1861262321472168,-0.00023721595061942935,3.486447531031445e-05,0.9305269122123718,0.9338324069976807,0.7025678753852844,0.21523213386535645,0.2020011693239212,0.9305543303489685,0.9336708784103394,0.7026395797729492,0.2150910198688507,0.2018832564353943,102499,3.260664939880371,,,,,,,,,,,,,0.19028687477111816,0.06034580618143082,0.07443222403526306,0.6117841005325317,0.2867039740085602,0.11572304368019104,0.0,0.11269903182983398,0.16936099529266357,0.4723469018936157,0.35964787006378174,0.19028687477111816
0.00921630859375,0.3176262080669403,0.0,0.0,0.0,0.53125,0.2280692160129547,4.418828010559082,0.0,0.8771532773971558,0.07430148124694824,1.84375,29.53142738342285,0,-4.749431133270264,0.6152722239494324,322.3209228515625,1.7024636268615723,0.9993408918380737,0.10000000149011612,0.4973791539669037,0.019925756379961967,0.025478091090917587,840.826904296875,0.0,2.612931251525879,4943934.0,0.046937983483076096,0.2540650963783264,0.17195770144462585,127.0,7.68220329284668,10.04047679901123,1.4124693870544434,0.0,12219.0,4943935.0,227.0,0.0007762669702060521,0.0,1.0,0.0014124293811619282,4899206.5,1548474.875,1447.40380859375,1453.0,0.0,708.0,5439.0,4943934.0,-2.248800277709961,-3.876110792160034,0.796158492565155,0.08440544456243515,175.0,2048.0,2.255342960357666,0.4502388834953308,0.0,5.164285182952881,0.19951164722442627,,,-0.023045731708407402,4884729.0,-0.007654294371604919,0.0006282192771323025,1.015161395072937,-0.0028901502955704927,6892.0,0.0,4943935.0,195.5649871826172,215.0,0.03952932357788086,37.301551818847656,0.18393574655056,1.3358763456344604,52.0,16384.0,0.07090334594249725,0.04450029507279396,0.20178569853305817,0.1628909558057785,0.04891304299235344,1394.7508544921875,0.7239039540290833,0.8948756456375122,1.441836953163147,0.007601947523653507,-0.41257166862487793,0.17928962409496307,0.055419921875,0.3074094355106354,0.5436661243438721,0.0,0.0013039371697232127,1.0,1.0,0.6128344535827637,0.05054100230336189,0.21750353276729584,0.3208584189414978,0.46157512068748474,0.4279397130012512,0.7977721095085144,0.6153232455253601,32.0,2.095020055770874,1.0,-0.00046533008571714163,0.2735242545604706,0.9282581210136414,0.9047829508781433,0.6823304891586304,0.20466572046279907,0.18622474372386932,0.0003342458512634039,-1.1018592886102851e-05,0.930528998374939,0.9337344169616699,0.7024503350257874,0.21538376808166504,0.20210620760917664,0.9305059909820557,0.933489203453064,0.702682614326477,0.2154109925031662,0.20204301178455353,102999,3.436591386795044,,,,,,,,,,,,,0.1848442256450653,0.05907711386680603,0.0717974603176117,0.6211411952972412,0.2957184314727783,0.11374042928218842,0.0,0.1130339503288269,0.1722356379032135,0.4701138138771057,0.3570798635482788,0.1848442256450653
0.0164794921875,0.3400714695453644,0.0,0.0,0.0,0.5625,0.2281171977519989,4.496273517608643,0.0,0.8651195764541626,0.07445333898067474,1.84375,29.545249938964844,0,-4.760555744171143,0.6185853481292725,378.7236022949219,1.672016978263855,0.9993409514427185,0.10000000149011612,0.4973819851875305,0.019929615780711174,0.025489553809165955,860.0425415039062,0.0,2.6178202629089355,4967887.0,0.046970125287771225,0.2543238401412964,0.17432379722595215,127.0,7.693502902984619,10.067697525024414,1.4124693870544434,0.0,12253.0,4967888.0,863.0,0.00353267346508801,0.0,1.0,0.0014124293811619282,4923159.5,1560007.5,1460.404296875,1458.0,0.0,708.0,5447.0,4967887.0,-3.6038475036621094,-4.734189510345459,0.7975491881370544,0.0830434188246727,173.0,2049.0,2.2744479179382324,0.4619907736778259,0.0,5.156922340393066,0.20918084681034088,,,-0.024655738845467567,4908656.0,-0.008204828016459942,0.00067172572016716,1.0162458419799805,-0.004111420828849077,6905.0,0.0,4967888.0,183.86598205566406,202.0,0.037084635347127914,41.272682189941406,0.18365004658699036,1.381116271018982,47.0,16384.0,0.07101168483495712,0.04451172053813934,0.20243263244628906,0.16188232600688934,0.054347824305295944,1449.3046875,0.7227566838264465,0.9023021459579468,1.442508578300476,0.005773739889264107,-0.4079767167568207,0.1743161380290985,0.03955078125,0.30163392424583435,0.5070680975914001,0.0,0.0013644157443195581,1.0,1.0,0.6811714172363281,0.050036534667015076,0.21813084185123444,0.29113447666168213,0.4063303470611572,0.3873310089111328,0.7343024611473083,0.619335412979126,32.0,2.3281140327453613,1.0,-0.0010152190225198865,0.273590087890625,0.9281509518623352,0.9048337936401367,0.6823039650917053,0.20497819781303406,0.18633580207824707,-0.0001993229816434905,3.3062253351090476e-05,0.9305209517478943,0.9336795806884766,0.7026781439781189,0.21534663438796997,0.20201881229877472,0.9304124116897583,0.9335867762565613,0.7027751803398132,0.21557866036891937,0.2021068036556244,103499,3.474846124649048,,,,,,,,,,,,,0.18327008187770844,0.05816740170121193,0.07081292569637299,0.6177559494972229,0.29305896162986755,0.1140415146946907,0.0,0.1134636402130127,0.1708335429430008,0.4675672650337219,0.35410362482070923,0.18327008187770844
0.0157470703125,0.34257131814956665,0.0,0.0,0.0,0.5625,0.22813650965690613,4.438331127166748,0.0,0.878031849861145,0.07433286309242249,1.84375,29.52484703063965,0,-4.771576404571533,0.6045775413513184,501.8143005371094,1.719307541847229,0.9993417263031006,0.10000000149011612,0.49739891290664673,0.01991766132414341,0.025495445355772972,946.4166870117188,0.0,2.622131586074829,4991863.0,0.046566978096961975,0.2519512474536896,0.17598718404769897,125.0,7.7048020362854,10.07912826538086,1.4124693870544434,0.0,12308.0,4991864.0,36.0,0.0009997655870392919,0.0,1.0,0.0014124293811619282,4947135.5,1570430.25,1535.9375,1467.0,0.0,708.0,5455.0,4991863.0,0.5397605895996094,-4.998887538909912,0.7993189692497253,0.06902581453323364,179.0,2049.0,2.3527603149414062,0.47158870100975037,0.0,5.225162982940674,0.208526611328125,,,-0.023088419809937477,4932608.0,-0.007691546343266964,0.00031993011361919343,1.0153244733810425,-0.0034031388349831104,6922.0,0.02083333395421505,4991864.0,199.5410614013672,219.0,0.04014665260910988,38.729461669921875,0.1834850162267685,1.3231092691421509,48.0,16384.0,0.07102271169424057,0.044506244361400604,0.20088186860084534,0.16187752783298492,0.05978260934352875,1426.708740234375,0.722161054611206,0.9008511304855347,1.4491561651229858,0.002591113792732358,-0.41394278407096863,0.17191511392593384,0.044921875,0.23799046874046326,0.594059407711029,0.0,0.0012952290708199143,1.0,1.0,0.6021499633789062,0.049317535012960434,0.22481442987918854,0.24871931970119476,0.4097706079483032,0.28862929344177246,0.8030737638473511,0.6350956559181213,32.0,2.0682554244995117,1.0,-0.000757601170334965,0.273605614900589,0.928109884262085,0.9046710133552551,0.6822713017463684,0.20499631762504578,0.18631497025489807,6.047559145372361e-05,-1.1566100511117838e-05,0.9304696917533875,0.9335934519767761,0.7026310563087463,0.2155153900384903,0.20209716260433197,0.9303643107414246,0.9333893656730652,0.702586829662323,0.21581754088401794,0.2022404819726944,103999,3.3243889808654785,,,,,,,,,,,,,0.1891242265701294,0.06019766628742218,0.07403549551963806,0.6160553693771362,0.2957390546798706,0.11574438214302063,0.0,0.11556512117385864,0.17539817094802856,0.4800875186920166,0.36452239751815796,0.1891242265701294
0.0101318359375,0.3412158787250519,0.0,0.0,0.0,0.53125,0.23022010922431946,4.363483905792236,0.0,0.8776665329933167,0.074515700340271,1.84375,29.500812530517578,0,-4.782384872436523,0.6240295171737671,406.3226013183594,1.6871308088302612,0.9993425607681274,0.10000000149011612,0.49735015630722046,0.019943609833717346,0.025524919852614403,855.5777587890625,0.0,2.624452829360962,5015914.0,0.04614393040537834,0.25015342235565186,0.1672772914171219,125.0,7.7387003898620605,10.090584754943848,1.4124693870544434,0.0,12350.0,5015915.0,2069.0,0.007562200538814068,0.0,1.0,0.0014124293811619282,4971186.5,1576649.0,1460.4666748046875,1467.0,0.0,708.0,5479.0,5015914.0,-0.9460372924804688,-2.5207393169403076,0.800241231918335,0.0771549791097641,177.0,2048.0,2.3212785720825195,0.4647521376609802,0.0,5.123002052307129,0.20616939663887024,,,-0.021932406350970268,4956653.0,-0.007315235678106546,0.00019190844614058733,1.013508915901184,-0.0035600520204752684,6946.0,0.0,5015915.0,185.25717163085938,194.0,0.03540791943669319,39.13059997558594,0.18254835903644562,1.3596512079238892,45.0,16384.0,0.07102128863334656,0.04450803995132446,0.20354031026363373,0.1628130078315735,0.05978260934352875,1433.896240234375,0.7248154282569885,0.9000455141067505,1.4459824562072754,0.015753531828522682,-0.4032737612724304,0.16825036704540253,0.037353515625,0.27468517422676086,0.5592261552810669,0.0,0.0014726488152518868,1.0,1.0,0.6469588279724121,0.043850127607584,0.21918931603431702,0.26072967052459717,0.39750081300735474,0.3416473865509033,0.7528607249259949,0.6397988200187683,32.0,2.1665053367614746,1.0,-0.000971350003965199,0.27366912364959717,0.9280361533164978,0.9044522047042847,0.682248055934906,0.20482128858566284,0.18627910315990448,-0.00014912390906829387,3.130454615529743e-06,0.9304159283638,0.9334731698036194,0.7026936411857605,0.21559949219226837,0.20215243101119995,0.9302946329116821,0.9331382513046265,0.7025697231292725,0.21562650799751282,0.2022278904914856,104499,3.315638542175293,,,,,,,,,,,,,0.1871848702430725,0.05956654250621796,0.07195653766393661,0.6178633570671082,0.2930798828601837,0.11406528204679489,0.0,0.11405327916145325,0.172296941280365,0.47353509068489075,0.3594818115234375,0.1871848702430725
0.0120849609375,0.336843341588974,0.0,0.0,0.0,0.625,0.22773782908916473,4.3419084548950195,0.0,0.8654696941375732,0.07447810471057892,1.84375,29.481117248535156,0,-4.793033599853516,0.6158407926559448,352.1566162109375,1.7031527757644653,0.9993380904197693,0.10000000149011612,0.497281551361084,0.019942214712500572,0.02553473971784115,966.59521484375,0.0,2.6196205615997314,5039736.0,0.045838482677936554,0.24990049004554749,0.16267482936382294,128.0,7.768361568450928,10.146732330322266,1.4124693870544434,0.0,12392.0,5039737.0,368.0,0.0014051093021407723,0.0,1.0,0.0014124293811619282,4995008.5,1581955.75,1564.2142333984375,1470.0,0.0,708.0,5500.0,5039736.0,-1.7348480224609375,-3.113553285598755,0.8014023303985596,0.07642196863889694,182.0,2048.0,2.2344913482666016,0.4529235363006592,0.0,5.13181209564209,0.22617800533771515,,,-0.02182883583009243,4980468.0,-0.007300321478396654,0.00040656590135768056,1.0134276151657104,-0.003595229471102357,6970.0,0.0,5039737.0,204.53025817871094,215.0,0.03909090906381607,35.36348342895508,0.18188755214214325,1.2808985710144043,42.0,16384.0,0.07112634927034378,0.0446554496884346,0.20261892676353455,0.16192148625850677,0.06521739065647125,1516.1739501953125,0.7175803184509277,0.8936750292778015,1.4446804523468018,-0.003343582386150956,-0.4060267210006714,0.1750568151473999,0.043701171875,0.26981818675994873,0.5954545736312866,0.0,0.0012721318053081632,1.0,1.0,0.6314697265625,0.052720002830028534,0.22641097009181976,0.21506403386592865,0.4775209426879883,0.29586899280548096,0.8240076899528503,0.6119804382324219,32.0,2.158439874649048,1.0,-0.0007639001705683768,0.27365604043006897,0.9280134439468384,0.9041665196418762,0.6822285652160645,0.20451799035072327,0.18590962886810303,9.061587479664013e-05,-9.151334552370827e-07,0.9303721189498901,0.9332871437072754,0.7026597261428833,0.21551939845085144,0.2020912915468216,0.930263340473175,0.9328609704971313,0.7027392983436584,0.2152881920337677,0.20182190835475922,104999,3.514446258544922,,,,,,,,,,,,,0.18519724905490875,0.058724626898765564,0.07147680222988129,0.6230968236923218,0.2985120713710785,0.1140655130147934,0.0,0.11328357458114624,0.1749068945646286,0.4733877182006836,0.36010414361953735,0.18519724905490875
0.0157470703125,0.32514846324920654,0.0,0.0,0.0,0.4375,0.22816041111946106,4.375461578369141,0.0,0.8693691492080688,0.07469502091407776,1.84375,29.49928855895996,0,-4.803431510925293,0.6243942379951477,455.5897521972656,1.7074744701385498,0.9993478059768677,0.10000000149011612,0.49722933769226074,0.01998096890747547,0.025577999651432037,1059.4884033203125,0.0,2.6268906593322754,5063714.0,0.046178922057151794,0.2511567175388336,0.166510209441185,128.0,7.790960311889648,10.149870872497559,1.4124693870544434,0.0,12429.0,5063715.0,3916.0,0.015059099532663822,0.0,1.0,0.0014124293811619282,5018986.5,1591730.75,1643.744140625,1473.0,0.0,708.0,5516.0,5063714.0,-2.1413135528564453,-3.4117887020111084,0.8023286461830139,0.09675073623657227,186.0,2048.0,2.5601096153259277,0.5200058221817017,0.0,5.254291534423828,0.21100643277168274,,,-0.021830974146723747,5004440.0,-0.0073277889750897884,0.0004885091329924762,1.0133503675460815,-0.002858579158782959,6989.0,0.0,5063715.0,214.92391967773438,224.0,0.04060913622379303,32.68415451049805,0.18129853904247284,1.2357629537582397,43.0,16384.0,0.07117802649736404,0.04462806507945061,0.20219719409942627,0.16242899000644684,0.05978260934352875,1453.08154296875,0.7201273441314697,0.8893542885780334,1.4461983442306519,0.006026320159435272,-0.402775377035141,0.1819479763507843,0.03369140625,0.33448150753974915,0.5426033139228821,0.0,0.0012753456830978394,1.0,1.0,0.6247119903564453,0.04150557890534401,0.22228051722049713,0.253303587436676,0.44766145944595337,0.3627093434333801,0.7872734069824219,0.6240192651748657,31.999977111816406,2.2510390281677246,1.0,-0.0009475520928390324,0.2735963761806488,0.9280065894126892,0.9041494131088257,0.681843638420105,0.20477434992790222,0.18613646924495697,-0.00015547139628324658,-2.2785239707445726e-05,0.9303391575813293,0.9331197738647461,0.7026664018630981,0.21544688940048218,0.20199492573738098,0.9302600622177124,0.9329013824462891,0.7023018002510071,0.2154918611049652,0.20205925405025482,105499,3.476583957672119,,,,,,,,,,,,,0.1830940842628479,0.058371856808662415,0.06973539292812347,0.6231154203414917,0.3034469485282898,0.11411729454994202,0.0,0.11731499433517456,0.18007370829582214,0.4804827868938446,0.36316779255867004,0.1830940842628479
0.0164794921875,0.32266199588775635,0.0,0.0,0.0,0.40625,0.22867873311042786,4.210379123687744,0.0,0.8782315254211426,0.07470815628767014,1.828125,29.373188018798828,0,-4.813677787780762,0.600275993347168,414.2299499511719,1.6794430017471313,0.9993237257003784,0.10000000149011612,0.49708372354507446,0.01996583119034767,0.025574015453457832,1032.022705078125,0.0,2.6238694190979004,5087770.0,0.04661019146442413,0.25266265869140625,0.16901730000972748,127.0,7.80084753036499,10.150697708129883,1.4124693870544434,0.0,12461.0,5087771.0,2301.0,0.00932168960571289,0.0,1.0,0.0014124293811619282,5043042.5,1603396.875,1616.5682373046875,1477.0,0.0,708.0,5523.0,5087770.0,-2.4524497985839844,-3.403286933898926,0.8027483224868774,0.07408981770277023,197.0,2048.0,2.449932098388672,0.4684891700744629,0.0,5.149523735046387,0.21367095410823822,,,-0.022460049018263817,5028487.0,-0.007545894477516413,0.000793984392657876,1.0133520364761353,-0.003352690953761339,7000.0,0.0,5087771.0,216.53213500976562,228.0,0.041281912475824356,34.396480560302734,0.18107810616493225,1.2390435934066772,44.0,16384.0,0.07129135727882385,0.0446486659348011,0.20150965452194214,0.16169756650924683,0.05978260934352875,1450.5101318359375,0.7189563512802124,0.8967630863189697,1.4455041885375977,0.005932589992880821,-0.41033583879470825,0.1810157597064972,0.056396484375,0.2860763967037201,0.5736013054847717,0.0,0.0013459617039188743,1.0,1.0,0.577883243560791,0.05881912633776665,0.223851278424263,0.3117337226867676,0.42105841636657715,0.4086921811103821,0.7966517806053162,0.6505928635597229,32.0,2.0926270484924316,1.0,-0.0007403122144751251,0.27373412251472473,0.9279497265815735,0.9039583206176758,0.6820797324180603,0.20367640256881714,0.18527857959270477,0.0001274598325835541,-2.4092303192446707e-06,0.930299699306488,0.932999312877655,0.7025361657142639,0.21531440317630768,0.20194028317928314,0.9302170872688293,0.932738721370697,0.7026390433311462,0.2144101858139038,0.2011827528476715,105999,3.245936632156372,,,,,,,,,,,,,0.18910138309001923,0.05973599851131439,0.0733209028840065,0.6111488342285156,0.29279476404190063,0.11607368290424347,0.0,0.1154954731464386,0.17318491637706757,0.4777817726135254,0.3622862994670868,0.18910138309001923
0.01434326171875,0.3295924663543701,0.0,0.0,0.0,0.625,0.22898276150226593,4.3894124031066895,0.0,0.866203784942627,0.07478266209363937,1.8359375,29.384531021118164,0,-4.823734760284424,0.6118761301040649,420.65435791015625,1.6766663789749146,0.9993283748626709,0.10000000149011612,0.49699878692626953,0.019992446526885033,0.025604819878935814,1012.1818237304688,0.0,2.6284279823303223,5111742.0,0.04648573696613312,0.25181278586387634,0.16840513050556183,126.0,7.806497097015381,10.166540145874023,1.4124693870544434,0.0,12515.0,5111743.0,916.0,0.003486636560410261,0.0,1.0,0.0014124293811619282,5067014.5,1617089.625,1600.4090576171875,1480.0,0.0,708.0,5527.0,5111742.0,-1.8202953338623047,-3.2317402362823486,0.8034267425537109,0.08794482797384262,190.0,2050.0,2.19026517868042,0.47545331716537476,0.0,5.172997951507568,0.2217128425836563,,,-0.022788818925619125,5052451.0,-0.007665547076612711,0.000663206388708204,1.0133219957351685,-0.002780505223199725,7007.0,0.0,5111743.0,226.42933654785156,238.0,0.043061334639787674,30.67283821105957,0.18097905814647675,1.2054418325424194,44.0,16384.0,0.0713285282254219,0.04467053711414337,0.20252318680286407,0.16349904239177704,0.06521739065647125,1516.3193359375,0.7162469625473022,0.8976069092750549,1.4479806423187256,0.004070153925567865,-0.3995685875415802,0.18398882448673248,0.031982421875,0.27935588359832764,0.5174597501754761,0.0,0.0013457726454362273,1.0,1.0,0.5597491264343262,0.053056832402944565,0.22520163655281067,0.30963045358657837,0.4435734152793884,0.3718300461769104,0.7754188776016235,0.6176699995994568,32.0,2.1664321422576904,1.0,-0.0007789816590957344,0.27369019389152527,0.927986741065979,0.9038993716239929,0.6819971799850464,0.20356115698814392,0.18521006405353546,5.2938044973416254e-05,4.481193172978237e-06,0.9302824139595032,0.932894229888916,0.7025682926177979,0.21486687660217285,0.20154181122779846,0.9302564859390259,0.9327059984207153,0.7026579976081848,0.21426242589950562,0.20114131271839142,106499,3.14009952545166,,,,,,,,,,,,,0.18894344568252563,0.05937226116657257,0.07227140665054321,0.6102032661437988,0.2897552251815796,0.11718510091304779,0.0,0.11472919583320618,0.17307284474372864,0.47674548625946045,0.3620162904262543,0.18894344568252563
0.013671875,0.330895334482193,0.0,0.0,0.0,0.5625,0.22934584319591522,4.381723880767822,0.0,0.8764956593513489,0.07442271709442139,1.828125,29.357131958007812,0,-4.8335676193237305,0.6100776195526123,402.6146545410156,1.7175264358520508,0.9993354678153992,0.10000000149011612,0.49695587158203125,0.01998201757669449,0.025612078607082367,1067.6800537109375,0.0,2.6257762908935547,5135794.0,0.04631080850958824,0.25159338116645813,0.17179889976978302,127.0,7.816384315490723,10.185418128967285,1.4124693870544434,0.0,12558.0,5135795.0,723.0,0.0026494264602661133,0.0,1.0,0.0014124293811619282,5091066.5,1627722.5,1644.1800537109375,1490.0,0.0,708.0,5534.0,5135794.0,-1.7271442413330078,-2.974212408065796,0.8042453527450562,0.07321088016033173,193.0,2048.0,2.4752309322357178,0.46232908964157104,0.0,5.189089775085449,0.22703464329242706,,,-0.02151324786245823,5076474.0,-0.007246572058647871,0.0006999768083915114,1.0130386352539062,-0.0029487654101103544,7024.0,0.0,5135795.0,230.2171630859375,241.0,0.04354897141456604,29.108190536499023,0.18078555166721344,1.1891374588012695,50.0,16384.0,0.07145491242408752,0.044532231986522675,0.20066584646701813,0.16129475831985474,0.054347824305295944,1634.75439453125,0.716701865196228,0.8999112844467163,1.445932388305664,-0.0010218890383839607,-0.41508832573890686,0.1874096542596817,0.057373046875,0.2941814363002777,0.595410168170929,0.0,0.0011100857518613338,1.0,1.0,0.7063546180725098,0.055544305592775345,0.22257722914218903,0.28897708654403687,0.4644321799278259,0.362632691860199,0.8390408754348755,0.6271121501922607,32.0,2.161520004272461,1.0,-0.0008413529139943421,0.27362462878227234,0.9279618263244629,0.9036874175071716,0.6819395422935486,0.20395129919052124,0.1855090707540512,-6.886858318466693e-05,-3.145126584058744e-06,0.9302810430526733,0.932788610458374,0.7025641202926636,0.2147686630487442,0.20150654017925262,0.9302194714546204,0.9324580430984497,0.7024650573730469,0.2147350162267685,0.20152826607227325,106999,3.3501944541931152,,,,,,,,,,,,,0.18605013191699982,0.05891403928399086,0.0715496763586998,0.6161184310913086,0.2975722551345825,0.1153964176774025,0.0,0.11750409007072449,0.17539741098880768,0.478951632976532,0.3614475429058075,0.18605013191699982
0.0140380859375,0.33052846789360046,0.0,0.0,0.0,0.65625,0.23021869361400604,4.342423439025879,0.0,0.8779742121696472,0.07443639636039734,1.8359375,29.360300064086914,0,-4.843277931213379,0.6129884719848633,570.3607788085938,1.7076786756515503,0.9993380308151245,0.10000000149011612,0.49692273139953613,0.02000703290104866,0.025645826011896133,946.7825927734375,0.0,2.623678207397461,5159819.0,0.046393197029829025,0.2526024878025055,0.16340820491313934,128.0,7.83474588394165,10.198016166687012,1.4124693870544434,0.0,12584.0,5159820.0,2369.0,0.009118704125285149,0.0,1.0,0.0014124293811619282,5115091.5,1636611.875,1542.6739501953125,1494.0,0.0,708.0,5547.0,5159819.0,-2.004030227661133,-3.60849928855896,0.8047166466712952,0.06586576253175735,179.0,2048.0,2.263040065765381,0.460584819316864,0.0,5.09406852722168,0.23170259594917297,,,-0.02170080691576004,5100495.0,-0.0073159183375537395,0.0006028210045769811,1.0133377313613892,-0.003064303658902645,7041.0,0.0,5159820.0,215.0226287841797,223.0,0.040201909840106964,30.88691520690918,0.18029260635375977,1.226730465888977,46.0,16384.0,0.07148368656635284,0.04444089159369469,0.20132800936698914,0.1610080450773239,0.05978260934352875,1516.957763671875,0.7156545519828796,0.8990656137466431,1.4473261833190918,-0.001056008506566286,-0.41620734333992004,0.18562398850917816,0.0400390625,0.27312061190605164,0.5168559551239014,0.0,0.0015673147281631827,1.0,1.0,0.6096506118774414,0.07139623910188675,0.2276737093925476,0.272971510887146,0.3997887969017029,0.3642646074295044,0.781745433807373,0.6376457810401917,32.0,2.173506259918213,1.0,-0.0007659813272766769,0.27349764108657837,0.9279552698135376,0.9032914638519287,0.681888997554779,0.2040759176015854,0.18574470281600952,4.170418105786666e-05,-4.604514742823085e-06,0.9302669167518616,0.9325893521308899,0.7025543451309204,0.21470296382904053,0.20150527358055115,0.9302076697349548,0.932092010974884,0.7025536894798279,0.21468482911586761,0.201593279838562,107499,3.4544317722320557,,,,,,,,,,,,,0.1855027675628662,0.05897713452577591,0.0712713971734047,0.6195530891418457,0.30339673161506653,0.11559493094682693,0.0,0.11756911873817444,0.17864525318145752,0.48171713948249817,0.36414802074432373,0.1855027675628662
0.010986328125,0.3069160282611847,0.0,0.0,0.0,0.5625,0.22947511076927185,4.463211536407471,0.0,0.8739185929298401,0.07444202154874802,1.828125,29.391395568847656,0,-4.852745532989502,0.6221102476119995,606.3961181640625,1.6941909790039062,0.9993376731872559,0.10000000149011612,0.4968794286251068,0.020009709522128105,0.025649521499872208,928.3555297851562,0.0,2.6188104152679443,5183624.0,0.045492708683013916,0.2490665763616562,0.16733378171920776,128.0,7.846045017242432,10.196389198303223,1.4124693870544434,0.0,12630.0,5183625.0,3182.0,0.011524224653840065,0.0,1.0,0.0014124293811619282,5138896.5,1645875.125,1524.04443359375,1494.0,0.0,708.0,5555.0,5183624.0,-1.9884910583496094,-2.948448657989502,0.8054625988006592,0.11655964702367783,186.0,2048.0,2.339184284210205,0.4865673780441284,0.0,5.080969333648682,0.22229766845703125,,,-0.020707150921225548,5124265.0,-0.007007276173681021,0.0005072591593489051,1.0130919218063354,-0.0028060220647603273,7049.0,0.0,5183625.0,214.2447052001953,222.0,0.03996399790048599,29.301576614379883,0.18002375960350037,1.2197761535644531,45.0,16384.0,0.07156690210103989,0.04442299157381058,0.19936126470565796,0.15811271965503693,0.054347824305295944,1464.3050537109375,0.7121576070785522,0.9030869007110596,1.4485962390899658,-0.0012616027379408479,-0.40011948347091675,0.18507538735866547,0.0390625,0.33681368827819824,0.4453645348548889,0.0,0.0013818687293678522,1.0,1.0,0.6184301376342773,0.04871274530887604,0.22506532073020935,0.2835972309112549,0.40346068143844604,0.3855646848678589,0.6970700621604919,0.6221472024917603,31.99999237060547,2.2394967079162598,1.0,-0.0007957618799991906,0.2734907865524292,0.9278469681739807,0.9029811024665833,0.6815366744995117,0.20430073142051697,0.18566401302814484,5.2247884013922885e-05,-4.140400778851472e-05,0.9302275776863098,0.9323396682739258,0.7023686170578003,0.21484284102916718,0.2016196995973587,0.9301117658615112,0.9318341612815857,0.7020454406738281,0.2150857001543045,0.20166805386543274,107999,3.283597469329834,,,,,,,,,,,,,0.18750901520252228,0.05953306332230568,0.07308818399906158,0.6098660230636597,0.2963225841522217,0.1178092509508133,0.0,0.11713409423828125,0.17374424636363983,0.47838735580444336,0.3612532615661621,0.18750901520252228
0.01025390625,0.3257398307323456,0.0,0.0,0.0,0.78125,0.22613157331943512,4.466548919677734,0.0,0.8669845461845398,0.0748748779296875,1.8359375,29.372615814208984,0,-4.862034797668457,0.617229163646698,272.8197937011719,1.6948176622390747,0.9993423223495483,0.10000000149011612,0.4968401789665222,0.020037299022078514,0.025690503418445587,1033.1163330078125,0.0,2.62274432182312,5207505.0,0.04560809209942818,0.2507990002632141,0.1691126674413681,128.0,7.860169410705566,10.172428131103516,1.4124693870544434,0.0,12652.0,5207506.0,1134.0,0.004382970277220011,0.0,1.0,0.0014124293811619282,5162777.5,1655169.25,1614.8604736328125,1504.0,0.0,708.0,5565.0,5207505.0,-0.8320484161376953,-2.4382224082946777,0.8062962889671326,0.08891963958740234,184.0,2049.0,2.465592384338379,0.510993242263794,0.0,5.140386581420898,0.21945688128471375,,,-0.021115818992257118,5148135.0,-0.0071573639288544655,0.0006348377210088074,1.0133495330810547,-0.0026574081275612116,7069.0,0.0,5207506.0,218.49363708496094,227.0,0.040790654718875885,29.5122127532959,0.17973008751869202,1.2188873291015625,43.0,16384.0,0.07161294668912888,0.04454303905367851,0.20360568165779114,0.16372044384479523,0.06521739065647125,1484.711181640625,0.710833728313446,0.8961936831474304,1.4480171203613281,0.009200457483530045,-0.40437254309654236,0.18386679887771606,0.04248046875,0.3139263391494751,0.5552560687065125,0.0,0.001269518630579114,1.0,1.0,0.6132855415344238,0.05900883674621582,0.22301284968852997,0.294900119304657,0.44879186153411865,0.39172160625457764,0.7875977158546448,0.629463255405426,32.0,2.1571288108825684,1.0,-0.000854822457768023,0.2736707925796509,0.9278703927993774,0.9029919505119324,0.6826214790344238,0.203750342130661,0.18496040999889374,-3.0796411010669544e-05,6.78210926707834e-05,0.9301849603652954,0.9321362972259521,0.7025713920593262,0.21476206183433533,0.20140579342842102,0.9301308989524841,0.9318437576293945,0.703147828578949,0.21461442112922668,0.2009231448173523,108499,3.295032501220703,,,,,,,,,,,,,0.18520285189151764,0.058384742587804794,0.07025110721588135,0.6188415884971619,0.30307433009147644,0.11615477502346039,0.0,0.11987093091011047,0.18130894005298615,0.48638272285461426,0.3665117919445038,0.18520285189151764
0.0166015625,0.32768216729164124,0.0,0.0,0.0,0.59375,0.22906148433685303,4.399932384490967,0.0,0.8757213354110718,0.07437990605831146,1.828125,29.356164932250977,0,-4.871082782745361,0.618229866027832,312.0632019042969,1.6886732578277588,0.9993414878845215,0.10000000149011612,0.49681541323661804,0.020047932863235474,0.025711897760629654,936.0612182617188,0.0,2.6267755031585693,5231449.0,0.046120621263980865,0.2545250356197357,0.16672487556934357,127.0,7.860169410705566,10.115958213806152,1.4124693870544434,0.0,12687.0,5231450.0,67.0,0.0001532006572233513,0.0,1.0,0.0014124293811619282,5186721.5,1667071.625,1532.1632080078125,1523.0,0.0,708.0,5565.0,5231449.0,-1.199514389038086,-3.060642957687378,0.8070619106292725,0.0899464339017868,187.0,2051.0,2.2480063438415527,0.4616714417934418,0.0,5.096236228942871,0.22700200974941254,,,-0.021259266883134842,5172092.0,-0.007224534638226032,0.00047012342838570476,1.0133644342422485,-0.002654991578310728,7088.0,0.0,5231450.0,213.72952270507812,224.0,0.04025157168507576,28.353933334350586,0.17982353270053864,1.2254297733306885,49.0,16383.0,0.07169441133737564,0.04442643001675606,0.20039206743240356,0.16076461970806122,0.054347824305295944,1545.6044921875,0.7113101482391357,0.897061824798584,1.4479875564575195,0.010595322586596012,-0.4089919328689575,0.1850067377090454,0.04248046875,0.3024258613586426,0.49649596214294434,0.0,0.0019394148839637637,1.0,1.0,0.5700407028198242,0.06236415356397629,0.22647733986377716,0.36259013414382935,0.38467922806739807,0.4618316888809204,0.7541385889053345,0.6313917636871338,32.0,2.0856587886810303,1.0,-0.0010311899241060019,0.27347153425216675,0.9278597831726074,0.9030116200447083,0.6812149286270142,0.20459924638271332,0.18570098280906677,-0.00016803413745947182,-5.8406370953889564e-05,0.9301661252975464,0.9320263862609863,0.7024955153465271,0.21492542326450348,0.20139449834823608,0.9301214218139648,0.9318478107452393,0.7017988562583923,0.2153833955526352,0.20161299407482147,108999,3.2950286865234375,,,,,,,,,,,,,0.1882251352071762,0.05908757448196411,0.07197603583335876,0.6124629974365234,0.2985876500606537,0.11645900458097458,0.0,0.11899083852767944,0.17743338644504547,0.4846493601799011,0.3656585216522217,0.1882251352071762
0.015869140625,0.32467395067214966,0.0,0.0,0.0,0.5,0.22974315285682678,4.558568954467773,0.0,0.8792370557785034,0.07474478334188461,1.828125,29.393264770507812,0,-4.879978656768799,0.6185306310653687,376.40411376953125,1.6772806644439697,0.999339759349823,0.10000000149011612,0.49689218401908875,0.020078325644135475,0.02573690563440323,1117.6851806640625,0.0,2.6325035095214844,5255634.0,0.04613135755062103,0.2540919780731201,0.17079925537109375,128.0,7.8771185874938965,10.140059471130371,1.4124693870544434,0.0,12725.0,5255635.0,594.0,0.0022147789131850004,0.0,1.0,0.0014124293811619282,5210906.5,1677378.5,1688.3333740234375,1525.0,0.0,708.0,5577.0,5255634.0,-2.6815147399902344,-4.027108669281006,0.8083063364028931,0.09697113931179047,189.0,2048.0,2.3336691856384277,0.4776766300201416,0.0,5.168002605438232,0.2149699628353119,,,-0.021170400083065033,5196263.0,-0.007196638733148575,0.00042321832734160125,1.0133508443832397,-0.0022692736238241196,7102.0,0.0,5255635.0,233.27500915527344,245.0,0.043930429965257645,26.55815315246582,0.17936605215072632,1.1766045093536377,54.0,16384.0,0.07171837240457535,0.044588036835193634,0.20084072649478912,0.16101130843162537,0.054347824305295944,1558.2052001953125,0.7096642851829529,0.8980721831321716,1.449593186378479,0.006039316300302744,-0.4207763969898224,0.1875784546136856,0.041748046875,0.28832706809043884,0.47409000992774963,0.0,0.0017628518398851156,1.0,1.0,0.5923295021057129,0.04440051317214966,0.2267175316810608,0.2868300974369049,0.3919941186904907,0.3669084906578064,0.7249530553817749,0.6482431888580322,32.0,2.1137495040893555,1.0,-0.0006514177075587213,0.2733408808708191,0.9278445839881897,0.9029463529586792,0.6814402341842651,0.2049427032470703,0.18629597127437592,0.00016218508244492114,-3.7463585613295436e-05,0.9301648139953613,0.9319557547569275,0.7022134065628052,0.21519888937473297,0.20166592299938202,0.9301051497459412,0.9317930936813354,0.7020342350006104,0.2156883031129837,0.20224618911743164,109499,3.1202754974365234,,,,,,,,,,,,,0.18715828657150269,0.05882753059267998,0.07227727770805359,0.6095201969146729,0.29586854577064514,0.11652208864688873,0.0,0.11927315592765808,0.1751311719417572,0.48156261444091797,0.3622894585132599,0.18715828657150269
0.013427734375,0.33119872212409973,0.0,0.0,0.0,0.5625,0.2290523499250412,4.510593891143799,0.0,0.869216799736023,0.07447266578674316,1.828125,29.3326358795166,0,-4.888660907745361,0.6207332611083984,510.16473388671875,1.7155060768127441,0.9993401765823364,0.10000000149011612,0.4969206750392914,0.020084215328097343,0.02574857510626316,1070.8333740234375,0.0,2.631398916244507,5279611.0,0.046617284417152405,0.25704318284988403,0.17414450645446777,128.0,7.899717330932617,10.160652160644531,1.4124693870544434,0.0,12767.0,5279612.0,1710.0,0.00665521714836359,0.0,1.0,0.0014124293811619282,5234883.5,1683615.25,1645.5,1527.0,0.0,708.0,5593.0,5279611.0,-1.460123062133789,-2.7864503860473633,0.8091675639152527,0.11838172376155853,190.0,2048.0,2.51977276802063,0.5234984755516052,0.0,5.143308162689209,0.2178790271282196,,,-0.02078077383339405,5220221.0,-0.007073258515447378,0.0004325182526372373,1.013351321220398,-0.0024283272214233875,7120.0,0.0,5279612.0,238.6781005859375,245.0,0.04380475729703903,23.75008201599121,0.17883573472499847,1.1442756652832031,48.0,16384.0,0.07183495163917542,0.044651877135038376,0.19853264093399048,0.1579827219247818,0.054347824305295944,1634.6201171875,0.7089495062828064,0.8919976949691772,1.4496233463287354,5.965358286630362e-05,-0.4021362364292145,0.2004905641078949,0.031982421875,0.3516896069049835,0.5379939079284668,0.0,0.001267062034457922,1.0,1.0,0.5689868927001953,0.052579328417778015,0.22465726733207703,0.28635233640670776,0.4292110800743103,0.3919079005718231,0.7844498753547668,0.6313351988792419,32.0,2.3319549560546875,1.0,-0.0007555057527497411,0.2733970880508423,0.9277803301811218,0.9027626514434814,0.6822539567947388,0.20466412603855133,0.1859516054391861,3.660562651930377e-05,4.731470835395157e-05,0.9301337003707886,0.9318507313728333,0.7023806571960449,0.21532458066940308,0.2018129676580429,0.9300454258918762,0.9316278696060181,0.7028400897979736,0.21541260182857513,0.20189407467842102,109999,3.3936376571655273,,,,,,,,,,,,,0.18455468118190765,0.05812254548072815,0.07115774601697922,0.6102385520935059,0.30152440071105957,0.11631795763969421,0.0,0.12061452865600586,0.1782129555940628,0.4833821654319763,0.36276763677597046,0.18455468118190765
0.00958251953125,0.3267876207828522,0.0,0.0,0.0,0.59375,0.227724090218544,4.417637825012207,0.0,0.8673723936080933,0.0742432177066803,1.828125,29.310157775878906,0,-4.897110462188721,0.618170440196991,516.889404296875,1.7121039628982544,0.9993348717689514,0.10000000149011612,0.49685344099998474,0.02009992115199566,0.025782708078622818,932.2222290039062,0.0,2.6318156719207764,5303537.0,0.04617511108517647,0.25636446475982666,0.1696052849292755,128.0,7.91525411605835,10.153484344482422,1.4124693870544434,0.0,12806.0,5303538.0,562.0,0.002142481505870819,0.0,1.0,0.0014124293811619282,5258809.5,1691362.875,1525.72216796875,1534.0,0.0,708.0,5604.0,5303537.0,-3.0774364471435547,-4.1195478439331055,0.8095344305038452,0.09673652052879333,172.0,2048.0,2.4048373699188232,0.4868539571762085,0.0,4.986566543579102,0.21488435566425323,,,-0.020044339820742607,5244142.0,-0.006832737475633621,0.00035779757308773696,1.0132619142532349,-0.003105046460404992,7138.0,0.0,5303538.0,208.77957153320312,219.0,0.03907923027873039,27.907764434814453,0.1785043329000473,1.242742657661438,54.0,16384.0,0.07191116362810135,0.04448608309030533,0.20028170943260193,0.15935233235359192,0.054347824305295944,1583.8983154296875,0.7081273198127747,0.9020869731903076,1.4489262104034424,0.008923852816224098,-0.4092051386833191,0.19160421192646027,0.044189453125,0.35331904888153076,0.518558144569397,0.0,0.0013619413366541266,1.0,1.0,0.5610876083374023,0.0520099401473999,0.222329780459404,0.25488221645355225,0.4009820818901062,0.37712258100509644,0.7161379456520081,0.6583225727081299,32.0,2.2912685871124268,1.0,-0.0008020768873393536,0.273507684469223,0.9277588129043579,0.9027286171913147,0.6824377775192261,0.20392996072769165,0.185267373919487,-6.114662028267048e-06,4.576404535328038e-05,0.9300994277000427,0.9317545890808105,0.7025920152664185,0.2151883840560913,0.2016800493001938,0.9300197958946228,0.9315750002861023,0.7029945254325867,0.21466757357120514,0.20125214755535126,110499,3.3380494117736816,,,,,,,,,,,,,0.1865023672580719,0.05872323364019394,0.0712147206068039,0.6128613352775574,0.3023800551891327,0.1169048398733139,0.0,0.11930596828460693,0.17837309837341309,0.4841814339160919,0.364875465631485,0.1865023672580719
0.013671875,0.3396196663379669,0.0,0.0,0.0,0.53125,0.228001207113266,4.284323215484619,0.0,0.8762947916984558,0.07418212294578552,1.8359375,29.402360916137695,0,-4.905387878417969,0.6108078956604004,435.57464599609375,1.7054414749145508,0.9993493556976318,0.10000000149011612,0.49686989188194275,0.020108871161937714,0.025795860216021538,998.6538696289062,0.0,2.6358132362365723,5327568.0,0.0460086427628994,0.25636985898017883,0.17183338105678558,129.0,7.923728942871094,10.168028831481934,1.4124693870544434,0.0,12833.0,5327569.0,2074.0,0.007566483225673437,0.0,1.0,0.0014124293811619282,5282840.5,1703491.75,1583.326904296875,1542.0,0.0,708.0,5610.0,5327568.0,-1.890329360961914,-3.1165521144866943,0.809910237789154,0.10426844656467438,179.0,2048.0,2.3278636932373047,0.4742854833602905,0.0,5.039469242095947,0.2186942845582962,,,-0.020077550783753395,5268163.0,-0.006855797488242388,0.00020161987049505115,1.0132769346237183,-0.00257779355160892,7152.0,0.0,5327569.0,226.24542236328125,231.0,0.04117647185921669,24.263994216918945,0.17828047275543213,1.1699122190475464,52.0,16383.0,0.07194408774375916,0.04461309313774109,0.19814303517341614,0.15832802653312683,0.054347824305295944,1672.3409423828125,0.7086496949195862,0.8942028880119324,1.447802186012268,0.0029702389147132635,-0.38619741797447205,0.19526514410972595,0.045654296875,0.27878788113594055,0.5140820145606995,0.0,0.0013973047025501728,1.0,1.0,0.57769775390625,0.04726692661643028,0.22485260665416718,0.30745166540145874,0.4022079110145569,0.3780536651611328,0.758831799030304,0.6424712538719177,32.0,2.192392349243164,1.0,-0.0008673628908582032,0.27324071526527405,0.9277719259262085,0.902504026889801,0.6820358633995056,0.2047656625509262,0.18597012758255005,-8.32742516649887e-05,5.921277534071123e-06,0.9300786256790161,0.9316404461860657,0.702700674533844,0.21507765352725983,0.20160041749477386,0.9300264120101929,0.9313652515411377,0.7026666402816772,0.21538685262203217,0.20189625024795532,110999,3.28110933303833,,,,,,,,,,,,,0.18732476234436035,0.05884026736021042,0.07251569628715515,0.6080338358879089,0.3016090393066406,0.1177767813205719,0.0,0.1179760992527008,0.17818760871887207,0.4834884703159332,0.3655123710632324,0.18732476234436035
0.009033203125,0.3398514986038208,0.0,0.0,0.0,0.53125,0.2269296497106552,4.444443225860596,0.0,0.8663272857666016,0.07442893832921982,1.8359375,29.368555068969727,0,-4.9135422706604,0.6171605587005615,459.98687744140625,1.7119929790496826,0.9993356466293335,0.10000000149011612,0.49685239791870117,0.020111938938498497,0.025812601670622826,960.8043212890625,0.0,2.646590232849121,5351534.0,0.045622557401657104,0.25396180152893066,0.17084483802318573,129.0,7.951977252960205,10.18210220336914,1.4124693870544434,0.0,12864.0,5351535.0,1092.0,0.00402007857337594,0.0,1.0,0.0014124293811619282,5306806.5,1710179.25,1551.521728515625,1543.0,0.0,708.0,5630.0,5351534.0,-2.8382339477539062,-4.0701003074646,0.8104427456855774,0.1037033200263977,179.0,2048.0,2.4379191398620605,0.5034949779510498,0.0,4.948408603668213,0.2104000300168991,,,-0.01988351158797741,5292093.0,-0.006801109295338392,0.0003131036937702447,1.0132304430007935,-0.0028439166489988565,7173.0,0.0,5351535.0,218.55386352539062,228.0,0.04049733653664589,27.200910568237305,0.1776709109544754,1.2107254266738892,46.0,16384.0,0.07207312434911728,0.0446130707859993,0.19962675869464874,0.16049377620220184,0.06521739065647125,1653.5621337890625,0.7120318412780762,0.8971077799797058,1.4493597745895386,0.01147720031440258,-0.4062967300415039,0.18842139840126038,0.03662109375,0.31527531147003174,0.5207815170288086,0.0,0.0015357135562226176,1.0,1.0,0.5537824630737305,0.06297340244054794,0.22963623702526093,0.30336302518844604,0.42621588706970215,0.4055216312408447,0.7865071296691895,0.6339147686958313,32.0,2.2307095527648926,1.0,-0.0008802227093838155,0.2732918858528137,0.9277980327606201,0.90242999792099,0.6818360090255737,0.20481306314468384,0.18595129251480103,-9.351423796033487e-05,-1.5705159967183135e-05,0.9300566911697388,0.9315359592437744,0.7026957869529724,0.21520695090293884,0.20170709490776062,0.9300421476364136,0.9312945604324341,0.7024577260017395,0.2154243141412735,0.20182831585407257,111499,3.3362512588500977,,,,,,,,,,,,,0.18635225296020508,0.05836206674575806,0.07149611413478851,0.6132066249847412,0.30537596344947815,0.1179383248090744,0.0,0.1200295090675354,0.18184828758239746,0.48823004961013794,0.36820054054260254,0.18635225296020508
0.0174560546875,0.3381613492965698,0.0,0.0,0.0,0.59375,0.22799129784107208,4.355521202087402,0.0,0.8687266111373901,0.07492844015359879,1.8359375,29.332502365112305,0,-4.921496868133545,0.6052667498588562,488.265380859375,1.7065093517303467,0.9993289113044739,0.10000000149011612,0.4968322515487671,0.02013021893799305,0.02582089602947235,865.9347534179688,0.0,2.630645751953125,5375256.0,0.046000391244888306,0.25730815529823303,0.1699363738298416,129.0,7.956214904785156,10.146705627441406,1.4124693870544434,0.0,12901.0,5375257.0,1208.0,0.0048217750154435635,0.0,1.0,0.0014124293811619282,5330528.5,1721394.625,1468.6304931640625,1557.0,0.0,708.0,5633.0,5375256.0,-3.0557422637939453,-4.26934814453125,0.8115798830986023,0.11872168630361557,182.0,2049.0,2.4554638862609863,0.5201139450073242,0.0,4.9144744873046875,0.21558640897274017,,,-0.019978119060397148,5315818.0,-0.006844064220786095,0.0003579759504646063,1.0133506059646606,-0.0028118828777223825,7190.0,0.0,5375257.0,201.44554138183594,215.0,0.038167938590049744,29.34357261657715,0.177597314119339,1.2814443111419678,46.0,16384.0,0.07200317084789276,0.044586941599845886,0.20004138350486755,0.1608419120311737,0.05978260934352875,1604.741455078125,0.7099072933197021,0.8968462347984314,1.4508099555969238,0.004049559123814106,-0.40552818775177,0.18799929320812225,0.03564453125,0.30072784423828125,0.523167073726654,0.0,0.0013595117488875985,1.0,1.0,0.5915107727050781,0.057938046753406525,0.2282034456729889,0.2759503722190857,0.4295704960823059,0.36133700609207153,0.7538143396377563,0.6315942406654358,32.0,2.233842611312866,1.0,-0.0008417391218245029,0.27327442169189453,0.9277547001838684,0.9022179841995239,0.6822749376296997,0.20455235242843628,0.18560734391212463,1.9251318008173257e-05,2.7939868232351728e-05,0.9300510883331299,0.9313950538635254,0.7027361989021301,0.215195894241333,0.20162630081176758,0.9300041198730469,0.9311071038246155,0.7030046582221985,0.21515607833862305,0.20143607258796692,111999,3.4101035594940186,,,,,,,,,,,,,0.18731820583343506,0.05857715755701065,0.070628322660923,0.6174635291099548,0.3081039786338806,0.11743050068616867,0.0,0.12067702412605286,0.18369409441947937,0.4916893243789673,0.37101230025291443,0.18731820583343506
0.01318359375,0.3456047475337982,0.0,0.0,0.0,0.53125,0.22877664864063263,4.283857822418213,0.0,0.8737198710441589,0.07435046881437302,1.828125,29.323347091674805,0,-4.92927885055542,0.6045230627059937,478.2394714355469,1.737018346786499,0.9993347525596619,0.10000000149011612,0.4968443512916565,0.02014005184173584,0.025844579562544823,903.0416870117188,0.0,2.631289005279541,5399240.0,0.04598153010010719,0.25820988416671753,0.1709808111190796,129.0,7.978813648223877,10.165302276611328,1.4124693870544434,0.0,12951.0,5399241.0,369.0,0.0013417428126558661,0.0,1.0,0.0014124293811619282,5354512.5,1731180.25,1501.0625,1559.0,0.0,708.0,5649.0,5399240.0,-3.852184295654297,-6.270785808563232,0.8122025728225708,0.08702753484249115,178.0,2048.0,2.4354028701782227,0.5115900039672852,0.0,4.873725891113281,0.22096186876296997,,,-0.021084297448396683,5339795.0,-0.007244165521115065,0.00044496412738226354,1.0133514404296875,-0.0030678771436214447,7208.0,0.0,5399241.0,212.1396942138672,223.0,0.03947601467370987,25.49758529663086,0.17719639837741852,1.2228683233261108,48.0,16384.0,0.07211217284202576,0.04451862722635269,0.20074181258678436,0.16064079105854034,0.054347824305295944,1586.64111328125,0.7089506387710571,0.8942238092422485,1.4493192434310913,-0.0005176564445719123,-0.40708044171333313,0.18875575065612793,0.0322265625,0.33138608932495117,0.5381483435630798,0.0,0.001560017466545105,1.0,1.0,0.5436906814575195,0.05410817265510559,0.22893330454826355,0.2672693431377411,0.41787731647491455,0.3651461601257324,0.7800036668777466,0.6283711791038513,32.0,2.2686586380004883,1.0,-0.0006485491176135838,0.2732079029083252,0.9278135895729065,0.9021208882331848,0.6820583939552307,0.204840287566185,0.18589664995670319,0.00017643417231738567,-2.1123427359270863e-05,0.9300533533096313,0.9312570691108704,0.7026633620262146,0.21537087857723236,0.2017420381307602,0.9300445914268494,0.9309729337692261,0.7026462554931641,0.21550700068473816,0.20182588696479797,112499,3.485635757446289,,,,,,,,,,,,,0.1845579594373703,0.05781292915344238,0.07000216841697693,0.6202628016471863,0.3135046362876892,0.11600501835346222,0.0,0.11959481239318848,0.18458862602710724,0.488741397857666,0.36914658546447754,0.1845579594373703
0.010986328125,0.3265742063522339,0.0,0.0,0.0,0.5,0.22887659072875977,4.388330459594727,0.0,0.8664103746414185,0.07437698543071747,1.828125,29.30927848815918,0,-4.936849117279053,0.619422435760498,545.8212280273438,1.6843749284744263,0.9993578195571899,0.10000000149011612,0.4968656301498413,0.020145580172538757,0.025846093893051147,972.6595458984375,0.0,2.6397457122802734,5423186.0,0.04580078646540642,0.25727319717407227,0.17508454620838165,129.0,8.002824783325195,10.179853439331055,1.4124693870544434,0.0,12992.0,5423187.0,838.0,0.0031331556383520365,0.0,1.0,0.0014124293811619282,5378458.5,1740958.25,1558.0850830078125,1559.0,0.0,708.0,5666.0,5423186.0,-1.6444015502929688,-3.5790915489196777,0.812478244304657,0.08226921409368515,182.0,2048.0,2.2012460231781006,0.45940423011779785,0.0,4.998851299285889,0.21321047842502594,,,-0.019980236887931824,5363716.0,-0.006865237839519978,0.00034098929609172046,1.0133520364761353,-0.0020900159142911434,7225.0,0.0,5423187.0,216.2643585205078,219.0,0.03865160793066025,24.290103912353516,0.1765824556350708,1.1767007112503052,47.0,16384.0,0.07211723923683167,0.04443245753645897,0.2001459300518036,0.16161102056503296,0.06521739065647125,1588.4366455078125,0.708240807056427,0.8919724225997925,1.4502789974212646,0.003248765366151929,-0.3987604081630707,0.19021907448768616,0.040771484375,0.29915285110473633,0.4906459450721741,0.0,0.0015508452197536826,1.0,1.0,0.5950121879577637,0.05731789022684097,0.22818124294281006,0.3138543665409088,0.4206470549106598,0.3968508243560791,0.7394209504127502,0.6141059398651123,32.0,2.2001991271972656,1.0,-0.0008444336126558483,0.2731238603591919,0.9278654456138611,0.9019202589988708,0.6823254823684692,0.20493802428245544,0.18611831963062286,-3.95370734622702e-05,2.282972309330944e-05,0.9300561547279358,0.9311264753341675,0.7027724385261536,0.21535935997962952,0.201744943857193,0.9300780296325684,0.9307766556739807,0.7029356956481934,0.2155587524175644,0.20200634002685547,112999,3.2858471870422363,,,,,,,,,,,,,0.1897662729024887,0.059128694236278534,0.0723402127623558,0.6162413358688354,0.31029000878334045,0.11878693848848343,0.0,0.1205783486366272,0.18798084557056427,0.4983254671096802,0.377747118473053,0.1897662729024887
0.0081787109375,0.33849063515663147,0.0,0.0,0.0,0.5625,0.2296936959028244,4.241281509399414,0.0,0.870301365852356,0.0743972659111023,1.8203125,29.254911422729492,0,-4.944216728210449,0.6129752397537231,408.8023376464844,1.725066900253296,0.9993408918380737,0.10000000149011612,0.4968494176864624,0.020158126950263977,0.0258689746260643,1000.4000244140625,0.0,2.6403701305389404,5447439.0,0.04594510421156883,0.25745490193367004,0.17377527058124542,129.0,8.022599220275879,10.181356430053711,1.4124693870544434,0.0,13017.0,5447440.0,141.0,0.00042612917604856193,0.0,1.0,0.0014124293811619282,5402711.5,1751703.5,1585.04443359375,1560.0,0.0,708.0,5680.0,5447439.0,-2.193920135498047,-3.3141865730285645,0.8128840923309326,0.117574542760849,186.0,2048.0,2.2826731204986572,0.5085023641586304,0.0,4.921022891998291,0.1933009773492813,,,-0.02019592933356762,5387953.0,-0.006962093058973551,0.0002696154115255922,1.0132194757461548,-0.002593954559415579,7240.0,0.0,5447440.0,224.7593994140625,233.0,0.04102112725377083,27.101953506469727,0.17618364095687866,1.1705372333526611,45.0,16384.0,0.07211210578680038,0.044498030096292496,0.1991618573665619,0.16105183959007263,0.05978260934352875,1597.1583251953125,0.7075533866882324,0.900597095489502,1.4496161937713623,0.006174769718199968,-0.41393402218818665,0.18600352108478546,0.0311279296875,0.30985915660858154,0.48926055431365967,0.0,0.0013194469502195716,1.0,1.0,0.5410628318786621,0.0714840516448021,0.23358505964279175,0.342923641204834,0.43940919637680054,0.44449061155319214,0.7533575892448425,0.5953491926193237,32.0,2.152757167816162,1.0,-0.0008314236765727401,0.2731853127479553,0.9278184175491333,0.9017822742462158,0.6823607683181763,0.2047310173511505,0.18583299219608307,1.579159652465023e-05,7.846429070923477e-06,0.930060625076294,0.9309571385383606,0.7028279900550842,0.21545228362083435,0.20185688138008118,0.9300395846366882,0.9306981563568115,0.7029106020927429,0.2154611051082611,0.20180676877498627,113499,3.3371763229370117,,,,,,,,,,,,,0.1864680051803589,0.058164820075035095,0.0713651105761528,0.6114201545715332,0.3076021373271942,0.11759568005800247,0.0,0.12207669019699097,0.18382561206817627,0.4923703074455261,0.37029361724853516,0.1864680051803589
0.0169677734375,0.3194117248058319,0.0,0.0,0.0,0.625,0.22834312915802002,4.439407825469971,0.0,0.8644490838050842,0.07467930763959885,1.828125,29.294267654418945,0,-4.951451301574707,0.6200085878372192,453.8506774902344,1.6928914785385132,0.9993457794189453,0.10000000149011612,0.49684032797813416,0.020165370777249336,0.025882752612233162,1026.0,0.0,2.6349499225616455,5471436.0,0.046324390918016434,0.25818562507629395,0.17462319135665894,129.0,8.040960311889648,10.184980392456055,1.4124693870544434,0.0,13057.0,5471437.0,829.0,0.0028782635927200317,0.0,1.0,0.0014124293811619282,5426708.5,1762674.875,1605.4693603515625,1562.0,0.0,708.0,5693.0,5471436.0,-2.147188186645508,-3.7986536026000977,0.8131962418556213,0.08733668178319931,188.0,2049.0,2.3517394065856934,0.4874076843261719,0.0,4.998414039611816,0.1905205249786377,,,-0.019951775670051575,5411943.0,-0.006887424271553755,0.0001866656675701961,1.0132900476455688,-0.002049054019153118,7255.0,0.0,5471437.0,232.9076690673828,238.0,0.041805725544691086,25.59416389465332,0.17570991814136505,1.1391221284866333,49.0,16384.0,0.07236181944608688,0.04449615254998207,0.2013523429632187,0.16235117614269257,0.054347824305295944,1616.6673583984375,0.7056518197059631,0.9012360572814941,1.4497005939483643,0.01065900456160307,-0.39899423718452454,0.17402951419353485,0.0380859375,0.3023010790348053,0.5187071561813354,0.0,0.001371619408018887,1.0,1.0,0.5855813026428223,0.06494715064764023,0.23243685066699982,0.2747134566307068,0.4200744926929474,0.3599179685115814,0.7497079968452454,0.6264523267745972,31.999977111816406,2.25844144821167,1.0,-0.000902329629752785,0.27320432662963867,0.9277888536453247,0.9019807577133179,0.6820124387741089,0.20478089153766632,0.18605108559131622,-5.429584052762948e-05,-1.808746310416609e-05,0.9300504922866821,0.9308860898017883,0.7027818560600281,0.21545878052711487,0.20184387266635895,0.9300079941749573,0.9308104515075684,0.7025601863861084,0.21550361812114716,0.20201028883457184,113999,3.270820140838623,,,,,,,,,,,,,0.18518665432929993,0.057921137660741806,0.07078701257705688,0.620160698890686,0.3122800886631012,0.11783596873283386,0.0,0.12083011865615845,0.18686798214912415,0.4928847551345825,0.3720546364784241,0.18518665432929993
0.0140380859375,0.3313952386379242,0.0,0.0,0.0,0.59375,0.22885507345199585,4.2413811683654785,0.0,0.8811986446380615,0.07428304851055145,1.8203125,29.257205963134766,0,-4.958472728729248,0.6157776117324829,632.9019775390625,1.7100480794906616,0.9993330240249634,0.10000000149011612,0.49681079387664795,0.02018398605287075,0.0259047020226717,960.5714111328125,0.0,2.6308531761169434,5495537.0,0.045925699174404144,0.2565203011035919,0.17350441217422485,129.0,8.070621490478516,10.205974578857422,1.4124693870544434,0.0,13099.0,5495538.0,1136.0,0.003965489100664854,0.0,1.0,0.0014124293811619282,5450809.5,1767770.5,1546.959228515625,1567.0,0.0,708.0,5714.0,5495537.0,-2.6618480682373047,-4.179279804229736,0.8138900995254517,0.10072241723537445,189.0,2049.0,2.3623411655426025,0.48563235998153687,0.0,4.909843921661377,0.21370083093643188,,,-0.018998051062226295,5436046.0,-0.006560054607689381,0.00013666250742971897,1.0124680995941162,-0.003127952106297016,7281.0,0.0,5495538.0,229.12167358398438,227.0,0.03972698748111725,24.766895294189453,0.17506293952465057,1.134462594985962,49.0,16384.0,0.0723295658826828,0.04446110501885414,0.19923555850982666,0.16011293232440948,0.05978260934352875,1602.5797119140625,0.7049043774604797,0.9020601511001587,1.4463192224502563,0.0029160184785723686,-0.4040412902832031,0.17488843202590942,0.039306640625,0.3057402968406677,0.4583479166030884,0.0,0.0015819653635844588,1.0,1.0,0.5856118202209473,0.05941735953092575,0.22732090950012207,0.29580819606781006,0.39506247639656067,0.38345038890838623,0.7305911779403687,0.6482217311859131,32.0,2.2875730991363525,1.0,-0.0008381282677873969,0.27322351932525635,0.9276961088180542,0.9018034338951111,0.6820667386054993,0.20473447442054749,0.18590377271175385,2.9631615689140745e-05,-1.2502711797424126e-05,0.9300369024276733,0.930853545665741,0.7027397155761719,0.2154770940542221,0.2019076645374298,0.9299390316009521,0.9306917786598206,0.7026547193527222,0.21545402705669403,0.20182670652866364,114499,3.1019864082336426,,,,,,,,,,,,,0.1888357400894165,0.05872553214430809,0.07256634533405304,0.6092894077301025,0.3055039942264557,0.11873029172420502,0.0,0.12094858288764954,0.183036208152771,0.49282053112983704,0.3718719482421875,0.1888357400894165
0.00921630859375,0.3092394769191742,0.0,0.0,0.0,0.46875,0.2280580699443817,4.380049705505371,0.0,0.8612620830535889,0.07455115020275116,1.828125,29.286575317382812,0,-4.965375900268555,0.6212648153305054,425.40283203125,1.7089099884033203,0.9993405342102051,0.10000000149011612,0.4968218207359314,0.020192118361592293,0.025917213410139084,877.1777954101562,0.0,2.635439872741699,5519320.0,0.046241287142038345,0.2580817639827728,0.16648676991462708,130.0,8.083333015441895,10.223394393920898,1.4124693870544434,0.0,13130.0,5519321.0,2044.0,0.007647162768989801,0.0,1.0,0.0014124293811619282,5474592.5,1777672.625,1481.3778076171875,1575.0,0.0,708.0,5723.0,5519320.0,-6.404928207397461,-7.389222145080566,0.8141995072364807,0.08728443086147308,181.0,2049.0,2.2128913402557373,0.4855772852897644,0.0,4.885883331298828,0.2196538895368576,,,-0.019348546862602234,5459826.0,-0.006699222140014172,0.00022292985522653908,1.0124177932739258,-0.0028505069203674793,7298.0,0.0,5519321.0,212.69464111328125,216.0,0.03774244338274002,25.963748931884766,0.1747436672449112,1.1945569515228271,45.0,16384.0,0.0724676325917244,0.04450095444917679,0.20230214297771454,0.1634484827518463,0.05978260934352875,1570.970947265625,0.7032150626182556,0.8910207748413086,1.4502592086791992,0.007784279994666576,-0.4149467647075653,0.17572732269763947,0.0250244140625,0.31486982107162476,0.4571029245853424,0.0,0.0015341023681685328,1.0,1.0,0.6015019416809082,0.06952690333127975,0.23691944777965546,0.3054525852203369,0.3940829634666443,0.4015328586101532,0.703737735748291,0.6257806420326233,31.9999942779541,2.242093324661255,1.0,-0.0008171110530383885,0.27313143014907837,0.9276724457740784,0.9015238285064697,0.6820722222328186,0.20507696270942688,0.18609820306301117,5.372393206926063e-05,1.9049720094699296e-06,0.9299928545951843,0.9307306408882141,0.7026930451393127,0.21548669040203094,0.20186905562877655,0.9299148321151733,0.930432915687561,0.7027625441551208,0.2156790792942047,0.2020159661769867,114999,3.366197109222412,,,,,,,,,,,,,0.18652752041816711,0.0584067776799202,0.07094106823205948,0.6239446401596069,0.3170205056667328,0.11856404691934586,0.0,0.11940005421638489,0.18765780329704285,0.49358537793159485,0.37418532371520996,0.18652752041816711
0.006744384765625,0.3362630009651184,0.0,0.0,0.0,0.4375,0.2295467108488083,4.40777063369751,0.0,0.8751771450042725,0.07470394670963287,1.828125,29.242063522338867,0,-4.972255706787109,0.6104190349578857,439.25030517578125,1.702168345451355,0.9993297457695007,0.10000000149011612,0.4967963695526123,0.020207317546010017,0.0259280763566494,880.2453002929688,0.0,2.6388607025146484,5543088.0,0.04622639715671539,0.25745704770088196,0.16489607095718384,132.0,8.094633102416992,10.242785453796387,1.4124693870544434,0.0,13175.0,5543089.0,1431.0,0.005199111066758633,0.0,1.0,0.0014124293811619282,5498360.5,1782275.25,1486.075439453125,1582.0,0.0,708.0,5731.0,5543088.0,-2.501749038696289,-3.8232779502868652,0.8144843578338623,0.11094307899475098,183.0,2048.0,2.1583619117736816,0.4797512888908386,0.0,4.8951616287231445,0.2262720912694931,,,-0.01865682192146778,5483568.0,-0.006473098415881395,0.00034703980782069266,1.0114845037460327,-0.002450942527502775,7313.0,0.0,5543089.0,215.15626525878906,219.0,0.038213226944208145,26.24168586730957,0.17455236613750458,1.1912355422973633,53.0,16384.0,0.0725170448422432,0.04449738934636116,0.19843429327011108,0.1602342426776886,0.054347824305295944,1609.8089599609375,0.700477123260498,0.8984162211418152,1.4492132663726807,0.0077630928717553616,-0.40648674964904785,0.18004602193832397,0.03125,0.30535683035850525,0.46222299337387085,0.0,0.0015377079835161567,1.0,1.0,0.5873255729675293,0.05242951586842537,0.22584053874015808,0.28107738494873047,0.41282930970191956,0.37198248505592346,0.7281486988067627,0.6132877469062805,31.9999942779541,2.2362849712371826,1.0,-0.0008896944927982986,0.2731739282608032,0.9276247024536133,0.9013597965240479,0.6826268434524536,0.20487165451049805,0.1859450787305832,-3.8626851164735854e-05,5.374096508603543e-05,0.9299677014350891,0.9305737614631653,0.7029525637626648,0.21553745865821838,0.2019226849079132,0.9298628568649292,0.9302312731742859,0.7033964395523071,0.215406134724617,0.20179906487464905,115499,3.2777152061462402,,,,,,,,,,,,,0.18689164519309998,0.05803881958127022,0.07170510292053223,0.6132776737213135,0.31100767850875854,0.11889849603176117,0.0,0.12145069241523743,0.18629631400108337,0.4946386516094208,0.37318795919418335,0.18689164519309998
0.014892578125,0.3199596107006073,0.0,0.0,0.0,0.625,0.22728794813156128,4.386326789855957,0.0,0.8739690780639648,0.07502838969230652,1.8203125,29.21953582763672,0,-4.97898530960083,0.612278401851654,593.0112915039062,1.7009283304214478,0.9993380904197693,0.10000000149011612,0.496712327003479,0.020224398002028465,0.02595457248389721,933.0,0.0,2.6345369815826416,5567141.0,0.04638100042939186,0.2574772834777832,0.16649466753005981,132.0,8.110169410705566,10.259807586669922,1.4124693870544434,0.0,13195.0,5567142.0,4925.0,0.017525458708405495,0.0,1.0,0.0014124293811619282,5522413.5,1792629.5,1529.5318603515625,1585.0,0.0,708.0,5742.0,5567141.0,-2.9236068725585938,-3.811610698699951,0.8150925040245056,0.08293397724628448,187.0,2048.0,2.379338026046753,0.48792991042137146,0.0,4.935089588165283,0.20151451230049133,,,-0.0190091785043478,5507614.0,-0.0066065238788723946,0.0003762600535992533,1.0111463069915771,-0.002312742406502366,7327.0,0.0,5567142.0,221.36537170410156,223.0,0.03883664309978485,26.14491844177246,0.17415843904018402,1.1648459434509277,47.0,16384.0,0.07262284308671951,0.04448910430073738,0.20114634931087494,0.16211941838264465,0.05978260934352875,1617.968017578125,0.7025102376937866,0.8939237594604492,1.447546362876892,0.004917156416922808,-0.41586098074913025,0.1812249720096588,0.042724609375,0.2631487250328064,0.4627307653427124,0.0,0.001313905231654644,1.0,1.0,0.5804843902587891,0.05749676004052162,0.236612468957901,0.3502970337867737,0.37959563732147217,0.42110776901245117,0.7470639944076538,0.6496091485023499,32.0,2.185765266418457,1.0,-0.0008166228653863072,0.2732551693916321,0.927605926990509,0.9014513492584229,0.682234525680542,0.20430228114128113,0.18556006252765656,1.1160851499880664e-05,-9.469927135796752e-06,0.9299213290214539,0.930453896522522,0.7029350996017456,0.21541380882263184,0.20181773602962494,0.9298421740531921,0.9303427338600159,0.7028605937957764,0.2149384319782257,0.20147296786308289,115999,3.1762850284576416,,,,,,,,,,,,,0.18858756124973297,0.058878831565380096,0.0718136578798294,0.6177520751953125,0.3142988681793213,0.11983950436115265,0.0,0.12125429511070251,0.18870027363300323,0.4985421299934387,0.3772878348827362,0.18858756124973297
0.018310546875,0.33066749572753906,0.0,0.0,0.0,0.65625,0.22853271663188934,4.336170673370361,0.0,0.8640770316123962,0.07455485314130783,1.828125,29.275924682617188,0,-4.985531806945801,0.6102722883224487,625.89208984375,1.7042310237884521,0.9993383884429932,0.10000000149011612,0.4966942071914673,0.020208992063999176,0.025952016934752464,1006.4468383789062,0.0,2.63708758354187,5591130.0,0.0468563549220562,0.2599908411502838,0.16749736666679382,133.0,8.125706672668457,10.26810359954834,1.4124693870544434,0.0,13222.0,5591131.0,926.0,0.003300955519080162,0.0,1.0,0.0014124293811619282,5546402.5,1804588.75,1591.723388671875,1585.0,0.0,708.0,5753.0,5591130.0,-2.4728775024414062,-3.8645126819610596,0.8156259059906006,0.08445070683956146,186.0,2048.0,2.3281664848327637,0.48543137311935425,0.0,4.976548671722412,0.20325136184692383,,,-0.01955253817141056,5531598.0,-0.006803066935390234,0.00022680769325233996,1.0112982988357544,-0.0021789197344332933,7338.0,0.0,5591131.0,219.72691345214844,221.0,0.038414739072322845,26.53590202331543,0.17388571798801422,1.1585267782211304,47.0,16384.0,0.07250630110502243,0.04456199333071709,0.19845354557037354,0.16109886765480042,0.054347824305295944,1716.982177734375,0.7013429999351501,0.8910694718360901,1.4474679231643677,-4.225559678161517e-05,-0.4039326012134552,0.18123696744441986,0.033935546875,0.2859377861022949,0.43507733941078186,0.0,0.001586126396432519,1.0,1.0,0.5935134887695312,0.05991961807012558,0.23058412969112396,0.2909353971481323,0.383658766746521,0.379086434841156,0.704586386680603,0.6425278186798096,32.0,2.3745648860931396,1.0,-0.0008416227647103369,0.27320411801338196,0.9275866150856018,0.9012553095817566,0.6819565892219543,0.20465677976608276,0.1859445869922638,5.6625608522153925e-06,-3.070268940064125e-05,0.9298962950706482,0.9303789734840393,0.702808141708374,0.21533191204071045,0.20181052386760712,0.9298322796821594,0.9301549792289734,0.7025383710861206,0.215425506234169,0.2019934356212616,116499,3.390713691711426,,,,,,,,,,,,,0.1894035041332245,0.058977458626031876,0.07261879742145538,0.6174283027648926,0.3176986575126648,0.12015924602746964,0.0,0.12001806497573853,0.1895258128643036,0.4989473819732666,0.3789293169975281,0.1894035041332245
0.01336669921875,0.3166228234767914,0.0,0.0,0.0,0.59375,0.22961299121379852,4.380486011505127,0.0,0.8745642304420471,0.07472862303256989,1.828125,29.251808166503906,0,-4.99193000793457,0.6089882850646973,462.1715087890625,1.7181363105773926,0.9993329644203186,0.10000000149011612,0.4966583251953125,0.02024136669933796,0.02598761022090912,932.3695678710938,0.0,2.630413770675659,5615349.0,0.047007568180561066,0.260331928730011,0.1717328578233719,134.0,8.151129722595215,10.329564094543457,1.4124693870544434,0.0,13261.0,5615350.0,1443.0,0.005336877424269915,0.0,1.0,0.0014124293811619282,5570621.5,1812661.125,1525.6304931640625,1586.0,0.0,708.0,5771.0,5615349.0,-1.7738208770751953,-3.0516884326934814,0.8157225251197815,0.09784357249736786,187.0,2048.0,2.5040316581726074,0.4984242916107178,0.0,4.915051460266113,0.21803897619247437,,,-0.018940001726150513,5555796.0,-0.0065976958721876144,0.00017109574400819838,1.010446548461914,-0.0024312641471624374,7357.0,0.0,5615350.0,218.6156768798828,215.0,0.037255242466926575,26.05524444580078,0.17333383858203888,1.1550394296646118,46.0,16384.0,0.07248850166797638,0.04450497403740883,0.19908133149147034,0.1614319235086441,0.054347824305295944,1674.612060546875,0.7028177380561829,0.8860131502151489,1.449501633644104,0.015115849673748016,-0.4053347408771515,0.19444745779037476,0.03662109375,0.37341880798339844,0.5440998077392578,0.0,0.0014188869390636683,1.0,1.0,0.5684247016906738,0.06000290811061859,0.22919286787509918,0.2942330539226532,0.4280129373073578,0.4319297969341278,0.7740383148193359,0.6357001066207886,32.0,2.3268961906433105,1.0,-0.0009380752453580499,0.2731913626194,0.9275346994400024,0.9011077284812927,0.6817711591720581,0.20468348264694214,0.1858261525630951,-0.00015392583736684173,-2.9858851121389307e-05,0.929866373538971,0.9302871823310852,0.702695369720459,0.21532323956489563,0.20181238651275635,0.9297813177108765,0.9300237894058228,0.7022705674171448,0.2155592143535614,0.20198529958724976,116999,3.3368096351623535,,,,,,,,,,,,,0.1893998235464096,0.05849353224039078,0.07215647399425507,0.618954598903656,0.315560907125473,0.11984194815158844,0.0,0.12003672122955322,0.18948905169963837,0.4989255964756012,0.378888875246048,0.1893998235464096
0.0155029296875,0.34225744009017944,0.0,0.0,0.0,0.625,0.2286531776189804,4.2742695808410645,0.0,0.8725575804710388,0.07455195486545563,1.8203125,29.257661819458008,0,-4.998154640197754,0.6138756275177002,473.78814697265625,1.6901278495788574,0.9993374943733215,0.10000000149011612,0.4966880679130554,0.02024569734930992,0.02599749155342579,912.7659301757812,0.0,2.620715856552124,5639455.0,0.04650118947029114,0.258759081363678,0.16968637704849243,134.0,8.165254592895508,10.347132682800293,1.4124693870544434,0.0,13284.0,5639456.0,1551.0,0.005406377371400595,0.0,1.0,0.0014124293811619282,5594727.5,1823730.875,1510.5106201171875,1590.0,0.0,708.0,5781.0,5639455.0,-3.3944244384765625,-4.786952018737793,0.8160486817359924,0.1174434944987297,190.0,2049.0,2.3003249168395996,0.5044842958450317,0.0,4.941958904266357,0.2010502964258194,,,-0.02022889256477356,5579904.0,-0.0070622768253088,0.0002039306127699092,1.0111714601516724,-0.0025241668336093426,7371.0,0.0,5639456.0,221.61293029785156,223.0,0.038574639707803726,26.262128829956055,0.17301352322101593,1.1581573486328125,47.0,16384.0,0.0725766196846962,0.044360123574733734,0.19671007990837097,0.15827028453350067,0.06521739065647125,1667.615234375,0.7018311023712158,0.8933241367340088,1.4486970901489258,0.01371730212122202,-0.40285298228263855,0.18929466605186462,0.0240478515625,0.3348901569843292,0.40581214427948,0.0,0.0014058515662327409,1.0,1.0,0.5482273101806641,0.0631512925028801,0.22719287872314453,0.28544697165489197,0.3596380949020386,0.4092513620853424,0.6588122248649597,0.651333212852478,32.0,2.2683780193328857,1.0,-0.000681711477227509,0.2731030583381653,0.9275048971176147,0.900963306427002,0.6817740201950073,0.20493507385253906,0.1861659586429596,0.0001246456813532859,-4.04603524657432e-05,0.9298306107521057,0.9301395416259766,0.702459990978241,0.21554780006408691,0.20202110707759857,0.9297590255737305,0.9299073815345764,0.7022164463996887,0.21586090326309204,0.2024085521697998,117499,3.210022449493408,,,,,,,,,,,,,0.19078490138053894,0.05900462716817856,0.07353648543357849,0.6063059568405151,0.30767181515693665,0.12019390612840652,0.0,0.12103280425071716,0.18374106287956238,0.4955587685108185,0.3745259642601013,0.19078490138053894
0.0145263671875,0.3321280777454376,0.0,0.0,0.0,0.71875,0.22814209759235382,4.187774658203125,0.0,0.8708778023719788,0.07462837547063828,1.8203125,29.218154907226562,0,-5.0042195320129395,0.6057441830635071,425.811767578125,1.725774884223938,0.9993428587913513,0.10000000149011612,0.4967150092124939,0.020275261253118515,0.026027819141745567,916.0833129882812,0.0,2.6216516494750977,5663408.0,0.04695247858762741,0.26001212000846863,0.17144683003425598,134.0,8.1694917678833,10.367345809936523,1.4124693870544434,0.0,13329.0,5663409.0,494.0,0.0016187154687941074,0.0,1.0,0.0014124293811619282,5618680.5,1836944.125,1511.8541259765625,1597.0,0.0,708.0,5784.0,5663408.0,-2.2612781524658203,-3.3541553020477295,0.816305935382843,0.1259925663471222,188.0,2049.0,2.5019798278808594,0.5143982172012329,0.0,4.861427307128906,0.20606525242328644,,,-0.0197124145925045,5603861.0,-0.006887273397296667,0.000338960177032277,1.0108816623687744,-0.0027683372609317303,7381.0,0.0,5663409.0,213.8450164794922,218.0,0.0376901812851429,26.534120559692383,0.17297911643981934,1.1800589561462402,48.0,16384.0,0.07279855757951736,0.04454275220632553,0.1984933763742447,0.1595856249332428,0.05978260934352875,1586.5821533203125,0.7005433440208435,0.8933182954788208,1.4501489400863647,0.006069815251976252,-0.4139200747013092,0.19218966364860535,0.036865234375,0.37136930227279663,0.522130012512207,0.0,0.0016384694026783109,1.0,1.0,0.5678668022155762,0.06366121768951416,0.22917747497558594,0.3220803141593933,0.41523048281669617,0.44503599405288696,0.751941978931427,0.6422836184501648,32.0,2.283196449279785,1.0,-0.0007917624898254871,0.27311471104621887,0.9275845289230347,0.9010294079780579,0.6822049617767334,0.20493516325950623,0.186044842004776,9.548503294354305e-05,3.3711883588694036e-05,0.9298211932182312,0.9300942420959473,0.7025317549705505,0.21563959121704102,0.20214197039604187,0.9298362135887146,0.9300369024276733,0.7029262781143188,0.21559196710586548,0.20205466449260712,117999,3.3171181678771973,,,,,,,,,,,,,0.18721149861812592,0.05829615890979767,0.07164119929075241,0.6160808801651001,0.316845566034317,0.11985202133655548,0.0,0.12163916230201721,0.18775944411754608,0.4966101050376892,0.374970942735672,0.18721149861812592
0.01287841796875,0.3300250768661499,0.0,0.0,0.0,0.625,0.2288191169500351,4.318538665771484,0.0,0.879045844078064,0.07421669363975525,1.8203125,29.139421463012695,0,-5.010110378265381,0.6202410459518433,533.0634765625,1.7315144538879395,0.9993314743041992,0.10000000149011612,0.49665921926498413,0.02028198540210724,0.026037905365228653,915.6341552734375,0.0,2.618175506591797,5687409.0,0.046965330839157104,0.2599422037601471,0.1715269535779953,134.0,8.177966117858887,10.390914916992188,1.4124693870544434,0.0,13360.0,5687410.0,2172.0,0.007541127502918243,0.0,1.0,0.0014124293811619282,5642681.5,1850138.125,1512.195068359375,1606.0,0.0,708.0,5790.0,5687409.0,-2.1763057708740234,-3.1447300910949707,0.8169600963592529,0.08685600757598877,189.0,2048.0,2.389646530151367,0.4823116660118103,0.0,4.985742568969727,0.19274091720581055,,,-0.01919642463326454,5627871.0,-0.0067083206959068775,0.0002615006815176457,1.0102782249450684,-0.0017571791540831327,7396.0,0.0,5687410.0,218.51905822753906,219.0,0.03782383352518082,25.917030334472656,0.17273171246051788,1.159301519393921,41.0,16384.0,0.07284349948167801,0.04444451630115509,0.1986762136220932,0.16025425493717194,0.054347824305295944,1634.584228515625,0.700771689414978,0.8859290480613708,1.4489346742630005,0.0010307558113709092,-0.40146055817604065,0.19057641923427582,0.037841796875,0.3373056948184967,0.5521588921546936,0.0,0.001295626861974597,1.0,1.0,0.5831480026245117,0.06313397735357285,0.228292778134346,0.3170860707759857,0.4246249794960022,0.4218251705169678,0.7649219036102295,0.6367602944374084,31.9999942779541,2.477388620376587,1.0,-0.0007421564077958465,0.27308279275894165,0.927516758441925,0.9009496569633484,0.6822165846824646,0.20466166734695435,0.18554793298244476,2.330958977836417e-06,3.673987157526426e-05,0.929816722869873,0.9300691485404968,0.702722430229187,0.21550525724887848,0.20192740857601166,0.9297688603401184,0.9299184083938599,0.7030513286590576,0.2152334451675415,0.20139563083648682,118499,3.3195414543151855,,,,,,,,,,,,,0.18639402091503143,0.05770255625247955,0.07109910994768143,0.6203840970993042,0.3207818269729614,0.1193842664361,0.0,0.12027454376220703,0.1918358951807022,0.4985044598579407,0.37822991609573364,0.18639402091503143
0.01446533203125,0.33789244294166565,0.0,0.0,0.0,0.65625,0.22550180554389954,4.404435157775879,0.0,0.8641301989555359,0.07446622848510742,1.828125,29.218223571777344,0,-5.015817165374756,0.6143523454666138,489.02545166015625,1.698189616203308,0.9993414878845215,0.10000000149011612,0.49666497111320496,0.020277390256524086,0.026037251576781273,976.132080078125,0.0,2.619516611099243,5711376.0,0.046710383147001266,0.25918421149253845,0.17245744168758392,134.0,8.193502426147461,10.402677536010742,1.4124693870544434,0.0,13383.0,5711377.0,192.0,0.0005864760023541749,0.0,1.0,0.0014124293811619282,5666648.5,1861963.125,1563.4339599609375,1608.0,0.0,708.0,5801.0,5711376.0,-2.4088382720947266,-3.3172764778137207,0.8172227740287781,0.1096171960234642,191.0,2048.0,2.4708709716796875,0.4956892132759094,0.0,4.994985580444336,0.2054722011089325,,,-0.020003220066428185,5651836.0,-0.007006877567619085,0.0003354554937686771,1.0105973482131958,-0.0020825378596782684,7409.0,0.0,5711377.0,225.30267333984375,222.0,0.03826926276087761,25.64899253845215,0.17251689732074738,1.1378943920135498,53.0,16384.0,0.07287553697824478,0.04443899914622307,0.1977226883172989,0.15971416234970093,0.054347824305295944,1615.4578857421875,0.7011692523956299,0.89418625831604,1.4520187377929688,0.01838342659175396,-0.4158119261264801,0.1852913349866867,0.041259765625,0.30598172545433044,0.4366488456726074,0.0,0.0013867467641830444,1.0,1.0,0.602442741394043,0.0560549832880497,0.22628481686115265,0.32386791706085205,0.40863946080207825,0.4240507185459137,0.7451748847961426,0.636487603187561,32.0,2.348767042160034,1.0,-0.0007859062752686441,0.27305158972740173,0.927534818649292,0.9008084535598755,0.682538628578186,0.2050277143716812,0.18582864105701447,-2.4939598006312735e-05,3.068115984206088e-05,0.9298017024993896,0.9299567937850952,0.7029096484184265,0.21552133560180664,0.20180697739124298,0.9297630786895752,0.9297087788581848,0.703156054019928,0.21568360924720764,0.20175626873970032,118999,3.3560094833374023,,,,,,,,,,,,,0.18929031491279602,0.05883001536130905,0.0732511654496193,0.6123781204223633,0.3171137571334839,0.1211652010679245,0.0,0.12194013595581055,0.18989577889442444,0.501126229763031,0.37918609380722046,0.18929031491279602
0.01318359375,0.3156048655509949,0.0,0.0,0.0,0.5625,0.22843579947948456,4.348343849182129,0.0,0.8717188835144043,0.07437146455049515,1.8203125,29.243541717529297,0,-5.021356105804443,0.6193593740463257,563.1908569335938,1.700871229171753,0.9993379712104797,0.10000000149011612,0.49670857191085815,0.02029188722372055,0.02605307660996914,955.8461303710938,0.0,2.608797788619995,5735338.0,0.046613406389951706,0.2578902542591095,0.1736031025648117,135.0,8.214689254760742,10.43138599395752,1.4124693870544434,0.0,13407.0,5735339.0,797.0,0.002826786832883954,0.0,1.0,0.0014124293811619282,5690610.5,1871697.0,1545.576904296875,1611.0,0.0,708.0,5816.0,5735338.0,-2.6156463623046875,-3.5201098918914795,0.8176626563072205,0.10443978011608124,197.0,2049.0,2.231626510620117,0.49914225935935974,0.0,5.003549098968506,0.20508252084255219,,,-0.019346794113516808,5675761.0,-0.00679443683475256,0.0004093365278095007,1.0103981494903564,-0.001948649063706398,7427.0,0.0,5735339.0,239.19444274902344,241.0,0.04143741354346275,25.4787540435791,0.17207185924053192,1.1107566356658936,52.0,16384.0,0.07272272557020187,0.0443914569914341,0.19947578012943268,0.16112497448921204,0.054347824305295944,1605.94287109375,0.699704647064209,0.8944755792617798,1.450743556022644,0.004189327359199524,-0.4078574776649475,0.1913740187883377,0.0250244140625,0.334938108921051,0.3719050884246826,0.0,0.0015943937469273806,1.0,1.0,0.5453228950500488,0.0577041357755661,0.2308845818042755,0.3818928599357605,0.37826108932495117,0.4907689094543457,0.679347813129425,0.6240558624267578,32.0,2.2593586444854736,1.0,-0.0006880126893520355,0.2729322910308838,0.9274975657463074,0.9006913304328918,0.6822888255119324,0.2053319215774536,0.18613407015800476,0.00010329861106583849,-1.4258172996051144e-05,0.9297884702682495,0.9298336505889893,0.7028688192367554,0.2156653255224228,0.20188742876052856,0.9297307133674622,0.929587185382843,0.7028411626815796,0.21607466042041779,0.2021717131137848,119499,3.3043370246887207,,,,,,,,,,,,,0.1897539496421814,0.05880368500947952,0.07316339015960693,0.6161749958992004,0.3189764618873596,0.12078354507684708,0.0,0.12216293811798096,0.19149208068847656,0.5034089684486389,0.38124603033065796,0.1897539496421814
0.01080322265625,0.34172818064689636,0.0,0.0,0.0,0.46875,0.2295094132423401,4.360008239746094,0.0,0.87801593542099,0.07478228211402893,1.8203125,29.175945281982422,0,-5.026753902435303,0.6161338686943054,621.7447509765625,1.738385796546936,0.9993385672569275,0.10000000149011612,0.4966478943824768,0.020303787663578987,0.02607046253979206,960.6363525390625,0.0,2.611774206161499,5759286.0,0.04681460186839104,0.2598274350166321,0.16974851489067078,135.0,8.233051300048828,10.39533519744873,1.4124693870544434,0.0,13425.0,5759287.0,3572.0,0.013376130722463131,0.0,1.0,0.0014124293811619282,5714558.5,1882116.375,1552.3636474609375,1613.0,0.0,708.0,5829.0,5759286.0,-1.9517440795898438,-3.5617260932922363,0.8177080750465393,0.08266033232212067,192.0,2048.0,2.450094699859619,0.5034594535827637,0.0,5.048306941986084,0.20225542783737183,,,-0.0179086085408926,5699707.0,-0.00629243440926075,0.00038208626210689545,1.0095351934432983,-0.001788706867955625,7442.0,0.0,5759287.0,239.1238555908203,241.0,0.04134500026702881,25.57898712158203,0.17155925929546356,1.106845498085022,44.0,16384.0,0.07291026413440704,0.04447026923298836,0.19912086427211761,0.16144710779190063,0.054347824305295944,1596.4765625,0.6980132460594177,0.8834190368652344,1.4486998319625854,0.005959378555417061,-0.4029221534729004,0.2035190463066101,0.035888671875,0.3578658401966095,0.5234174132347107,0.0,0.001623417716473341,1.0,1.0,0.5569391250610352,0.06611387431621552,0.23138190805912018,0.3205377459526062,0.43125635385513306,0.4316992461681366,0.7707729935646057,0.6241261959075928,32.0,2.3384783267974854,1.0,-0.0009573061252012849,0.2732168734073639,0.9275141954421997,0.9006378650665283,0.6824889183044434,0.20443034172058105,0.1855495423078537,-9.064972982741892e-05,2.9862332667107694e-05,0.9297807812690735,0.9297571778297424,0.7030326128005981,0.21561600267887115,0.20184211432933807,0.9297569990158081,0.9296032786369324,0.7032081484794617,0.2152080535888672,0.20161670446395874,119999,3.360550880432129,,,,,,,,,,,,,0.18786045908927917,0.057755760848522186,0.07162027806043625,0.6176562309265137,0.31883203983306885,0.11985000967979431,0.0,0.12183800339698792,0.19123995304107666,0.5009384155273438,0.37910041213035583,0.18786045908927917
0.00927734375,0.33722731471061707,0.0,0.0,0.0,0.625,0.22628042101860046,4.401586055755615,0.0,0.8718679547309875,0.07469847053289413,1.828125,29.145315170288086,0,-5.032002925872803,0.6073393821716309,465.2716979980469,1.724940299987793,0.9993502497673035,0.10000000149011612,0.4966003894805908,0.020295877009630203,0.02606486901640892,955.4259033203125,0.0,2.6127965450286865,5783356.0,0.047098543494939804,0.2587626576423645,0.1691516786813736,135.0,8.357344627380371,10.5589599609375,1.4124693870544434,0.0,13472.0,5783357.0,455.0,0.0018380339024588466,0.0,1.0,0.0014124293811619282,5738628.5,1868985.875,1547.4444580078125,1614.0,0.0,708.0,5917.0,5783356.0,-4.519071578979492,-5.961887359619141,0.8181859850883484,0.09233199059963226,190.0,2049.0,2.3519487380981445,0.5031375885009766,0.0,4.986424922943115,0.20419803261756897,,,-0.016048520803451538,5723735.0,-0.00562999676913023,0.0006923834444023669,1.0095372200012207,-0.0021014390513300896,7531.0,0.0,5783357.0,232.002197265625,229.0,0.038702044636011124,26.368099212646484,0.16907620429992676,1.117335557937622,54.0,16384.0,0.07318154722452164,0.044528279453516006,0.19909867644309998,0.1613745540380478,0.054347824305295944,1614.7744140625,0.6994478702545166,0.8884028792381287,1.4504475593566895,0.001437489758245647,-0.40903910994529724,0.19340987503528595,0.0311279296875,0.32786884903907776,0.49045124650001526,0.0,0.0015835476806387305,1.0,1.0,0.5525693893432617,0.07876552641391754,0.22625519335269928,0.32648995518684387,0.40562570095062256,0.4206066131591797,0.724754273891449,0.6305280923843384,32.0,2.564725875854492,1.0,-0.0008255460415966809,0.27331244945526123,0.9275401830673218,0.9007698893547058,0.682945728302002,0.20401984453201294,0.18508733808994293,3.893131361110136e-05,5.004614286008291e-05,0.9297701716423035,0.9297128319740295,0.703235924243927,0.21532990038394928,0.20162998139858246,0.9297829866409302,0.9297308325767517,0.7037231922149658,0.2147112637758255,0.20115427672863007,120499,3.4528415203094482,,,,,,,,,,,,,0.1869717389345169,0.0577574148774147,0.07095855474472046,0.6242910623550415,0.3267406225204468,0.11859698593616486,0.0,0.12297177314758301,0.1958027333021164,0.5057462453842163,0.3827744722366333,0.1869717389345169
0.0164794921875,0.337144136428833,0.0,0.0,0.0,0.53125,0.22885861992835999,4.44035005569458,0.0,0.8769538402557373,0.07434918731451035,1.8125,29.128070831298828,0,-5.03707218170166,0.6165714263916016,441.47491455078125,1.7146689891815186,0.9993308782577515,0.10000000149011612,0.4965284764766693,0.020307183265686035,0.02607397362589836,1071.3182373046875,0.0,2.6241800785064697,5807516.0,0.04736172780394554,0.26001378893852234,0.17511482536792755,135.0,8.468926429748535,10.835162162780762,1.4124693870544434,3.0,13508.0,5807517.0,283.0,0.0008926924783736467,0.0,1.0,0.0014124293811619282,5762788.5,1857289.625,1644.70458984375,1614.0,0.0,708.0,5996.0,5807516.0,-2.7004566192626953,-4.245004177093506,0.8186389803886414,0.1107558161020279,202.0,2048.0,2.39776873588562,0.49590787291526794,0.0,5.053128719329834,0.1966797113418579,,,-0.015436911955475807,5747877.0,-0.005429181735962629,0.00046781354467384517,1.0095367431640625,-0.0013207067968323827,7610.0,0.0,5807517.0,248.64508056640625,248.0,0.04136090725660324,25.9329891204834,0.1668567657470703,1.075111746788025,44.0,16384.0,0.07309011369943619,0.04449232667684555,0.19750967621803284,0.15837909281253815,0.06521739065647125,1693.1292724609375,0.697742223739624,0.8884671330451965,1.4501068592071533,0.007080207113176584,-0.4083406329154968,0.189923495054245,0.029541015625,0.3840893805027008,0.43278852105140686,0.0,0.0011238037841394544,1.0,1.0,0.5616803169250488,0.06284358352422714,0.22634455561637878,0.33590441942214966,0.415094256401062,0.4628913700580597,0.7181792259216309,0.6166053414344788,32.0,2.365797996520996,1.0,-0.0008831868763081729,0.27326223254203796,0.9275302886962891,0.9004725217819214,0.6829030513763428,0.2039221078157425,0.1850757598876953,-5.8017612900584936e-05,3.2065050618257374e-05,0.9297820329666138,0.929685115814209,0.7034428715705872,0.21507784724235535,0.20144668221473694,0.9297688603401184,0.9294624328613281,0.7036707997322083,0.2146231234073639,0.20110300183296204,120999,3.1534790992736816,,,,,,,,,,,,,0.19129982590675354,0.05933389812707901,0.07385565340518951,0.6043106317520142,0.31419801712036133,0.12283805012702942,0.0,0.12393718957901001,0.18980088829994202,0.5050379037857056,0.38110071420669556,0.19129982590675354
0.0103759765625,0.32210439443588257,0.0,0.0,0.0,0.65625,0.2271415740251541,4.350322723388672,0.0,0.8681605458259583,0.07421114295721054,1.828125,29.20757293701172,0,-5.041999340057373,0.6185925006866455,353.359375,1.7228401899337769,0.9993471503257751,0.10000000149011612,0.49651527404785156,0.020314518362283707,0.026094479486346245,1066.3333740234375,0.0,2.6157727241516113,5831612.0,0.047162774950265884,0.2593103349208832,0.1748540997505188,135.0,8.487288475036621,10.837287902832031,1.4124693870544434,0.0,13521.0,5831613.0,781.0,0.002573781181126833,0.0,1.0,0.0014124293811619282,5786884.5,1867807.0,1639.86669921875,1615.0,0.0,708.0,6009.0,5831612.0,-3.5245513916015625,-4.7040228843688965,0.8188708424568176,0.1129138171672821,193.0,2049.0,2.4026036262512207,0.5007471442222595,0.0,5.087030410766602,0.1933828741312027,,,-0.017363760620355606,5771972.0,-0.006126341875642538,0.0003556168230716139,1.0098272562026978,-0.0017497061053290963,7624.0,0.0,5831613.0,247.88885498046875,246.0,0.040938593447208405,24.85481071472168,0.16646598279476166,1.0664794445037842,45.0,16384.0,0.07300485670566559,0.04450485110282898,0.19825628399848938,0.16077837347984314,0.05978260934352875,1560.6094970703125,0.6985387206077576,0.8836751580238342,1.4486796855926514,0.0016328294295817614,-0.4066673219203949,0.18625187873840332,0.032958984375,0.35113996267318726,0.5268763303756714,0.0,0.0014712463598698378,1.0,1.0,0.5432853698730469,0.06838886439800262,0.2312716543674469,0.35194846987724304,0.41304826736450195,0.45540744066238403,0.7542166113853455,0.6255732178688049,32.0,2.396167516708374,1.0,-0.0008955318480730057,0.2730851471424103,0.9274692535400391,0.9003199934959412,0.6821725368499756,0.204678013920784,0.18565204739570618,-7.953277963679284e-05,-4.362572144600563e-05,0.929758608341217,0.9295517802238464,0.7033337950706482,0.2150530219078064,0.20142777264118195,0.9297043085098267,0.9293025135993958,0.7028574347496033,0.21539901196956635,0.20169740915298462,121499,3.5010788440704346,,,,,,,,,,,,,0.18635405600070953,0.05811454355716705,0.07142755389213562,0.6242997646331787,0.3299746811389923,0.1196851059794426,0.0,0.12167659401893616,0.19673730432987213,0.5047679543495178,0.38309136033058167,0.18635405600070953
0.011962890625,0.3162369728088379,0.0,0.0,0.0,0.53125,0.22929251194000244,4.451473712921143,0.0,0.8682097792625427,0.0748853087425232,1.8203125,29.212297439575195,0,-5.04675817489624,0.6128321886062622,495.63580322265625,1.7076584100723267,0.9993292689323425,0.10000000149011612,0.4965691566467285,0.02031627483665943,0.02610221691429615,1045.8431396484375,0.0,2.6144120693206787,5855693.0,0.047100506722927094,0.2579847276210785,0.17262856662273407,135.0,8.509886741638184,10.856849670410156,1.4124693870544434,0.0,13577.0,5855694.0,1649.0,0.005765804089605808,0.0,1.0,0.0014124293811619282,5810965.5,1873697.5,1626.549072265625,1615.0,0.0,708.0,6025.0,5855693.0,-1.8581714630126953,-2.967911958694458,0.8190473914146423,0.09684449434280396,196.0,2048.0,2.421532392501831,0.5023536682128906,0.0,5.048620223999023,0.19677448272705078,,,-0.018460894003510475,5796022.0,-0.006527840159833431,0.00042412171023897827,1.0096741914749146,-0.0020956387743353844,7640.0,0.0,5855694.0,260.637451171875,263.0,0.04365145042538643,22.964834213256836,0.1659984141588211,1.0398837327957153,51.0,16384.0,0.0730709657073021,0.04451294243335724,0.19670279324054718,0.16011393070220947,0.054347824305295944,1617.601318359375,0.6997079849243164,0.8899340629577637,1.4510077238082886,0.0019460261100903153,-0.39912092685699463,0.1905497908592224,0.0286865234375,0.34356847405433655,0.46456432342529297,0.0,0.001339445123448968,1.0,1.0,0.5666389465332031,0.06760083138942719,0.2322670966386795,0.32036125659942627,0.3896825313568115,0.3983688950538635,0.7090057134628296,0.6426020860671997,32.0,2.2962424755096436,1.0,-0.0009090998210012913,0.273049920797348,0.9274840950965881,0.900438129901886,0.6820195913314819,0.20522604882717133,0.18607477843761444,-9.128892997978255e-05,-4.308755160309374e-05,0.9297429919242859,0.9294646382331848,0.7030810713768005,0.21530233323574066,0.20163802802562714,0.929711103439331,0.9294105172157288,0.7025981545448303,0.2159656435251236,0.20218610763549805,121999,3.1754343509674072,,,,,,,,,,,,,0.19179001450538635,0.058808550238609314,0.07283073663711548,0.605110764503479,0.31409919261932373,0.1221877932548523,0.0,0.12424242496490479,0.19034090638160706,0.5063733458518982,0.3821309208869934,0.19179001450538635
0.010498046875,0.31746014952659607,0.0,0.0,0.0,0.5625,0.22943615913391113,4.3823652267456055,0.0,0.8653537631034851,0.07439347356557846,1.8203125,29.216890335083008,0,-5.051388740539551,0.6168137788772583,451.3511657714844,1.722116470336914,0.9993454217910767,0.10000000149011612,0.4966427683830261,0.020340604707598686,0.026121696457266808,942.1304321289062,0.0,2.612800359725952,5879667.0,0.0471300408244133,0.25902241468429565,0.16470615565776825,136.0,8.522599220275879,10.861390113830566,1.4124693870544434,0.0,13612.0,5879668.0,2667.0,0.009050057269632816,0.0,1.0,0.0014124293811619282,5834939.5,1886074.25,1539.45654296875,1621.0,0.0,708.0,6034.0,5879667.0,-1.0861740112304688,-2.572450637817383,0.8192158937454224,0.12041006982326508,188.0,2048.0,2.3787918090820312,0.533184289932251,0.0,4.911789894104004,0.2142939418554306,,,-0.019072161987423897,5819966.0,-0.006745976861566305,0.00042478120303712785,1.0095759630203247,-0.002915568882599473,7655.0,0.0,5879668.0,221.3194580078125,225.0,0.03728869557380676,29.496261596679688,0.16574378311634064,1.1490060091018677,46.0,16384.0,0.0730295404791832,0.04447557404637337,0.19718901813030243,0.1590917706489563,0.05978260934352875,1573.42138671875,0.698533833026886,0.8883146047592163,1.4480055570602417,-0.002336796373128891,-0.411302775144577,0.1979045867919922,0.025146484375,0.3881339132785797,0.40387803316116333,0.0,0.001234040129929781,1.0,1.0,0.533233642578125,0.06328339874744415,0.22974558174610138,0.344683438539505,0.38220369815826416,0.48303428292274475,0.6774340867996216,0.6225653886795044,32.0,2.352776050567627,1.0,-0.0007348658982664347,0.27293848991394043,0.9274974465370178,0.9003162980079651,0.6823194026947021,0.20539546012878418,0.18629257380962372,0.0001044910604832694,-1.3037923963565845e-05,0.9297506809234619,0.9294425249099731,0.7029675841331482,0.21562014520168304,0.2018955945968628,0.9297311902046204,0.9293228387832642,0.7029538750648499,0.21609681844711304,0.20228447020053864,122499,3.472625732421875,,,,,,,,,,,,,0.18710020184516907,0.05810973793268204,0.07134450972080231,0.6174695491790771,0.32560300827026367,0.12099813669919968,0.0,0.12228131294250488,0.19485250115394592,0.5042340159416199,0.381952702999115,0.18710020184516907
0.01055908203125,0.33314478397369385,0.0,0.0,0.0,0.71875,0.22961293160915375,4.4663896560668945,0.0,0.8640050888061523,0.0745311751961708,1.8203125,29.161449432373047,0,-5.055848598480225,0.6346486806869507,494.5364990234375,1.7368223667144775,0.9993376135826111,0.10000000149011612,0.49665817618370056,0.02034153789281845,0.0261370912194252,992.244873046875,0.0,2.6036715507507324,5903612.0,0.047017235308885574,0.2588314414024353,0.16973327100276947,136.0,8.526836395263672,10.838566780090332,1.4124693870544434,0.0,13650.0,5903613.0,2509.0,0.008355753496289253,0.0,1.0,0.0014124293811619282,5858884.5,1900531.125,1581.48974609375,1633.0,0.0,708.0,6037.0,5903612.0,-1.1562061309814453,-2.712670087814331,0.819294273853302,0.1257593184709549,202.0,2048.0,2.5363850593566895,0.5311176776885986,0.0,4.958998680114746,0.21084076166152954,,,-0.01939530484378338,5843919.0,-0.00687306746840477,0.00046521032345481217,1.009649395942688,-0.0025253253988921642,7670.0,0.0,5903613.0,241.87681579589844,244.0,0.04041742533445358,26.6712589263916,0.16566799581050873,1.092146635055542,49.0,16384.0,0.07305660843849182,0.044323213398456573,0.19886355102062225,0.16025479137897491,0.04891304299235344,1540.77734375,0.6967766880989075,0.888306200504303,1.4491028785705566,0.0039182244800031185,-0.3969917297363281,0.19378934800624847,0.033935546875,0.36011263728141785,0.5330461859703064,0.0,0.0019823675975203514,1.0,1.0,0.615572452545166,0.06452231854200363,0.224935844540596,0.2976115942001343,0.3861624002456665,0.4214426875114441,0.7362798452377319,0.6458994150161743,32.0,2.6105713844299316,1.0,-0.0006925762281753123,0.27296069264411926,0.9274546504020691,0.9001076221466064,0.6823268532752991,0.20521655678749084,0.1860358715057373,0.00014690429088659585,-5.248006800684379e-06,0.9297450184822083,0.9293609261512756,0.7028756141662598,0.2158588021993637,0.20208506286144257,0.929690957069397,0.9291458129882812,0.7029746770858765,0.21600443124771118,0.20209120213985443,122999,3.5153393745422363,,,,,,,,,,,,,0.18506257236003876,0.0571536049246788,0.0700414851307869,0.6208900213241577,0.32799339294433594,0.11940005421638489,0.0,0.12263613939285278,0.19674427807331085,0.5044429898262024,0.3818068504333496,0.18506257236003876
0.0164794921875,0.33838051557540894,0.0,0.0,0.0,0.625,0.22883033752441406,4.264102935791016,0.0,0.8711382746696472,0.07482285052537918,1.8203125,29.163604736328125,0,-5.0601654052734375,0.6162129044532776,423.8821716308594,1.7099920511245728,0.9993296265602112,0.10000000149011612,0.49660295248031616,0.020347971469163895,0.026144253090023994,1029.1041259765625,0.0,2.6000208854675293,5927653.0,0.04686586931347847,0.2581965923309326,0.17301851511001587,135.0,8.543785095214844,10.785136222839355,1.4124693870544434,0.0,13689.0,5927654.0,4130.0,0.013755624182522297,0.0,1.0,0.0014124293811619282,5882925.5,1912302.875,1608.7708740234375,1633.0,0.0,708.0,6049.0,5927653.0,-0.29685211181640625,-2.3339545726776123,0.8196253776550293,0.1193557009100914,209.0,2048.0,2.5210366249084473,0.5331528186798096,0.0,4.988175392150879,0.19162462651729584,,,-0.01842033490538597,5867939.0,-0.006530798971652985,0.00034071787376888096,1.009536862373352,-0.0019152414752170444,7682.0,0.0,5927654.0,254.752197265625,252.0,0.04165977984666824,22.77855110168457,0.1653202474117279,1.039586067199707,48.0,16384.0,0.07316508889198303,0.04441595822572708,0.19838757812976837,0.15996479988098145,0.054347824305295944,1570.73486328125,0.6969095468521118,0.8821300864219666,1.4482626914978027,0.006884132977575064,-0.4025444984436035,0.20142792165279388,0.0322265625,0.34137874841690063,0.49082493782043457,0.0,0.0015081791207194328,1.0,1.0,0.573585033416748,0.06417029350996017,0.22537444531917572,0.2323220670223236,0.4049782454967499,0.3466682434082031,0.723105251789093,0.6434754729270935,32.0,2.446458339691162,1.0,-0.0007761349552311003,0.2730677127838135,0.9274255633354187,0.9000046253204346,0.6825542449951172,0.20467987656593323,0.18557330965995789,-1.932835584739223e-05,2.112660695274826e-05,0.92972731590271,0.9292508959770203,0.7030224204063416,0.21576470136642456,0.20193098485469818,0.9296592473983765,0.929033637046814,0.7031921148300171,0.21549458801746368,0.20165394246578217,123499,3.456298828125,,,,,,,,,,,,,0.18679043650627136,0.05752681940793991,0.07011910527944565,0.6176884174346924,0.32573843002319336,0.12045922130346298,0.0,0.12352439761161804,0.19468289613723755,0.504997730255127,0.3814733326435089,0.18679043650627136
0.0103759765625,0.3268190622329712,0.0,0.0,0.0,0.5,0.22751513123512268,4.442076683044434,0.0,0.8689395189285278,0.07461805641651154,1.8203125,29.098114013671875,0,-5.064330577850342,0.6214827299118042,479.2486877441406,1.7585054636001587,0.999350905418396,0.10000000149011612,0.49656185507774353,0.020351771265268326,0.02614707686007023,940.9400024414062,0.0,2.6104729175567627,5951576.0,0.04746348038315773,0.26150596141815186,0.16807639598846436,135.0,8.563559532165527,10.785168647766113,1.4124693870544434,0.0,13709.0,5951577.0,646.0,0.002233894309028983,0.0,1.0,0.0014124293811619282,5906848.5,1922915.875,1537.3599853515625,1636.0,0.0,708.0,6063.0,5951576.0,-2.554363250732422,-4.077241897583008,0.8196536302566528,0.09380774199962616,200.0,2048.0,2.6158089637756348,0.5252556204795837,0.0,4.947545051574707,0.20292146503925323,,,-0.018581723794341087,5891846.0,-0.006588710471987724,0.0004754083347506821,1.0097365379333496,-0.002137093571946025,7699.0,0.0,5951577.0,240.9624481201172,243.0,0.04007916897535324,27.309860229492188,0.1650073379278183,1.092994213104248,50.0,16384.0,0.07322455197572708,0.04440968483686447,0.19784702360630035,0.16015033423900604,0.04891304299235344,1570.6787109375,0.6978416442871094,0.8848181962966919,1.4461959600448608,0.013787224888801575,-0.41102829575538635,0.2025090754032135,0.033447265625,0.39584365487098694,0.5109681487083435,0.0,0.0015211725840345025,1.0,1.0,0.619412899017334,0.06935063749551773,0.22265726327896118,0.3104832172393799,0.3809974193572998,0.48284780979156494,0.720131516456604,0.6664491891860962,32.0,2.4172561168670654,1.0,-0.0007363971672020853,0.2732037901878357,0.9274815917015076,0.9001100063323975,0.6833221912384033,0.2040257751941681,0.18522842228412628,0.00016041861090343446,7.797751459293067e-05,0.9297146201133728,0.9292111992835999,0.7033207416534424,0.21546952426433563,0.20171308517456055,0.9297149777412415,0.9291365146636963,0.7041816711425781,0.21464240550994873,0.20114876329898834,123999,3.466447353363037,,,,,,,,,,,,,0.18525247275829315,0.057267557829618454,0.07020649313926697,0.6213212013244629,0.33147817850112915,0.11996014416217804,0.0,0.12318098545074463,0.19754953682422638,0.5059829950332642,0.38280200958251953,0.18525247275829315
0.0140380859375,0.33425483107566833,0.0,0.0,0.0,0.53125,0.22776521742343903,4.370517253875732,0.0,0.8663932085037231,0.0747494250535965,1.8125,29.047813415527344,0,-5.068351745605469,0.6180732250213623,999.044677734375,1.7063010931015015,0.99932461977005,0.10000000149011612,0.4964550733566284,0.020362386479973793,0.02616472728550434,945.9111328125,0.0,2.608208656311035,5975603.0,0.04731415957212448,0.2606976330280304,0.16942718625068665,135.0,8.5805082321167,10.801436424255371,1.4124693870544434,0.0,13726.0,5975604.0,186.0,0.0005789697170257568,0.0,1.0,0.0014124293811619282,5930875.5,1934227.25,1540.2667236328125,1636.0,0.0,708.0,6075.0,5975603.0,-1.5729122161865234,-3.025010824203491,0.8199209570884705,0.11697672307491302,207.0,2048.0,2.2811055183410645,0.48386436700820923,0.0,4.983576774597168,0.19578620791435242,,,-0.017967190593481064,5915853.0,-0.006371777970343828,0.000495720305480063,1.009544849395752,-0.0018946074414998293,7711.0,0.0,5975604.0,247.5458221435547,245.0,0.0403292179107666,24.87058448791504,0.1646777093410492,1.0630974769592285,45.0,16384.0,0.07342797517776489,0.044446203857660294,0.198743537068367,0.1605297327041626,0.054347824305295944,1566.3060302734375,0.6958078742027283,0.8886706829071045,1.4490348100662231,-0.0003938211302738637,-0.4121274948120117,0.1911882758140564,0.033203125,0.3270781934261322,0.45991769433021545,0.0,0.0014646993950009346,1.0,1.0,0.5589261054992676,0.07568731904029846,0.2274431437253952,0.36753588914871216,0.39593178033828735,0.4721563458442688,0.7421649694442749,0.6266456246376038,32.0,2.4808454513549805,1.0,-0.0009475991246290505,0.273271381855011,0.9273905754089355,0.8998163342475891,0.6835107803344727,0.20363876223564148,0.18472172319889069,-0.00012147494271630421,9.029946522787213e-05,0.9297075867652893,0.9291397929191589,0.7038062810897827,0.21500571072101593,0.20135152339935303,0.9296443462371826,0.9289143681526184,0.7044963836669922,0.21419943869113922,0.20064909756183624,124499,3.1431379318237305,,,,,,,,,,,,,0.18917828798294067,0.05830692872405052,0.07303281128406525,0.60981285572052,0.3227502107620239,0.12293197959661484,0.0,0.12388026714324951,0.19521218538284302,0.5082707405090332,0.3843904733657837,0.18917828798294067
0.0140380859375,0.33170047402381897,0.0,0.0,0.0,0.5625,0.22946202754974365,4.400864124298096,0.0,0.8752598166465759,0.07492150366306305,1.8125,29.162891387939453,0,-5.072238922119141,0.6127949953079224,611.0736694335938,1.6921145915985107,0.9993269443511963,0.10000000149011612,0.4964771866798401,0.02036636509001255,0.02617526613175869,955.5918579101562,0.0,2.6066250801086426,5999629.0,0.047153253108263016,0.26024219393730164,0.1720927208662033,135.0,8.588983535766602,10.81916332244873,1.4124693870544434,0.0,13773.0,5999630.0,2005.0,0.006994543597102165,0.0,1.0,0.0014124293811619282,5954901.5,1947121.0,1547.142822265625,1639.0,0.0,708.0,6081.0,5999629.0,-1.6038532257080078,-2.7943246364593506,0.820304274559021,0.10699528455734253,205.0,2048.0,2.3552041053771973,0.4764074981212616,0.0,5.026825904846191,0.19579532742500305,,,-0.01960982009768486,5939851.0,-0.006981917656958103,0.00041169737232849,1.0100948810577393,-0.0019980703946202993,7720.0,0.0,5999630.0,252.4981689453125,250.0,0.04111165925860405,26.60927391052246,0.16446976363658905,1.0585064888000488,49.0,16384.0,0.07322923094034195,0.04437669366598129,0.19588889181613922,0.1590600460767746,0.054347824305295944,1570.303955078125,0.6946873068809509,0.8956318497657776,1.4506609439849854,0.004541492089629173,-0.41096633672714233,0.1871711015701294,0.0311279296875,0.36128926277160645,0.37460944056510925,0.0,0.001385493203997612,1.0,1.0,0.5696382522583008,0.08469348400831223,0.23114308714866638,0.39593201875686646,0.37636739015579224,0.5372027158737183,0.678350031375885,0.6223597526550293,32.0,2.389920949935913,1.0,-0.0007783310138620436,0.27299579977989197,0.9273689985275269,0.8997745513916016,0.6824878454208374,0.2049275040626526,0.18572905659675598,2.7887464966624975e-05,-5.09466408402659e-05,0.9296718239784241,0.9290196299552917,0.7037254571914673,0.21500614285469055,0.2013266682624817,0.9296039342880249,0.9287753105163574,0.7032938599586487,0.2155216634273529,0.20169395208358765,124999,3.20591402053833,,,,,,,,,,,,,0.19233736395835876,0.05910404771566391,0.07376909255981445,0.6057038903236389,0.32068806886672974,0.12434665858745575,0.0,0.12295180559158325,0.19365724921226501,0.508946418762207,0.3859946131706238,0.19233736395835876
,,,,,,,,,,,,,0,,,,,,,,,,,,,,,,,,,,,,,,,,,,,,,,,,,,,,,,,,,,,,,,0.013845440000295639,0.13121363520622253,,,,,,,,,,,,,,,,,,,,,,,,,,,,,,,,,,,,,,,,,,,,,,,,,,,,,,,,,,,,,,,,,,,124999,,0.8372513651847839,66.61567687988281,80.23967742919922,13.624000549316406,4.883062839508057,71.49874114990234,64.66851806640625,69.43024444580078,80.76343536376953,5.940795421600342,87.5710678100586,81.63027954101562,,,,,,,,,,,,
0.01483154296875,0.3347155749797821,0.0,0.0,0.0,0.375,0.2277943193912506,4.3497114181518555,0.0,0.8752713203430176,0.07424613833427429,1.8203125,29.149534225463867,0,-5.075982093811035,0.6166732311248779,554.3077392578125,1.7145664691925049,0.9993401169776917,0.10000000149011612,0.4964745044708252,0.020376212894916534,0.026188230141997337,1008.8444213867188,0.0,2.609041213989258,6023378.0,0.04676895961165428,0.25860804319381714,0.17663829028606415,135.0,8.603107452392578,10.831059455871582,1.4124693870544434,0.0,13831.0,6023379.0,463.0,0.0015687893610447645,0.0,1.0,0.0014124293811619282,5978650.5,1957358.5,1590.022216796875,1640.0,0.0,708.0,6091.0,6023378.0,-2.548358917236328,-3.4024131298065186,0.8204312324523926,0.11456795781850815,200.0,2048.0,2.3811933994293213,0.5042062997817993,0.0,5.021023750305176,0.2008085399866104,,,-0.018926816061139107,5963579.0,-0.0067399838007986546,0.0004388389643281698,1.009627103805542,-0.002102599013596773,7731.0,0.0,6023379.0,257.13226318359375,255.0,0.04186504706740379,24.960269927978516,0.16423174738883972,1.0386545658111572,45.0,16384.0,0.07333062589168549,0.0444568507373333,0.19600017368793488,0.15771901607513428,0.054347824305295944,1661.904541015625,0.6927799582481384,0.8906868100166321,1.4496128559112549,-0.0018797353841364384,-0.4007929861545563,0.188115656375885,0.0279541015625,0.32112953066825867,0.3945164978504181,0.0,0.0016814896371215582,1.0,1.0,0.5069637298583984,0.07993000745773315,0.22879718244075775,0.34129688143730164,0.39825713634490967,0.4344537854194641,0.6671733856201172,0.6256054639816284,32.0,2.436403274536133,1.0,-0.0009801595006138086,0.2730743885040283,0.9274291396141052,0.8999366760253906,0.6823418140411377,0.20476160943508148,0.18573899567127228,-0.00012731731112580746,-2.613480501167942e-05,0.9296637773513794,0.9289653301239014,0.703508198261261,0.2152159959077835,0.20150882005691528,0.9296644926071167,0.9289554953575134,0.7031438946723938,0.21538397669792175,0.2017327845096588,125499,3.375739812850952,,,,,,,,,,,,,0.1884373426437378,0.05822055786848068,0.07255732268095016,0.6113921403884888,0.3259391486644745,0.12235990166664124,0.0,0.12251299619674683,0.19499701261520386,0.5059473514556885,0.38343435525894165,0.1884373426437378
0.0106201171875,0.343975305557251,0.0,0.0,0.0,0.65625,0.22910821437835693,4.3800554275512695,0.0,0.8724706172943115,0.07497832179069519,1.8125,29.082826614379883,0,-5.079582214355469,0.6089708805084229,607.9630126953125,1.704171895980835,0.9993308782577515,0.10000000149011612,0.4964004456996918,0.02037985809147358,0.02619781345129013,996.2857055664062,0.0,2.6125173568725586,6047193.0,0.04747050628066063,0.2604580223560333,0.17676697671413422,135.0,8.624293327331543,10.863435745239258,1.4124693870544434,0.0,13869.0,6047194.0,912.0,0.0032434468157589436,0.0,1.0,0.0014124293811619282,6002465.5,1966535.75,1579.547607421875,1640.0,0.0,708.0,6106.0,6047193.0,-2.512815475463867,-3.908214807510376,0.8203973770141602,0.11371815204620361,200.0,2048.0,2.4623749256134033,0.5068599581718445,0.0,5.0512871742248535,0.20462648570537567,,,-0.018433552235364914,5987382.0,-0.006573942955583334,0.0005092349019832909,1.0095916986465454,-0.0020989938639104366,7746.0,0.0,6047194.0,251.63685607910156,252.0,0.04127088189125061,25.146717071533203,0.16383829712867737,1.051774501800537,42.0,16384.0,0.07328981161117554,0.04440455511212349,0.19737212359905243,0.1592574119567871,0.07065217196941376,1578.4781494140625,0.6949446797370911,0.8907511234283447,1.447356939315796,-0.0010672686621546745,-0.4082584083080292,0.1920037716627121,0.0286865234375,0.4307238757610321,0.4305601119995117,0.0,0.0013401188189163804,1.0,1.0,0.5714154243469238,0.058142855763435364,0.22673796117305756,0.3595828413963318,0.3855051100254059,0.490613728761673,0.6992911696434021,0.6284378170967102,32.0,2.4469826221466064,1.0,-0.0008044630521908402,0.27310916781425476,0.9273375272750854,0.8996229767799377,0.6822013258934021,0.20437227189540863,0.1853903830051422,4.5423212213790976e-06,-4.2226605728501454e-05,0.929652750492096,0.9289206862449646,0.7033560872077942,0.2152099460363388,0.20154635608196259,0.9295772910118103,0.9286471605300903,0.7029768228530884,0.2150743454694748,0.20142321288585663,125999,3.065147876739502,,,,,,,,,,,,,0.19261552393436432,0.05904282629489899,0.07422749698162079,0.6039118766784668,0.3155423402786255,0.1234966367483139,0.0,0.12370187044143677,0.19110135734081268,0.5074187517166138,0.383716881275177,0.19261552393436432
0.0147705078125,0.3225567042827606,0.0,0.0,0.0,0.65625,0.22762978076934814,4.412528038024902,0.0,0.8707728981971741,0.0745033323764801,1.8203125,29.06365966796875,0,-5.0830397605896,0.6131294965744019,721.1014404296875,1.7285163402557373,0.9993411302566528,0.10000000149011612,0.4963104724884033,0.020372888073325157,0.026182765141129494,1105.1224365234375,0.0,2.6108250617980957,6071227.0,0.047662168741226196,0.2615211606025696,0.1766929030418396,135.0,8.638418197631836,10.87380599975586,1.4124693870544434,0.0,13904.0,6071228.0,4117.0,0.014601818285882473,0.0,1.0,0.0014124293811619282,6026499.5,1976963.125,1673.040771484375,1641.0,0.0,708.0,6116.0,6071227.0,-0.9467372894287109,-2.6477978229522705,0.8203113675117493,0.10883583873510361,204.0,2048.0,2.5040054321289062,0.4994661211967468,0.0,5.0908894538879395,0.2024514377117157,,,-0.01846621371805668,6011395.0,-0.00658305874094367,0.0004719414282590151,1.0096453428268433,-0.0018873994704335928,7757.0,0.0,6071228.0,258.9387512207031,259.0,0.04234794154763222,24.9638671875,0.1635090708732605,1.0378080606460571,49.0,16384.0,0.07339009642601013,0.04446890577673912,0.19510895013809204,0.15792270004749298,0.04891304299235344,1571.858154296875,0.6951065063476562,0.8836662769317627,1.4494342803955078,0.0027892207726836205,-0.39587700366973877,0.19133727252483368,0.033203125,0.36003923416137695,0.5224002599716187,0.0,0.0014630277873948216,1.0,1.0,0.5320835113525391,0.06448756903409958,0.23339611291885376,0.34228551387786865,0.40919411182403564,0.44773709774017334,0.7388211488723755,0.64473557472229,32.0,2.51300048828125,1.0,-0.000807219126727432,0.2732113301753998,0.9273543953895569,0.8995393514633179,0.6826477646827698,0.2036876678466797,0.184858039021492,5.8136523875873536e-05,2.0900861272821203e-05,0.9296345114707947,0.9288047552108765,0.7033666372299194,0.21499969065189362,0.20134632289409637,0.9295962452888489,0.9286041259765625,0.7036083340644836,0.21435211598873138,0.20081180334091187,126499,3.5036861896514893,,,,,,,,,,,,,0.18702588975429535,0.05768990516662598,0.07122974097728729,0.6156712770462036,0.33195045590400696,0.12198420614004135,0.0,0.12322261929512024,0.19877730309963226,0.5090258121490479,0.3858031928539276,0.18702588975429535
0.01470947265625,0.3158358931541443,0.0,0.0,0.0,0.71875,0.22882722318172455,4.39518404006958,0.0,0.8685275316238403,0.07479448616504669,1.8203125,29.1289005279541,0,-5.086363315582275,0.6221058964729309,555.9695434570312,1.713787317276001,0.999332070350647,0.10000000149011612,0.49629339575767517,0.020379191264510155,0.02619769796729088,1056.625,0.0,2.6113901138305664,6095210.0,0.047367338091135025,0.2598333954811096,0.17583291232585907,135.0,8.658191680908203,10.907303810119629,1.4124693870544434,0.0,13945.0,6095211.0,2460.0,0.00791963655501604,0.0,1.0,0.0014124293811619282,6050482.5,1985938.25,1632.6666259765625,1642.0,0.0,708.0,6130.0,6095210.0,-0.2915458679199219,-2.2182304859161377,0.8205956220626831,0.08192463219165802,200.0,2048.0,2.423027515411377,0.4827536940574646,0.0,5.024991035461426,0.1908102035522461,,,-0.018180781975388527,6035375.0,-0.006483290810137987,0.0004562402900774032,1.009536862373352,-0.002245425246655941,7772.0,0.0,6095211.0,256.2243347167969,261.0,0.042577486485242844,26.048715591430664,0.16314959526062012,1.047961711883545,48.0,16384.0,0.07338748872280121,0.04453640431165695,0.19854147732257843,0.16049474477767944,0.054347824305295944,1578.92431640625,0.6947454810142517,0.8867093324661255,1.4504770040512085,-0.002428765408694744,-0.4114258587360382,0.17809441685676575,0.033935546875,0.3670473098754883,0.5070146918296814,0.0,0.0014538525138050318,1.0,1.0,0.5931377410888672,0.07048478722572327,0.22806958854198456,0.32499685883522034,0.4210984706878662,0.45792126655578613,0.7755722999572754,0.62711501121521,32.0,2.4535458087921143,1.0,-0.0008490774780511856,0.2731364965438843,0.9273843169212341,0.8995830416679382,0.6826951503753662,0.20398569107055664,0.18511992692947388,1.4185668078425806e-05,1.2284286640351638e-05,0.9296319484710693,0.928722083568573,0.7034575939178467,0.214810311794281,0.20120349526405334,0.929616391658783,0.928607702255249,0.7035766839981079,0.21466267108917236,0.20110319554805756,126999,3.3365578651428223,,,,,,,,,,,,,0.18733768165111542,0.05786091089248657,0.07091597467660904,0.6180163621902466,0.3302142322063446,0.12185138463973999,0.0,0.12455856800079346,0.19856096804141998,0.5104572176933289,0.3858986496925354,0.18733768165111542
0.00946044921875,0.3283214271068573,0.0,0.0,0.0,0.625,0.22724121809005737,4.208120346069336,0.0,0.8720517754554749,0.07441769540309906,1.8203125,29.126033782958984,0,-5.089572906494141,0.6173930168151855,678.8699951171875,1.7187952995300293,0.9993414878845215,0.10000000149011612,0.496232807636261,0.020390700548887253,0.026210470125079155,1100.25927734375,0.0,2.6105899810791016,6119149.0,0.04726023972034454,0.2600037753582001,0.17057253420352936,135.0,8.68220329284668,10.919241905212402,1.4124693870544434,0.0,13988.0,6119150.0,563.0,0.001876671682111919,0.0,1.0,0.0014124293811619282,6074421.5,1993237.75,1675.0926513671875,1643.0,0.0,708.0,6147.0,6119149.0,-2.3146800994873047,-3.7360548973083496,0.8207016587257385,0.0952661857008934,201.0,2048.0,2.34456729888916,0.48314017057418823,0.0,4.969985485076904,0.18496273458003998,,,-0.0184320155531168,6059299.0,-0.006581048481166363,0.0004258950357325375,1.0095341205596924,-0.0024035137612372637,7790.0,0.0,6119150.0,252.0491180419922,249.0,0.040507566183805466,25.589876174926758,0.1627521812915802,1.047672152519226,54.0,16384.0,0.07336859405040741,0.044532883912324905,0.19443702697753906,0.15718087553977966,0.05978260934352875,1624.872314453125,0.6948685646057129,0.8892173171043396,1.4526572227478027,0.008555006235837936,-0.39772242307662964,0.18862351775169373,0.03271484375,0.3279648721218109,0.48478934168815613,0.0,0.0020724537316709757,1.0,1.0,0.6116886138916016,0.06116879731416702,0.2318531572818756,0.2932974696159363,0.3710644543170929,0.3740708827972412,0.7402746081352234,0.6543527245521545,32.0,2.5999484062194824,1.0,-0.0009167446987703443,0.27321261167526245,0.9273108243942261,0.8993980884552002,0.6828598380088806,0.2036164402961731,0.1847507655620575,-9.060114825842902e-05,2.170958396163769e-05,0.9296268820762634,0.9286710619926453,0.7035945653915405,0.21463428437709808,0.20106858015060425,0.9295554161071777,0.9284723401069641,0.7036958932876587,0.21433275938034058,0.20087017118930817,127499,3.324122667312622,,,,,,,,,,,,,0.19371044635772705,0.05911689251661301,0.0742613822221756,0.6075503826141357,0.3190891146659851,0.1237046867609024,0.0,0.12167561054229736,0.19150882959365845,0.5068948864936829,0.3852192759513855,0.19371044635772705
0.01263427734375,0.33179929852485657,0.0,0.0,0.0,0.625,0.22621062397956848,4.306507110595703,0.0,0.8725689649581909,0.0749906450510025,1.8125,29.120777130126953,0,-5.092641353607178,0.6134368181228638,458.1717224121094,1.7007167339324951,0.9993448853492737,0.10000000149011612,0.49621376395225525,0.020392216742038727,0.026213521137833595,1077.2708740234375,0.0,2.610750675201416,6143243.0,0.046862658113241196,0.25792673230171204,0.1695500612258911,135.0,8.699152946472168,10.917909622192383,1.4124693870544434,0.0,14031.0,6143244.0,135.0,0.0003805659944191575,0.0,1.0,0.0014124293811619282,6098515.5,2002373.5,1652.9166259765625,1643.0,0.0,708.0,6159.0,6143243.0,-3.189128875732422,-4.366852283477783,0.8208255767822266,0.09069083631038666,206.0,2048.0,2.3358726501464844,0.47731828689575195,0.0,5.060417652130127,0.18103672564029694,,,-0.017911424860358238,6083384.0,-0.006401638500392437,0.0004229428886901587,1.0095367431640625,-0.0017130498308688402,7802.0,0.0,6143244.0,259.3466491699219,255.0,0.041402824223041534,23.817340850830078,0.1625150889158249,1.0259021520614624,48.0,16384.0,0.07347965985536575,0.04447147250175476,0.1980695128440857,0.16142597794532776,0.05978260934352875,1604.915283203125,0.6937299370765686,0.8869043588638306,1.45183527469635,0.003291564527899027,-0.40952783823013306,0.17706811428070068,0.030029296875,0.35054391622543335,0.4427666962146759,0.0,0.0015484299510717392,1.0,1.0,0.6041040420532227,0.06088687479496002,0.21888665854930878,0.2980792820453644,0.3856832981109619,0.39275842905044556,0.6859667301177979,0.6287522912025452,32.0,2.5266804695129395,1.0,-0.0007552705355919898,0.27315613627433777,0.9272776246070862,0.8992347717285156,0.682559609413147,0.20392373204231262,0.18499761819839478,0.00012748289736919105,-2.3874716134741902e-05,0.9295941591262817,0.9285431504249573,0.7034599781036377,0.21467508375644684,0.20112642645835876,0.9295209050178528,0.9282731413841248,0.7033702731132507,0.2147112786769867,0.20111335813999176,127999,3.2433974742889404,,,,,,,,,,,,,0.1911654770374298,0.05860483646392822,0.07206453382968903,0.6165624856948853,0.3276233971118927,0.12255118787288666,0.0,0.12394243478775024,0.1983635127544403,0.5134714245796204,0.3895289897918701,0.1911654770374298
0.01129150390625,0.3322193920612335,0.0,0.0,0.0,0.4375,0.22668243944644928,4.216000556945801,0.0,0.8694220185279846,0.07463954389095306,1.8203125,29.10943031311035,0,-5.095582008361816,0.6197409629821777,674.9609375,1.7348999977111816,0.9993413090705872,0.10000000149011612,0.49619385600090027,0.02039700746536255,0.026220636442303658,1116.85107421875,0.0,2.6060574054718018,6167133.0,0.0470614992082119,0.26083752512931824,0.16721966862678528,135.0,8.717514038085938,10.905502319335938,1.4124693870544434,0.0,14078.0,6167134.0,769.0,0.002646150765940547,0.0,1.0,0.0014124293811619282,6122405.5,2011885.875,1691.55322265625,1646.0,0.0,708.0,6172.0,6167133.0,-2.576791763305664,-3.9542322158813477,0.8208292126655579,0.11021777987480164,203.0,2048.0,2.531691312789917,0.5308306813240051,0.0,5.060595512390137,0.19571605324745178,,,-0.017817026004195213,6107277.0,-0.00637524388730526,0.00048212442197836936,1.009536862373352,-0.0019408423686400056,7818.0,0.0,6167134.0,252.92149353027344,250.0,0.040505509823560715,25.568864822387695,0.16209593415260315,1.042248249053955,47.0,16384.0,0.07342608273029327,0.04444682598114014,0.19629673659801483,0.16019752621650696,0.054347824305295944,1609.3367919921875,0.6939159035682678,0.8848931193351746,1.451418399810791,0.004140850622206926,-0.40233907103538513,0.18617850542068481,0.033935546875,0.3797796368598938,0.4671095311641693,0.0,0.0013449030229821801,1.0,1.0,0.5500588417053223,0.06691904366016388,0.23223033547401428,0.3730461001396179,0.40422672033309937,0.5160633325576782,0.704953670501709,0.6368448138237,32.0,2.5617568492889404,1.0,-0.0008836838533170521,0.2731403410434723,0.9273241758346558,0.8992652297019958,0.6828701496124268,0.20396259427070618,0.18479041755199432,-6.421965372283012e-05,1.7471718820161186e-05,0.929575502872467,0.9284375309944153,0.703553318977356,0.21463261544704437,0.20100849866867065,0.9295539259910583,0.9282639622688293,0.7036442160606384,0.21469813585281372,0.20084819197654724,128499,3.3934855461120605,,,,,,,,,,,,,0.18821397423744202,0.057796984910964966,0.07168817520141602,0.617551326751709,0.3345147967338562,0.12200228869915009,0.0,0.12534162402153015,0.20295274257659912,0.5165083408355713,0.39116671681404114,0.18821397423744202
0.0157470703125,0.3320837914943695,0.0,0.0,0.0,0.65625,0.22807539999485016,4.267332553863525,0.0,0.8738203048706055,0.07421627640724182,1.8203125,29.150882720947266,0,-5.0984015464782715,0.6231791973114014,600.9644775390625,1.7672680616378784,0.9993356466293335,0.10000000149011612,0.4961615800857544,0.020401818677783012,0.026231760159134865,991.9111328125,0.0,2.603198766708374,6191227.0,0.0469188429415226,0.26017799973487854,0.15882182121276855,135.0,8.74435043334961,10.941837310791016,1.4124693870544434,0.0,14138.0,6191228.0,1351.0,0.004928743001073599,0.0,1.0,0.0014124293811619282,6146499.5,2019834.75,1586.9111328125,1646.0,0.0,708.0,6191.0,6191227.0,-4.481180191040039,-5.505374908447266,0.8209329843521118,0.09732227027416229,191.0,2048.0,2.678112745285034,0.5029268860816956,0.0,4.967635154724121,0.2169255018234253,,,-0.017211975529789925,6131362.0,-0.006165027152746916,0.00035137456143274903,1.009594440460205,-0.0024504195898771286,7837.0,0.0,6191228.0,225.75746154785156,224.0,0.036181554198265076,28.70583724975586,0.1615661233663559,1.1168522834777832,45.0,16384.0,0.07344295084476471,0.04446662589907646,0.19582118093967438,0.15693190693855286,0.054347824305295944,1623.9481201171875,0.6953315734863281,0.8833668828010559,1.450800895690918,0.011135363951325417,-0.40109431743621826,0.19776691496372223,0.04638671875,0.365692138671875,0.5162332653999329,0.0,0.0012969970703125,1.0,1.0,0.5840730667114258,0.06600277125835419,0.22866930067539215,0.3392189145088196,0.4184380769729614,0.47836312651634216,0.7606014609336853,0.656242847442627,32.0,2.561459541320801,1.0,-0.000965210550930351,0.273125022649765,0.927290141582489,0.8992186188697815,0.6821620464324951,0.20398107171058655,0.18500007688999176,-0.0001410005788784474,-4.5971650251885876e-05,0.929570734500885,0.9283767342567444,0.7034311890602112,0.21462231874465942,0.20095841586589813,0.9295181632041931,0.9282373189926147,0.7028760313987732,0.2148016095161438,0.2011883556842804,128999,3.402339220046997,,,,,,,,,,,,,0.186277836561203,0.05753610283136368,0.07104801386594772,0.612985372543335,0.32895129919052124,0.12227483838796616,0.0,0.12342029809951782,0.195968359708786,0.5056664943695068,0.382246196269989,0.186277836561203
0.0098876953125,0.33507442474365234,0.0,0.0,0.0,0.59375,0.22762233018875122,4.38371467590332,0.0,0.8671054840087891,0.07448592782020569,1.8203125,29.132123947143555,0,-5.101072311401367,0.6149452328681946,651.3095703125,1.7284247875213623,0.9993394017219543,0.10000000149011612,0.496222585439682,0.020418303087353706,0.026255005970597267,1087.521728515625,0.0,2.611309766769409,6215261.0,0.046987611800432205,0.2600998282432556,0.16695471107959747,135.0,8.764123916625977,10.944478988647461,1.4124693870544434,0.0,14170.0,6215262.0,934.0,0.0030269473791122437,0.0,1.0,0.0014124293811619282,6170533.5,2030276.75,1665.7825927734375,1646.0,0.0,708.0,6205.0,6215261.0,-2.2794113159179688,-3.740790367126465,0.8210017085075378,0.08962693810462952,207.0,2048.0,2.4467074871063232,0.4941886365413666,0.0,5.05491304397583,0.19308151304721832,,,-0.017297806218266487,6155394.0,-0.0061957379803061485,0.00033596629509702325,1.009536862373352,-0.0018071422819048166,7851.0,0.0,6215262.0,250.21087646484375,242.0,0.03900080546736717,26.365713119506836,0.16118596494197845,1.0392100811004639,46.0,16384.0,0.07345560938119888,0.044441960752010345,0.19549556076526642,0.15867319703102112,0.06521739065647125,1637.8582763671875,0.6970248818397522,0.8868409395217896,1.4495679140090942,0.002166788326576352,-0.3990771770477295,0.1826702207326889,0.037109375,0.35310232639312744,0.5427880883216858,0.0,0.0014234819682314992,1.0,1.0,0.5753803253173828,0.06822410225868225,0.2292875200510025,0.29757454991340637,0.38202929496765137,0.4275563955307007,0.767331600189209,0.6511732935905457,32.0,2.6041717529296875,1.0,-0.0008304500370286405,0.2730235755443573,0.927377462387085,0.8993006944656372,0.6822264790534973,0.204535111784935,0.18560399115085602,3.600984928198159e-05,-3.2963045669021085e-05,0.9295783638954163,0.9283295273780823,0.7032173275947571,0.21486814320087433,0.2012268453836441,0.9296066164970398,0.9283241629600525,0.7029564380645752,0.21528446674346924,0.20168536901474,129499,3.231572389602661,,,,,,,,,,,,,0.18846893310546875,0.05786712467670441,0.07223344594240189,0.6127116680145264,0.3286932110786438,0.12308858335018158,0.0,0.1250046193599701,0.19848933815956116,0.511962890625,0.3869582712650299,0.18846893310546875
0.0162353515625,0.3419186770915985,0.0,0.0,0.0,0.59375,0.22510306537151337,4.267701148986816,0.0,0.8738880157470703,0.0748007670044899,1.8125,29.06407356262207,0,-5.1036481857299805,0.6136868000030518,594.6785888671875,1.7292228937149048,0.9993306398391724,0.10000000149011612,0.49622631072998047,0.020428184419870377,0.02626478113234043,1138.0,0.0,2.6114120483398438,6239285.0,0.047235943377017975,0.2607443034648895,0.17227637767791748,135.0,8.782485961914062,10.942856788635254,1.4124693870544434,0.0,14198.0,6239286.0,5315.0,0.018828358501195908,0.0,1.0,0.0014124293811619282,6194557.5,2038519.25,1706.0416259765625,1647.0,0.0,708.0,6218.0,6239285.0,-2.0270938873291016,-3.006239652633667,0.8210737109184265,0.10250109434127808,210.0,2048.0,2.636106014251709,0.5058448910713196,0.0,5.062616348266602,0.1768748164176941,,,-0.017986375838518143,6179386.0,-0.006449562497437,0.0004856881860177964,1.0095398426055908,-0.0020942806731909513,7865.0,0.0,6239286.0,272.1171569824219,268.0,0.04310067370533943,24.70402717590332,0.160826176404953,0.9980933666229248,48.0,16384.0,0.07356445491313934,0.04446502774953842,0.1956336796283722,0.16013924777507782,0.05978260934352875,1684.3946533203125,0.6929709911346436,0.8924224376678467,1.4496338367462158,0.0040984428487718105,-0.40383008122444153,0.19120396673679352,0.03955078125,0.3578321039676666,0.5207462310791016,0.0,0.0013611475005745888,1.0,1.0,0.5465474128723145,0.0775429829955101,0.2281457781791687,0.3409643769264221,0.40013551712036133,0.48033231496810913,0.7761274576187134,0.6550952792167664,32.0,2.493443489074707,1.0,-0.0007319340365938842,0.27306750416755676,0.9273302555084229,0.8992146253585815,0.6823196411132812,0.20422010123729706,0.18523035943508148,8.513546345056966e-05,-1.535362571303267e-05,0.9295799732208252,0.9283270835876465,0.7030715346336365,0.2150070071220398,0.20137567818164825,0.9295595288276672,0.9282715320587158,0.7030186057090759,0.21501202881336212,0.20141664147377014,129999,3.3290915489196777,,,,,,,,,,,,,0.19050782918930054,0.058211565017700195,0.07300381362438202,0.6143796443939209,0.33036449551582336,0.12358637899160385,0.0,0.12364718317985535,0.20019689202308655,0.5143519043922424,0.3907047212123871,0.19050782918930054
0.0130615234375,0.32821547985076904,0.0,0.0,0.0,0.5625,0.22784195840358734,4.264370441436768,0.0,0.8756054043769836,0.07459872215986252,1.8125,29.048221588134766,0,-5.1060919761657715,0.61370849609375,377.3378601074219,1.7148727178573608,0.9993349313735962,0.10000000149011612,0.4962174892425537,0.02042938768863678,0.026267683133482933,1173.8399658203125,2.0,2.608262538909912,6263338.0,0.047336895018815994,0.2598368227481842,0.17167046666145325,135.0,8.80225944519043,10.9690523147583,1.4124693870544434,0.0,14249.0,6263339.0,854.0,0.0031985442619770765,0.0,1.0,0.0014124293811619282,6218610.5,2046614.75,1739.3199462890625,1649.0,0.0,708.0,6232.0,6263338.0,-3.9411964416503906,-4.869505882263184,0.8209302425384521,0.10916298627853394,213.0,2048.0,2.55948805809021,0.5305510759353638,0.0,4.966856002807617,0.19052690267562866,,,-0.01740005984902382,6203417.0,-0.006241003982722759,0.000456269015558064,1.0095365047454834,-0.0022760836873203516,7881.0,0.0,6263339.0,274.880859375,269.0,0.04316431283950806,23.202892303466797,0.16050517559051514,0.9847387075424194,50.0,16384.0,0.0736088976264,0.04447062313556671,0.1972687989473343,0.1604863703250885,0.054347824305295944,1672.2401123046875,0.6921989917755127,0.883784830570221,1.4521069526672363,0.0008672864641994238,-0.40186262130737305,0.19067414104938507,0.0284423828125,0.4035622477531433,0.41688060760498047,0.0,0.0014707002555951476,1.0,1.0,0.5530452728271484,0.07400888204574585,0.23360753059387207,0.36829501390457153,0.3655138313770294,0.5262088775634766,0.6678180694580078,0.6514593958854675,32.0,2.580897569656372,1.0,-0.0008582844748161733,0.27306807041168213,0.9273042678833008,0.8991111516952515,0.68260657787323,0.20409514009952545,0.18513983488082886,-2.0613373635569587e-05,2.467771810188424e-05,0.9295738935470581,0.9283097386360168,0.7032213807106018,0.21489682793617249,0.20129860937595367,0.9295325875282288,0.9281648397445679,0.7034205794334412,0.21481308341026306,0.2012520283460617,130499,3.3720152378082275,,,,,,,,,,,,,0.18801501393318176,0.05764193460345268,0.0709761530160904,0.6196672916412354,0.3335517644882202,0.12221900373697281,0.0,0.12388622760772705,0.20172134041786194,0.5136225819587708,0.3897363543510437,0.18801501393318176
0.01458740234375,0.346562922000885,0.0,0.0,0.0,0.5,0.22739195823669434,4.407711505889893,0.0,0.8773094415664673,0.0747540146112442,1.8125,29.039291381835938,0,-5.108447074890137,0.6121895909309387,662.1915283203125,1.723359227180481,0.9993393421173096,0.10000000149011612,0.49618467688560486,0.020428959280252457,0.02626887522637844,1159.14892578125,0.0,2.6035404205322266,6287455.0,0.04727993905544281,0.2597772777080536,0.16534583270549774,135.0,8.823446273803711,11.003851890563965,1.4124693870544434,0.0,14307.0,6287456.0,392.0,0.0012735106283798814,0.0,1.0,0.0014124293811619282,6242727.5,2053234.875,1732.1063232421875,1654.0,0.0,708.0,6247.0,6287455.0,-2.1493148803710938,-3.199958562850952,0.8210853934288025,0.09927525371313095,211.0,2050.0,2.3983664512634277,0.49342650175094604,0.0,4.938643455505371,0.1837426722049713,,,-0.017224717885255814,6227444.0,-0.006181199569255114,0.00048623012844473124,1.009544849395752,-0.0022187537979334593,7901.0,0.0,6287456.0,271.4541320800781,270.0,0.043220747262239456,25.110511779785156,0.16018784046173096,1.0034868717193604,47.0,16383.0,0.07359093427658081,0.0444260835647583,0.19650647044181824,0.1600562036037445,0.054347824305295944,1624.7923583984375,0.6937112808227539,0.8819500207901001,1.4524081945419312,-0.0031267479062080383,-0.4053148925304413,0.19643428921699524,0.0308837890625,0.3987514078617096,0.4230830669403076,0.0,0.001529999659396708,1.0,1.0,0.5505475997924805,0.07581670582294464,0.22722482681274414,0.3970454931259155,0.39959844946861267,0.5508575439453125,0.686244010925293,0.6432629823684692,32.0,2.614744186401367,1.0,-0.001031883410178125,0.27307361364364624,0.927259087562561,0.8988562226295471,0.682555615901947,0.20419202744960785,0.18518540263175964,-0.00021900163847021759,1.4224215192371048e-05,0.9295563101768494,0.928171694278717,0.7033557295799255,0.21491965651512146,0.20130398869514465,0.929482638835907,0.9278821349143982,0.70326167345047,0.21505466103553772,0.20141160488128662,130999,3.3497486114501953,,,,,,,,,,,,,0.19160951673984528,0.05855140462517738,0.0731443241238594,0.6148906946182251,0.3327842354774475,0.12346512079238892,0.0,0.12303274869918823,0.20017342269420624,0.5148156881332397,0.3917829394340515,0.19160951673984528
0.0081787109375,0.3458770513534546,0.0,0.0,0.0,0.75,0.22738811373710632,4.424098968505859,0.0,0.8707338571548462,0.0741216391324997,1.8046875,29.030588150024414,0,-5.110651016235352,0.6234594583511353,481.4594421386719,1.7392374277114868,0.9993398189544678,0.10000000149011612,0.49619969725608826,0.020435694605112076,0.026278996840119362,1117.2340087890625,0.0,2.597996711730957,6311547.0,0.04707164689898491,0.25852251052856445,0.1668911874294281,135.0,8.8403959274292,10.983397483825684,1.4124693870544434,0.0,14321.0,6311548.0,235.0,0.0007065460667945445,0.0,1.0,0.0014124293811619282,6266819.5,2061392.375,1690.7021484375,1661.0,0.0,708.0,6259.0,6311547.0,-0.4662342071533203,-3.100645065307617,0.8210840821266174,0.10005651414394379,217.0,2048.0,2.686309576034546,0.5174475908279419,0.0,4.96791410446167,0.1716117262840271,,,-0.017463449388742447,6251519.0,-0.006272909231483936,0.0004841304034925997,1.009536862373352,-0.0020093845669180155,7920.0,0.0,6311548.0,282.40386962890625,280.0,0.04473558068275452,24.378395080566406,0.1599126011133194,0.9841145873069763,47.0,16384.0,0.07357802987098694,0.04443523660302162,0.19810821115970612,0.15670937299728394,0.06521739065647125,1645.3544921875,0.6924813389778137,0.8905166983604431,1.453343152999878,0.0010945206740871072,-0.39561522006988525,0.17429901659488678,0.042236328125,0.37450072169303894,0.567023515701294,0.0,0.001417613821104169,1.0,1.0,0.5520758628845215,0.0765867754817009,0.21859391033649445,0.3096328377723694,0.40837836265563965,0.4771585166454315,0.7582942247390747,0.6664549112319946,32.0,2.722928285598755,1.0,-0.0005862644175067544,0.2729698717594147,0.9272587299346924,0.8988058567047119,0.6821473836898804,0.20446063578128815,0.18534548580646515,0.00022807158529758453,-4.691308640758507e-05,0.9295270442962646,0.9280635714530945,0.7030677795410156,0.21508191525936127,0.201459139585495,0.9294826984405518,0.9278517365455627,0.702870786190033,0.21528910100460052,0.20159192383289337,131499,3.4446005821228027,,,,,,,,,,,,,0.18515151739120483,0.05739835649728775,0.06912067532539368,0.6204631328582764,0.3367626965045929,0.12225155532360077,0.0,0.12299323081970215,0.20057755708694458,0.5087223052978516,0.3857290744781494,0.18515151739120483
0.01373291015625,0.3205406069755554,0.0,0.0,0.0,0.625,0.22833386063575745,4.342259883880615,0.0,0.8644701838493347,0.07415984570980072,1.8125,29.071882247924805,0,-5.112766742706299,0.6185661554336548,634.037353515625,1.731966257095337,0.9993376135826111,0.10000000149011612,0.4962254762649536,0.02043519727885723,0.026277758181095123,1145.72216796875,0.0,2.5941569805145264,6335723.0,0.04744501784443855,0.2607053518295288,0.16396799683570862,135.0,8.855932235717773,10.997190475463867,1.4124693870544434,0.0,14349.0,6335724.0,1021.0,0.0034304065629839897,0.0,1.0,0.0014124293811619282,6290995.5,2071394.0,1719.4259033203125,1661.0,0.0,708.0,6270.0,6335723.0,-1.9562301635742188,-3.0605289936065674,0.8211972713470459,0.1000598892569542,208.0,2048.0,2.4597511291503906,0.4921254515647888,0.0,4.972141742706299,0.17477785050868988,,,-0.0174841471016407,6275691.0,-0.006284200586378574,0.00042761577060446143,1.009545922279358,-0.0019074036972597241,7931.0,0.0,6335724.0,268.12493896484375,269.0,0.042902711778879166,25.48896598815918,0.1595696061849594,1.0109312534332275,54.0,16384.0,0.07348541170358658,0.04444348067045212,0.19630378484725952,0.1593104600906372,0.04891304299235344,1575.43798828125,0.6933359503746033,0.8869264721870422,1.4527313709259033,0.0025820592418313026,-0.4046023190021515,0.16626794636249542,0.033447265625,0.33253589272499084,0.5106858015060425,0.0,0.0017559229163452983,1.0,1.0,0.5614314079284668,0.08033435791730881,0.22319860756397247,0.2992798984050751,0.3886301517486572,0.38484522700309753,0.735600471496582,0.6520491242408752,32.0,2.749997854232788,1.0,-0.0010231308406218886,0.272977739572525,0.9272814989089966,0.8989250659942627,0.6820054650306702,0.20488420128822327,0.18560798466205597,-0.00018531236855778843,-1.611759580555372e-05,0.9295164942741394,0.9280073046684265,0.703056275844574,0.21520374715328217,0.20150747895240784,0.9295054078102112,0.9279520511627197,0.7027251124382019,0.21569496393203735,0.20184974372386932,131999,3.4708380699157715,,,,,,,,,,,,,0.1859259009361267,0.05750425159931183,0.07072920352220535,0.6186381578445435,0.3370090126991272,0.12145565450191498,0.0,0.12512552738189697,0.20213276147842407,0.5131841897964478,0.3880586624145508,0.1859259009361267
0.01080322265625,0.3311283588409424,0.0,0.0,0.0,0.5,0.22805768251419067,4.310867786407471,0.0,0.8753662109375,0.07481209188699722,1.8046875,29.00159454345703,0,-5.114752292633057,0.6159389019012451,582.2398681640625,1.7195841073989868,0.999335765838623,0.10000000149011612,0.4962810277938843,0.020439423620700836,0.02628174051642418,1167.0203857421875,0.0,2.6018593311309814,6359697.0,0.04776762053370476,0.26214444637298584,0.16335543990135193,135.0,8.867231369018555,11.023667335510254,1.4124693870544434,0.0,14385.0,6359698.0,543.0,0.0018700569635257125,0.0,1.0,0.0014124293811619282,6314969.5,2071804.0,1738.6123046875,1665.0,0.0,708.0,6278.0,6359697.0,-2.5021743774414062,-3.8610901832580566,0.8212287425994873,0.10975705832242966,209.0,2048.0,2.6112537384033203,0.5112820267677307,0.0,4.990721702575684,0.18676358461380005,,,-0.017213357612490654,6299634.0,-0.006186833139508963,0.00041820641490630805,1.0095367431640625,-0.0017434776527807117,7943.0,0.0,6359698.0,273.41558837890625,278.0,0.04428161680698395,26.25294303894043,0.1593046933412552,1.010264277458191,49.0,16384.0,0.07357525825500488,0.044434577226638794,0.1955200433731079,0.15918125212192535,0.05978260934352875,1625.0494384765625,0.6904874444007874,0.8849291801452637,1.4518423080444336,0.009337922558188438,-0.4018787145614624,0.15905244648456573,0.0419921875,0.3658808469772339,0.5532016754150391,0.0,0.0016740026185289025,1.0,1.0,0.6005377769470215,0.08165431022644043,0.22355890274047852,0.3412856459617615,0.4004180431365967,0.47821125388145447,0.7433761358261108,0.6457551717758179,32.0,2.602102041244507,1.0,-0.0005585551843978465,0.2729094624519348,0.9272280931472778,0.8988069295883179,0.6824799180030823,0.20484508574008942,0.18553225696086884,0.00026657283888198435,-2.2853810150991194e-06,0.9295111298561096,0.9279705286026001,0.7029097080230713,0.21542951464653015,0.2016792744398117,0.9294654726982117,0.9278472065925598,0.7031548023223877,0.21564054489135742,0.20172910392284393,132499,3.202838897705078,,,,,,,,,,,,,0.18968378007411957,0.05797842517495155,0.07271693646907806,0.6075149178504944,0.3279513716697693,0.12362770736217499,0.0,0.12541359663009644,0.1975768357515335,0.5126742124557495,0.3872606158256531,0.18968378007411957
0.01409912109375,0.3413122296333313,0.0,0.0,0.0,0.65625,0.22836853563785553,4.279852867126465,0.0,0.8747372627258301,0.07500812411308289,1.8125,28.971099853515625,0,-5.1166582107543945,0.6060124635696411,525.1728515625,1.7414419651031494,0.99933260679245,0.10000000149011612,0.49624526500701904,0.0204492025077343,0.026294542476534843,1096.1190185546875,0.0,2.602524757385254,6383885.0,0.047094132751226425,0.2591652274131775,0.16272224485874176,136.0,8.887005805969238,11.060266494750977,1.4124693870544434,0.0,14459.0,6383886.0,1.0,0.021794911473989487,0.0,1.0,0.0014124293811619282,6339157.5,2076910.375,1677.7142333984375,1665.0,0.0,708.0,6292.0,6383885.0,0.2469310760498047,-2.900139570236206,0.8213927149772644,0.0879049152135849,206.0,2048.0,2.5614404678344727,0.5071285963058472,0.0,4.99753475189209,0.1985265612602234,,,-0.016645686700940132,6323807.0,-0.005989737343043089,0.00044981931569054723,1.0094307661056519,-0.0016412257682532072,7957.0,0.02380952425301075,6383886.0,268.2478332519531,274.0,0.043547362089157104,23.997642517089844,0.15902814269065857,1.0154235363006592,42.0,16384.0,0.0737125426530838,0.04445978254079819,0.19629599153995514,0.16004981100559235,0.05978260934352875,1646.7928466796875,0.6910182237625122,0.8798729777336121,1.4524356126785278,0.011833390220999718,-0.40301355719566345,0.16719818115234375,0.034423828125,0.32729294896125793,0.5267843008041382,0.0,0.001701001776382327,1.0,1.0,0.6497011184692383,0.08291606605052948,0.22195567190647125,0.30178964138031006,0.39294466376304626,0.4301934242248535,0.7611286640167236,0.6474658846855164,32.0,2.7041990756988525,1.0,-0.0009990987600758672,0.27299410104751587,0.92727130651474,0.8988478779792786,0.6822006702423096,0.20446442067623138,0.1853378713130951,-8.377373887924477e-05,1.0769457730930299e-05,0.9295156598091125,0.9279465079307556,0.7030451893806458,0.21542701125144958,0.2016514092683792,0.9295123815536499,0.927935004234314,0.7030553221702576,0.2151777744293213,0.20151716470718384,132999,3.3008203506469727,,,,,,,,,,,,,0.1912810057401657,0.058304473757743835,0.0715416744351387,0.6155015826225281,0.33221882581710815,0.12366946786642075,0.0,0.12495362758636475,0.2011665254831314,0.5174011588096619,0.3924475312232971,0.1912810057401657
0.01202392578125,0.31971466541290283,0.0,0.0,0.0,0.6875,0.2280065417289734,4.330263614654541,0.0,0.8685194849967957,0.07476238906383514,1.8046875,28.914474487304688,0,-5.118443012237549,0.6114546060562134,389.04486083984375,1.7057777643203735,0.9993318319320679,0.10000000149011612,0.4961965084075928,0.020454296842217445,0.026300523430109024,1130.780029296875,0.0,2.607053279876709,6407808.0,0.047347139567136765,0.26021116971969604,0.16447101533412933,136.0,8.89830493927002,11.0847749710083,1.4124693870544434,0.0,14496.0,6407809.0,282.0,0.0009244497050531209,0.0,1.0,0.0014124293811619282,6363080.5,2087232.75,1706.0999755859375,1667.0,0.0,708.0,6300.0,6407808.0,-3.150615692138672,-4.180000305175781,0.8215511441230774,0.097095787525177,208.0,2048.0,2.4750185012817383,0.500358521938324,0.0,4.901075839996338,0.19335541129112244,,,-0.018268881365656853,6347711.0,-0.006574948783963919,0.000677318952511996,1.00965416431427,-0.0022024146746844053,7967.0,0.0,6407809.0,272.8717956542969,281.0,0.04460317641496658,24.918996810913086,0.1588718444108963,1.0143097639083862,50.0,16384.0,0.07376323640346527,0.0444529764354229,0.1977262943983078,0.1606137454509735,0.06521739065647125,1645.911376953125,0.6900309920310974,0.8854465484619141,1.4515682458877563,-0.0030505312606692314,-0.4077174961566925,0.16066963970661163,0.033447265625,0.30349206924438477,0.4968253970146179,0.0,0.0013275246601551771,1.0,1.0,0.5324640274047852,0.08598826080560684,0.2224004715681076,0.3139897584915161,0.4046455919742584,0.4336532652378082,0.7243490219116211,0.6575757265090942,32.0,2.590195894241333,1.0,-0.0007109467987902462,0.27304449677467346,0.9272564649581909,0.8988083600997925,0.6827266812324524,0.20394963026046753,0.18483293056488037,0.00017626569024287164,3.9010348700685427e-05,0.929515540599823,0.9279359579086304,0.7031208872795105,0.21525445580482483,0.2015318125486374,0.9295001029968262,0.927889347076416,0.7036445140838623,0.21462173759937286,0.2009320706129074,133499,3.2288146018981934,,,,,,,,,,,,,0.1909467875957489,0.05825428292155266,0.07161609828472137,0.6151318550109863,0.33082807064056396,0.12290021777153015,0.0,0.12513881921768188,0.2005716860294342,0.516657292842865,0.3915184736251831,0.1909467875957489
0.018310546875,0.32227611541748047,0.0,0.0,0.0,0.65625,0.22740834951400757,4.406280040740967,0.0,0.8636177182197571,0.07466237992048264,1.8046875,28.975894927978516,0,-5.120114326477051,0.6215659379959106,794.4862060546875,1.7345389127731323,0.9993312954902649,0.10000000149011612,0.4961576461791992,0.020461268723011017,0.026307199150323868,1147.75,0.0,2.609194278717041,6431533.0,0.04775029420852661,0.2623261511325836,0.16274255514144897,136.0,8.90395450592041,11.090693473815918,1.4124693870544434,0.0,14510.0,6431534.0,2554.0,0.009813016280531883,0.0,1.0,0.0014124293811619282,6386805.5,2099760.5,1723.1136474609375,1670.0,0.0,708.0,6304.0,6431533.0,-2.8043479919433594,-3.9909157752990723,0.8217822313308716,0.11155945062637329,206.0,2048.0,2.6610279083251953,0.5427317023277283,0.0,4.930888652801514,0.19875359535217285,,,-0.018147336319088936,6371430.0,-0.006537405773997307,0.0005846963031217456,1.0094887018203735,-0.0020289879757910967,7974.0,0.0,6431534.0,270.8858337402344,278.0,0.04409898445010185,25.97843360900879,0.1586393415927887,1.023129940032959,44.0,16384.0,0.07373300194740295,0.044375933706760406,0.19715705513954163,0.15937553346157074,0.05978260934352875,1632.338134765625,0.6906687617301941,0.8839129209518433,1.4497733116149902,0.0013048439286649227,-0.39812254905700684,0.16728466749191284,0.037841796875,0.36532360315322876,0.5547271370887756,0.0,0.0016298864502459764,1.0,1.0,0.6091256141662598,0.08107038587331772,0.22638410329818726,0.2797836363315582,0.42128169536590576,0.430513858795166,0.7647871971130371,0.6401575803756714,32.0,2.7228522300720215,1.0,-0.0009602817590348423,0.2729997932910919,0.9272525906562805,0.8986645936965942,0.6826101541519165,0.20422391593456268,0.18507850170135498,-0.00018986259237863123,2.207649959018454e-05,0.9295137524604797,0.927882730960846,0.703362226486206,0.21501798927783966,0.20128563046455383,0.9294808506965637,0.9276849031448364,0.7033678293228149,0.21496491134166718,0.20126228034496307,133999,3.427647590637207,,,,,,,,,,,,,0.18811655044555664,0.05762419104576111,0.07000903785228729,0.6185547709465027,0.33356982469558716,0.12261597812175751,0.0,0.12474149465560913,0.20057624578475952,0.5134342908859253,0.38869279623031616,0.18811655044555664
0.0106201171875,0.33327049016952515,0.0,0.0,0.0,0.65625,0.22705578804016113,4.477792739868164,0.0,0.8610538840293884,0.07456165552139282,1.8046875,28.94255828857422,0,-5.121731281280518,0.6201990246772766,857.0714111328125,1.7331445217132568,0.9993347525596619,0.10000000149011612,0.49611446261405945,0.02046230435371399,0.02631077729165554,1117.760009765625,0.0,2.6048812866210938,6455288.0,0.04783051460981369,0.26245906949043274,0.16406388580799103,137.0,8.9194917678833,11.143935203552246,1.4124693870544434,0.0,14544.0,6455289.0,54.0,0.00010206715523963794,0.0,1.0,0.0014124293811619282,6410560.5,2109505.0,1694.800048828125,1671.0,0.0,708.0,6315.0,6455288.0,-3.411876678466797,-4.364506244659424,0.8219389915466309,0.10934143513441086,198.0,2048.0,2.589956760406494,0.5128487348556519,0.0,4.988658905029297,0.20740753412246704,,,-0.01756902039051056,6395173.0,-0.006333666387945414,0.0005843153921887279,1.0095301866531372,-0.0015164344804361463,7986.0,0.0,6455289.0,254.96839904785156,260.0,0.041171811521053314,25.704051971435547,0.15849702060222626,1.0456980466842651,50.0,16384.0,0.07383312284946442,0.044372156262397766,0.19502924382686615,0.15826089680194855,0.054347824305295944,1650.3319091796875,0.6890518665313721,0.8865017890930176,1.4500359296798706,0.0037434983532875776,-0.4099545180797577,0.1608273983001709,0.044189453125,0.29010292887687683,0.5814726948738098,0.0,0.0018008961342275143,1.0,1.0,0.6587324142456055,0.07971003651618958,0.22162872552871704,0.28869619965553284,0.42338261008262634,0.36917048692703247,0.7841488122940063,0.6304364800453186,32.0,2.574855327606201,1.0,-0.0006642091902904212,0.2730166018009186,0.9272381067276001,0.8984801173210144,0.6830074787139893,0.20383749902248383,0.18467280268669128,0.00017074579955078661,2.9524853744078428e-05,0.9295117855072021,0.9277780055999756,0.7034209966659546,0.21493381261825562,0.20120835304260254,0.92946857213974,0.9275301694869995,0.703854501247406,0.21451517939567566,0.20076337456703186,134499,3.244978666305542,,,,,,,,,,,,,0.18821683526039124,0.057835958898067474,0.07211515307426453,0.6076565980911255,0.3316633403301239,0.12353076040744781,0.0,0.12667492032051086,0.20101600885391235,0.5159077644348145,0.3892328441143036,0.18821683526039124
0.0113525390625,0.3475882112979889,0.0,0.0,0.0,0.59375,0.2284964621067047,4.352318286895752,0.0,0.8704702258110046,0.07471968233585358,1.8125,29.016653060913086,0,-5.123182773590088,0.6077958345413208,474.6290283203125,1.7193647623062134,0.999336838722229,0.10000000149011612,0.49611639976501465,0.020470241084694862,0.026322539895772934,1171.3477783203125,0.0,2.6042191982269287,6479468.0,0.04779098927974701,0.26261305809020996,0.16801999509334564,137.0,8.933615684509277,11.143266677856445,1.4124693870544434,0.0,14583.0,6479469.0,976.0,0.0033323238603770733,0.0,1.0,0.0014124293811619282,6434740.5,2119500.0,1739.2608642578125,1675.0,0.0,708.0,6325.0,6479468.0,-3.700986862182617,-4.437963962554932,0.8220108151435852,0.1062137708067894,204.0,2049.0,2.4830729961395264,0.503568172454834,0.0,4.991075038909912,0.1949819177389145,,,-0.01761062629520893,6419340.0,-0.00635889358818531,0.0003667610581032932,1.0095367431640625,-0.0016557684866711497,8000.0,0.0,6479469.0,268.5347595214844,274.0,0.04332015663385391,24.438013076782227,0.15814080834388733,1.0200451612472534,46.0,16384.0,0.07379409670829773,0.04440346732735634,0.1960170716047287,0.1608932465314865,0.05978260934352875,1604.83251953125,0.6913599967956543,0.8855301141738892,1.4509893655776978,0.0014500705292448401,-0.4071711599826813,0.1633053421974182,0.034912109375,0.4049011766910553,0.4694071114063263,0.0,0.0018420926062390208,1.0,1.0,0.6382284164428711,0.0858847051858902,0.2180546373128891,0.3526790142059326,0.4610522389411926,0.5350223779678345,0.761189341545105,0.6112605333328247,32.0,2.767090320587158,1.0,-0.0009940086165443063,0.27287599444389343,0.9271925687789917,0.8984872102737427,0.6821275949478149,0.20470772683620453,0.18555764853954315,-0.00024354708148166537,-4.193456697976217e-05,0.9294958710670471,0.9276842474937439,0.7033932209014893,0.21492516994476318,0.20120295882225037,0.9294174909591675,0.9275099039077759,0.7027695775032043,0.21545539796352386,0.201715350151062,134999,3.2442965507507324,,,,,,,,,,,,,0.1913807988166809,0.05830148607492447,0.07170470058917999,0.6141354441642761,0.33364492654800415,0.124336376786232,0.0,0.1256711483001709,0.20316356420516968,0.5202155113220215,0.3945443630218506,0.1913807988166809
0.00848388671875,0.31561121344566345,0.0,0.0,0.0,0.59375,0.22838462889194489,4.245517253875732,0.0,0.864402174949646,0.07417266070842743,1.8125,29.011558532714844,0,-5.12460994720459,0.6242007613182068,717.75927734375,1.729927897453308,0.9993442296981812,0.10000000149011612,0.49614977836608887,0.02047039195895195,0.02632819674909115,1180.021240234375,0.0,2.6094393730163574,6503655.0,0.04771210998296738,0.2622593343257904,0.16755807399749756,137.0,8.946328163146973,11.154562950134277,1.4124693870544434,0.0,14607.0,6503656.0,4242.0,0.015017851255834103,0.0,1.0,0.0014124293811619282,6458927.5,2131106.5,1748.1063232421875,1677.0,0.0,708.0,6334.0,6503655.0,-1.8947505950927734,-2.9676241874694824,0.82208251953125,0.11552868783473969,211.0,2048.0,2.7240710258483887,0.5364745259284973,0.0,5.0178704261779785,0.19439096748828888,,,-0.01736569032073021,6443519.0,-0.0062759374268352985,0.0005807749112136662,1.0095369815826416,-0.001617301837541163,8011.0,0.0,6503656.0,268.8676452636719,278.0,0.04389011859893799,25.06319808959961,0.15788112580776215,1.0203962326049805,47.0,16384.0,0.07378244400024414,0.044386789202690125,0.19656577706336975,0.15781255066394806,0.054347824305295944,1634.9876708984375,0.6907135844230652,0.8800281882286072,1.451148509979248,0.0007160425302572548,-0.3979661166667938,0.16380348801612854,0.03515625,0.35048940777778625,0.5331544280052185,0.0,0.0019414718262851238,1.0,1.0,0.6014246940612793,0.08350557833909988,0.2220754623413086,0.2840176820755005,0.46208763122558594,0.4032076299190521,0.7689826488494873,0.6315862536430359,32.0,2.775723457336426,1.0,-0.0007522672531194985,0.2729038894176483,0.9272074699401855,0.8984628915786743,0.6824055910110474,0.20455904304981232,0.18550285696983337,0.00011265442299190909,-1.5739487935206853e-05,0.9294672012329102,0.9276076555252075,0.7032087445259094,0.21511316299438477,0.20138339698314667,0.9294403791427612,0.9274977445602417,0.7031760215759277,0.21528339385986328,0.20162101089954376,135499,3.5159947872161865,,,,,,,,,,,,,0.18733179569244385,0.05780049413442612,0.0705995187163353,0.6207758188247681,0.3414837718009949,0.12363823503255844,0.0,0.12254607677459717,0.2033764123916626,0.5132542848587036,0.39070820808410645,0.18733179569244385
0.0208740234375,0.313412606716156,0.0,0.0,0.0,0.59375,0.2283431589603424,4.276225566864014,0.0,0.8752936720848083,0.07462210953235626,1.8046875,28.947725296020508,0,-5.125908374786377,0.6111018657684326,650.106201171875,1.7424458265304565,0.9993194341659546,0.10000000149011612,0.4961535334587097,0.020474448800086975,0.026333890855312347,1200.9599609375,0.0,2.608335256576538,6527668.0,0.047717247158288956,0.26218700408935547,0.1677277833223343,137.0,8.951977729797363,11.13948917388916,1.4124693870544434,0.0,14649.0,6527669.0,491.0,0.0015218055341392756,0.0,1.0,0.0014124293811619282,6482940.5,2144801.25,1763.93994140625,1682.0,0.0,708.0,6338.0,6527668.0,-2.4048519134521484,-3.355290174484253,0.8220739364624023,0.09487950801849365,205.0,2048.0,2.704589366912842,0.5156588554382324,0.0,5.026376724243164,0.18672290444374084,,,-0.01811893843114376,6467529.0,-0.006541857495903969,0.0005772266886197031,1.0095546245574951,-0.0017027524299919605,8020.0,0.0,6527669.0,267.4544372558594,274.0,0.0432313047349453,23.81821632385254,0.15786057710647583,1.0133776664733887,50.0,16384.0,0.07381395250558853,0.0443626344203949,0.197636678814888,0.16021157801151276,0.05978260934352875,1574.4378662109375,0.6881308555603027,0.8877490758895874,1.4509958028793335,-0.0027906603645533323,-0.40816280245780945,0.17110583186149597,0.040283203125,0.3761439025402069,0.4905332922935486,0.0,0.0018095250707119703,1.0,1.0,0.6851158142089844,0.07799398899078369,0.22204244136810303,0.33521586656570435,0.4325839579105377,0.4896312355995178,0.7576398849487305,0.6229141354560852,32.0,2.8534271717071533,1.0,-0.0007284719031304121,0.27295488119125366,0.9271968007087708,0.8984246253967285,0.6829429268836975,0.20414139330387115,0.18518412113189697,0.00015305883425753564,4.513868043432012e-05,0.9294599294662476,0.9275857210159302,0.7033842206001282,0.21504615247249603,0.20139655470848083,0.9294404983520508,0.9274997711181641,0.7039393782615662,0.2147311270236969,0.2011612504720688,135999,3.336087465286255,,,,,,,,,,,,,0.18927261233329773,0.0580906942486763,0.07148011773824692,0.6208351850509644,0.3407015800476074,0.12401175498962402,0.0,0.1252182424068451,0.20639163255691528,0.5208824872970581,0.395664244890213,0.18927261233329773
0.01019287109375,0.30828261375427246,0.0,0.0,0.0,0.5625,0.22785727679729462,4.345006942749023,0.0,0.8683421611785889,0.0747164934873581,1.8046875,28.92235565185547,0,-5.127249717712402,0.6144049763679504,536.153076171875,1.7182942628860474,0.9993391633033752,0.10000000149011612,0.4961246848106384,0.02047646790742874,0.026339801028370857,1189.6444091796875,0.0,2.607158660888672,6551554.0,0.04726402088999748,0.26014602184295654,0.16701091825962067,137.0,8.970338821411133,11.128691673278809,1.4124693870544434,1.0,14687.0,6551555.0,66.0,0.00016582578246016055,0.0,1.0,0.0014124293811619282,6506826.5,2154905.75,1754.77783203125,1683.0,0.0,708.0,6351.0,6551554.0,-2.4183349609375,-3.6007165908813477,0.822021484375,0.09441308677196503,207.0,2048.0,2.380723714828491,0.491075336933136,0.0,5.015666484832764,0.200603649020195,,,-0.017326008528470993,6491408.0,-0.006265061441808939,0.0005287163075990975,1.0095148086547852,-0.0016436830628663301,8034.0,0.0,6551555.0,272.8087158203125,286.0,0.04503227770328522,25.743873596191406,0.15759862959384918,1.014907717704773,45.0,16384.0,0.0738525465130806,0.044420819729566574,0.19630342721939087,0.15892614424228668,0.05978260934352875,1648.7069091796875,0.6885106563568115,0.8793461918830872,1.450843095779419,0.004979833960533142,-0.40152156352996826,0.16993387043476105,0.0302734375,0.3624626100063324,0.45536136627197266,0.0,0.0018165785586461425,1.0,1.0,0.5722928047180176,0.08128949254751205,0.21709397435188293,0.31774652004241943,0.4072287678718567,0.4536864161491394,0.7348098754882812,0.6230297684669495,32.0,3.127330780029297,1.0,-0.0008105460437946022,0.2729795277118683,0.9271677136421204,0.8984372615814209,0.6826995015144348,0.20417389273643494,0.18502177298069,2.3832084480090998e-05,5.3873513934377115e-06,0.9294520616531372,0.927547037601471,0.7034745216369629,0.2150154709815979,0.20133502781391144,0.9294025897979736,0.9274656176567078,0.7035446166992188,0.21488869190216064,0.20110896229743958,136499,3.297259569168091,,,,,,,,,,,,,0.1935819387435913,0.059089891612529755,0.07342781126499176,0.6136112213134766,0.3325379490852356,0.12511155009269714,0.0,0.12440049648284912,0.20108187198638916,0.5190643072128296,0.39466381072998047,0.1935819387435913
0.01177978515625,0.31513887643814087,0.0,0.0,0.0,0.5,0.2273343801498413,4.371686935424805,0.0,0.8678719401359558,0.07435569167137146,1.8046875,28.942073822021484,0,-5.128661155700684,0.614830732345581,615.4078979492188,1.7202404737472534,0.9993404150009155,0.10000000149011612,0.4960821568965912,0.02047867141664028,0.02634238637983799,1178.980712890625,0.0,2.6047356128692627,6575447.0,0.047277696430683136,0.25993815064430237,0.16342298686504364,137.0,8.992938041687012,11.142192840576172,1.4124693870544434,0.0,14703.0,6575448.0,2666.0,0.00863636750727892,0.0,1.0,0.0014124293811619282,6530719.5,2164684.0,1749.019287109375,1683.0,0.0,708.0,6367.0,6575447.0,-1.1082687377929688,-2.5725419521331787,0.822016716003418,0.12670378386974335,199.0,2048.0,2.752052068710327,0.5553244948387146,0.0,5.081367492675781,0.19412872195243835,,,-0.016794782131910324,6515275.0,-0.0060749598778784275,0.0005183836328797042,1.009536862373352,-0.001463511842302978,8050.0,0.0,6575448.0,269.9184265136719,280.0,0.04397675395011902,24.279037475585938,0.15707528591156006,1.0124114751815796,52.0,16384.0,0.07385235279798508,0.04441986605525017,0.19656507670879364,0.1588294804096222,0.04891304299235344,1617.4381103515625,0.6885251998901367,0.8830704689025879,1.4501256942749023,-0.0043121036142110825,-0.401976078748703,0.16349437832832336,0.0400390625,0.3678341507911682,0.5572482943534851,0.0,0.0014771035639569163,1.0,1.0,0.5508284568786621,0.08850660175085068,0.22286510467529297,0.3305323123931885,0.44098174571990967,0.46438509225845337,0.7989893555641174,0.6353320479393005,32.0,2.906867504119873,1.0,-0.0009824975859373808,0.2730259299278259,0.9271650910377502,0.8984744548797607,0.6826477646827698,0.20402681827545166,0.184987872838974,-0.00015044331667013466,1.4102070053922944e-05,0.9294493794441223,0.9275274872779846,0.7035580277442932,0.21490223705768585,0.20120441913604736,0.9294090270996094,0.927530825138092,0.703534722328186,0.21470683813095093,0.20105352997779846,136999,3.4215309619903564,,,,,,,,,,,,,0.1866549849510193,0.057460274547338486,0.07011750340461731,0.6169812679290771,0.34000205993652344,0.12294876575469971,0.0,0.12674081325531006,0.20537173748016357,0.5187675356864929,0.39202672243118286,0.1866549849510193
0.0120849609375,0.33686888217926025,0.0,0.0,0.0,0.5625,0.22772328555583954,4.321418285369873,0.0,0.8667339086532593,0.07545700669288635,1.8046875,28.972585678100586,0,-5.129892826080322,0.6170183420181274,682.312255859375,1.7251864671707153,0.999333381652832,0.10000000149011612,0.4960705041885376,0.020481394603848457,0.02634698711335659,1203.1600341796875,0.0,2.599733591079712,6599494.0,0.04779798537492752,0.2621431052684784,0.1651020646095276,137.0,9.008474349975586,11.157478332519531,1.4124693870544434,0.0,14759.0,6599495.0,1749.0,0.006234119646251202,0.0,1.0,0.0014124293811619282,6554766.5,2174944.0,1770.1800537109375,1683.0,0.0,708.0,6378.0,6599494.0,-1.6424274444580078,-2.9353580474853516,0.8220981359481812,0.0929630696773529,211.0,2048.0,2.5020949840545654,0.530107855796814,0.0,5.04722261428833,0.19002752006053925,,,-0.017104534432291985,6539303.0,-0.006193215027451515,0.0005635543493553996,1.0095367431640625,-0.0018103597685694695,8061.0,0.0,6599495.0,270.91217041015625,275.0,0.043116964399814606,24.286792755126953,0.15680694580078125,1.0077356100082397,50.0,16384.0,0.07377204298973083,0.04442844167351723,0.19754081964492798,0.16248999536037445,0.05978260934352875,1589.009521484375,0.6890114545822144,0.8892725706100464,1.451074481010437,-0.006277731619775295,-0.40399351716041565,0.16947907209396362,0.0272216796875,0.33631232380867004,0.4492003619670868,0.0,0.0015098989242687821,1.0,1.0,0.5414237976074219,0.08513198792934418,0.21931104362010956,0.2785636782646179,0.37517213821411133,0.3968953490257263,0.7038028240203857,0.6470320224761963,32.0,3.318491220474243,1.0,-0.0008766531245782971,0.272987425327301,0.9271305799484253,0.8984977602958679,0.6822148561477661,0.20429596304893494,0.18512488901615143,-8.490616164635867e-05,-4.035782330902293e-05,0.9294336438179016,0.92754727602005,0.7034428119659424,0.21490447223186493,0.20119015872478485,0.9293683171272278,0.9275462627410889,0.7029933333396912,0.21511225402355194,0.20135489106178284,137499,3.2706875801086426,,,,,,,,,,,,,0.19101756811141968,0.057899586856365204,0.07082096487283707,0.6164499521255493,0.3344445824623108,0.12321463227272034,0.0,0.12675315141677856,0.20478153228759766,0.5225522518157959,0.39579910039901733,0.19101756811141968
0.011962890625,0.3407115638256073,0.0,0.0,0.0,0.5625,0.22737345099449158,4.428661346435547,0.0,0.8698456287384033,0.07433213293552399,1.8125,28.99155044555664,0,-5.13108491897583,0.618443489074707,668.3423461914062,1.7402448654174805,0.9993398189544678,0.10000000149011612,0.4960281252861023,0.02047741413116455,0.026344019919633865,1171.565185546875,0.0,2.6049964427948,6623700.0,0.0480765700340271,0.2622670829296112,0.1662784069776535,137.0,9.018362045288086,11.183234214782715,1.4124693870544434,0.0,14799.0,6623701.0,3849.0,0.01461506076157093,0.0,1.0,0.0014124293811619282,6578972.5,2187494.25,1739.04345703125,1687.0,0.0,708.0,6385.0,6623700.0,-1.9427261352539062,-3.218461513519287,0.8221577405929565,0.11576564610004425,207.0,2048.0,2.581817150115967,0.5169615745544434,0.0,5.056421756744385,0.20787964761257172,,,-0.01796470582485199,6563220.0,-0.006508014630526304,0.0004953129682689905,1.009537696838379,-0.0019131340086460114,8072.0,0.0,6623701.0,267.8500671386719,271.0,0.042443227022886276,24.438989639282227,0.15662217140197754,1.0033130645751953,46.0,16383.0,0.07384999841451645,0.044413696974515915,0.19500814378261566,0.1572565734386444,0.05978260934352875,1685.17578125,0.6899715662002563,0.8795926570892334,1.4520890712738037,0.0034340457059442997,-0.3987051546573639,0.16408085823059082,0.031494140625,0.35693031549453735,0.485512912273407,0.0,0.001566126593388617,1.0,1.0,0.5514712333679199,0.07250624150037766,0.21801309287548065,0.32826685905456543,0.37797844409942627,0.464566171169281,0.70933997631073,0.6554628014564514,32.0,3.019728422164917,1.0,-0.0009850850328803062,0.2729194462299347,0.9271273612976074,0.8983142375946045,0.6817941069602966,0.20432274043560028,0.18525876104831696,-0.00015494895342271775,-4.969386282027699e-05,0.9294098615646362,0.9275105595588684,0.7032147645950317,0.2149067223072052,0.2012215405702591,0.9293597936630249,0.9273542761802673,0.7026105523109436,0.2150639295578003,0.201443612575531,137999,3.4008288383483887,,,,,,,,,,,,,0.1874237358570099,0.057323016226291656,0.07091742008924484,0.614423930644989,0.3381645679473877,0.12378136068582535,0.0,0.12544915080070496,0.20406872034072876,0.5169416069984436,0.39149245619773865,0.1874237358570099
0.00604248046875,0.33575326204299927,0.0,0.0,0.0,0.5625,0.22659114003181458,4.368067264556885,0.0,0.8714109063148499,0.07464268803596497,1.8125,28.95851707458496,0,-5.132247447967529,0.6200708150863647,542.5516357421875,1.7356131076812744,0.99934321641922,0.10000000149011612,0.4960290789604187,0.020479457452893257,0.02634665183722973,1208.44677734375,0.0,2.6006577014923096,6647690.0,0.04807259887456894,0.26238352060317993,0.16950500011444092,137.0,9.03389835357666,11.184399604797363,1.4124693870544434,0.0,14813.0,6647691.0,2043.0,0.00709205586463213,0.0,1.0,0.0014124293811619282,6602962.5,2197455.25,1771.1915283203125,1688.0,0.0,708.0,6396.0,6647690.0,-4.220281600952148,-5.197099208831787,0.8221895098686218,0.09564211219549179,211.0,2048.0,2.296522617340088,0.487236350774765,0.0,5.064560890197754,0.19754087924957275,,,-0.017024926841259003,6587196.0,-0.006169700063765049,0.0005385745316743851,1.009536862373352,-0.0016315248794853687,8084.0,0.0,6647691.0,283.3813171386719,291.0,0.04549718648195267,23.419517517089844,0.15636469423770905,0.974147379398346,47.0,16384.0,0.07382665574550629,0.0443955659866333,0.19706940650939941,0.16095146536827087,0.05978260934352875,1631.003662109375,0.6884152293205261,0.8811659812927246,1.4502284526824951,0.011745206080377102,-0.4001381993293762,0.17771849036216736,0.0244140625,0.3717948794364929,0.4448092579841614,0.0,0.0017242067260667682,1.0,1.0,0.5429224967956543,0.06868976354598999,0.21843773126602173,0.3155761659145355,0.42552417516708374,0.42879024147987366,0.714148759841919,0.6194634437561035,32.0,2.9107377529144287,1.0,-0.0006442336016334593,0.27291959524154663,0.9270786643028259,0.8982086777687073,0.6824060678482056,0.20423413813114166,0.18496790528297424,0.0002145309845218435,-7.951994120958261e-06,0.9293833374977112,0.9274190068244934,0.7030250430107117,0.21504078805446625,0.201314777135849,0.9293186664581299,0.9272399544715881,0.703167736530304,0.21504129469394684,0.20115825533866882,138499,3.412698984146118,,,,,,,,,,,,,0.18879671394824982,0.057853810489177704,0.07123792171478271,0.6215415000915527,0.34442073106765747,0.12371611595153809,0.0,0.1262131929397583,0.20941250026226044,0.5244224071502686,0.39820921421051025,0.18879671394824982
0.0123291015625,0.3180944323539734,0.0,0.0,0.0,0.46875,0.22725796699523926,4.500781536102295,0.0,0.8702296614646912,0.07460598647594452,1.8046875,28.980314254760742,0,-5.133256435394287,0.6207483410835266,608.09130859375,1.730736494064331,0.9993203282356262,0.10000000149011612,0.4960242211818695,0.02048577181994915,0.026352299377322197,1183.0869140625,0.0,2.6048319339752197,6671683.0,0.04799985513091087,0.26176556944847107,0.16393029689788818,137.0,9.049434661865234,11.191863059997559,1.4124693870544434,0.0,14840.0,6671684.0,443.0,0.0015048501081764698,0.0,1.0,0.0014124293811619282,6626955.5,2207257.25,1752.7391357421875,1689.0,0.0,708.0,6407.0,6671683.0,-6.099578857421875,-7.151569843292236,0.8222351670265198,0.10527370870113373,214.0,2048.0,2.5712032318115234,0.537956953048706,0.0,5.038367748260498,0.2033306509256363,,,-0.016616340726614,6611152.0,-0.006025184411555529,0.000496160180773586,1.0095369815826416,-0.0015862027648836374,8096.0,0.0,6671684.0,281.02777099609375,288.0,0.04495083540678024,22.775007247924805,0.156174898147583,0.9875156879425049,46.0,16384.0,0.07383343577384949,0.044416915625333786,0.19846555590629578,0.15917430818080902,0.054347824305295944,1640.12646484375,0.6890360116958618,0.8825308084487915,1.4510258436203003,0.007302966434508562,-0.40156322717666626,0.179793581366539,0.031494140625,0.3741220533847809,0.503043532371521,0.0,0.0018543367041274905,1.0,1.0,0.5689663887023926,0.0686144083738327,0.21769726276397705,0.24463072419166565,0.4085840582847595,0.3771575689315796,0.7067495584487915,0.628378689289093,32.0,3.475787401199341,1.0,-0.0009632264263927937,0.2729627192020416,0.9271588325500488,0.8982508778572083,0.682284951210022,0.20430853962898254,0.1852351725101471,-0.0001392986305290833,6.7011837927566376e-06,0.9293885827064514,0.9273635745048523,0.7031095027923584,0.2150617241859436,0.2013070434331894,0.9293825030326843,0.9272617101669312,0.7030296921730042,0.21514564752578735,0.2014392614364624,138999,3.2868001461029053,,,,,,,,,,,,,0.18725916743278503,0.057524748146533966,0.07033225893974304,0.6168324947357178,0.33591556549072266,0.123726986348629,0.0,0.12604302167892456,0.2024674117565155,0.5157696008682251,0.38972657918930054,0.18725916743278503
0.0155029296875,0.326166033744812,0.0,0.0,0.0,0.53125,0.22826223075389862,4.30075216293335,0.0,0.8711449503898621,0.07487083226442337,1.8046875,28.97622299194336,0,-5.134210109710693,0.6151219010353088,656.0007934570312,1.711273193359375,0.9993300437927246,0.10000000149011612,0.4959873557090759,0.020487569272518158,0.02635885775089264,1152.0980224609375,0.0,2.601436138153076,6695842.0,0.048026036471128464,0.2622903287410736,0.1651535928249359,137.0,9.063559532165527,11.200634956359863,1.4124693870544434,0.0,14862.0,6695843.0,787.0,0.0027904044836759567,0.0,1.0,0.0014124293811619282,6651114.5,2218314.0,1725.5294189453125,1691.0,0.0,708.0,6417.0,6695842.0,-3.4069252014160156,-4.683876037597656,0.8223012685775757,0.0968027263879776,211.0,2048.0,2.440847396850586,0.4861931800842285,0.0,5.031051158905029,0.19015949964523315,,,-0.01676543802022934,6635298.0,-0.006078916136175394,0.0005182087770663202,1.0096065998077393,-0.0018950153607875109,8108.0,0.0,6695843.0,277.3883972167969,283.0,0.04410160332918167,24.63326644897461,0.15589049458503723,0.992969810962677,51.0,16384.0,0.073939748108387,0.04443959891796112,0.19534407556056976,0.1595603972673416,0.054347824305295944,1631.1304931640625,0.6891826391220093,0.8910588622093201,1.4524611234664917,-0.0005942531279288232,-0.4023914039134979,0.1793624311685562,0.03662109375,0.33769673109054565,0.4584696888923645,0.0,0.0016638361848890781,1.0,1.0,0.5545158386230469,0.07029132544994354,0.2236463874578476,0.4171786308288574,0.4395858943462372,0.5371099710464478,0.7751705646514893,0.6157824397087097,32.0,2.963931083679199,1.0,-0.0008538916590623558,0.27298036217689514,0.9270844459533691,0.8981157541275024,0.6822564005851746,0.20404796302318573,0.18492844700813293,1.3536930964619387e-05,3.608921588238445e-06,0.9293853044509888,0.9273101091384888,0.7031322121620178,0.2149922251701355,0.20125426352024078,0.9293259382247925,0.9271935820579529,0.7031767964363098,0.21480341255664825,0.20106618106365204,139499,3.191744804382324,,,,,,,,,,,,,0.19250674545764923,0.058447472751140594,0.07309354096651077,0.6089304685592651,0.33218735456466675,0.12562143802642822,0.0,0.12565270066261292,0.20242799818515778,0.5205874443054199,0.394934743642807,0.19250674545764923
0.0181884765625,0.34049466252326965,0.0,0.0,0.0,0.8125,0.22938136756420135,4.293698787689209,0.0,0.8713948130607605,0.07508891075849533,1.8046875,28.94985580444336,0,-5.135163307189941,0.6148331761360168,639.5684204101562,1.7049840688705444,0.9993252158164978,0.10000000149011612,0.4959910809993744,0.0204868596047163,0.02635669708251953,1150.4200439453125,0.0,2.6071760654449463,6719745.0,0.04798513650894165,0.26151254773139954,0.16640891134738922,137.0,9.0805082321167,11.221468925476074,1.4124693870544434,1.0,14892.0,6719746.0,2501.0,0.008387071080505848,0.0,1.0,0.0014124293811619282,6675017.5,2228782.75,1723.800048828125,1692.0,0.0,708.0,6429.0,6719745.0,-1.5788078308105469,-2.7293500900268555,0.8223031759262085,0.09667568653821945,213.0,2048.0,2.6427242755889893,0.5193876028060913,0.0,4.990738391876221,0.17531771957874298,,,-0.017010534182190895,6659196.0,-0.006170451175421476,0.0005474374047480524,1.0095360279083252,-0.002012779237702489,8121.0,0.0,6719746.0,283.40118408203125,289.0,0.04495256021618843,23.645761489868164,0.15555918216705322,0.979121208190918,50.0,16384.0,0.07383652031421661,0.04439414665102959,0.19393008947372437,0.1586533933877945,0.06521739065647125,1650.135009765625,0.687921941280365,0.8883075714111328,1.4513592720031738,0.004162647295743227,-0.39551082253456116,0.1715274602174759,0.040771484375,0.3081350028514862,0.4756571650505066,0.0,0.001828077482059598,1.0,1.0,0.5682306289672852,0.076183021068573,0.2165849804878235,0.34087738394737244,0.37191563844680786,0.4385193884372711,0.7155551314353943,0.6639742255210876,32.0,2.9497547149658203,1.0,-0.0006733108893968165,0.2729475200176239,0.9271052479743958,0.8981348276138306,0.6825069785118103,0.20407086610794067,0.18493101000785828,0.00012842813157476485,1.183688345918199e-05,0.9293717741966248,0.9272634387016296,0.7031275629997253,0.2149370163679123,0.20120039582252502,0.9293419718742371,0.9271889925003052,0.7033610939979553,0.2148304283618927,0.20106260478496552,139999,3.173384189605713,,,,,,,,,,,,,0.19429203867912292,0.058921851217746735,0.0740610808134079,0.6042354702949524,0.32776010036468506,0.12607315182685852,0.0,0.12569111585617065,0.20031580328941345,0.520298957824707,0.3946078419685364,0.19429203867912292
0.01544189453125,0.3133639693260193,0.0,0.0,0.0,0.625,0.22798022627830505,4.277933597564697,0.0,0.8769932985305786,0.07494762539863586,1.8046875,28.938343048095703,0,-5.135995388031006,0.6087933778762817,745.1279296875,1.7389832735061646,0.9993281960487366,0.10000000149011612,0.49595579504966736,0.020489297807216644,0.026359984651207924,1186.875,0.0,2.6069562435150146,6743690.0,0.0481230728328228,0.261919230222702,0.15818746387958527,137.0,9.100282669067383,11.231892585754395,1.4124693870544434,0.0,14903.0,6743691.0,2671.0,0.009193260222673416,0.0,1.0,0.0014124293811619282,6698962.5,2237543.75,1759.2750244140625,1692.0,0.0,708.0,6443.0,6743690.0,-1.7725353240966797,-2.6909167766571045,0.8222965598106384,0.0914633497595787,205.0,2048.0,2.5185728073120117,0.47768208384513855,0.0,4.9826436042785645,0.18129289150238037,,,-0.016734346747398376,6683141.0,-0.006067818030714989,0.0006301751709543169,1.009536862373352,-0.0018959675217047334,8135.0,0.0,6743691.0,270.1915283203125,283.0,0.04392363876104355,26.232341766357422,0.1552170217037201,1.0092955827713013,40.0,16384.0,0.07393936067819595,0.044390615075826645,0.19658726453781128,0.160506933927536,0.05978260934352875,1648.48583984375,0.688299834728241,0.8807134032249451,1.4499717950820923,-0.009284120053052902,-0.408892959356308,0.17056787014007568,0.040283203125,0.2812354564666748,0.5464845299720764,0.0,0.001704332185909152,1.0,1.0,0.6632499694824219,0.07999628037214279,0.2134328931570053,0.3144340217113495,0.3906695544719696,0.3952391743659973,0.7637568712234497,0.6441095471382141,32.0,2.965529203414917,1.0,-0.0008507991442456841,0.2731008529663086,0.9271212220191956,0.8982628583908081,0.6828805208206177,0.2035054862499237,0.18441545963287354,3.434926475165412e-05,4.671578062698245e-05,0.9293694496154785,0.9272644519805908,0.7033467292785645,0.21478302776813507,0.2010311335325241,0.9293625950813293,0.9273463487625122,0.7038003206253052,0.2142740935087204,0.20055712759494781,140499,3.462205410003662,,,,,,,,,,,,,0.18807053565979004,0.05780993402004242,0.07114458084106445,0.6216230392456055,0.34574583172798157,0.12437810003757477,0.0,0.1260526478290558,0.20865026116371155,0.5227734446525574,0.3967207968235016,0.18807053565979004
0.017822265625,0.32642948627471924,0.0,0.0,0.0,0.625,0.22676320374011993,4.297504425048828,0.0,0.8753819465637207,0.07476435601711273,1.8046875,29.003982543945312,0,-5.1367106437683105,0.6183987855911255,759.830078125,1.7082141637802124,0.9993271827697754,0.10000000149011612,0.49596577882766724,0.02049298584461212,0.02636433206498623,1149.5,0.0,2.6093239784240723,6767880.0,0.047926630824804306,0.2616575360298157,0.1589716076850891,137.0,9.111581802368164,11.234807968139648,1.4124693870544434,0.0,14938.0,6767881.0,174.0,0.000539225060492754,0.0,1.0,0.0014124293811619282,6723152.5,2250248.0,1727.780029296875,1694.0,0.0,708.0,6451.0,6767880.0,-3.0651626586914062,-4.314305305480957,0.8223714232444763,0.09320491552352905,214.0,2050.0,2.5635859966278076,0.4991309642791748,0.0,4.974278926849365,0.17952033877372742,,,-0.017613926902413368,6707298.0,-0.006401874125003815,0.0005195479025132954,1.009536862373352,-0.0021041221916675568,8145.0,0.0,6767881.0,276.9364013671875,283.0,0.04386916756629944,22.38732147216797,0.1551169604063034,0.9834434986114502,50.0,16384.0,0.07388444989919662,0.04442208260297775,0.1957990974187851,0.1590549349784851,0.054347824305295944,1668.11962890625,0.6889880299568176,0.8864007592201233,1.452934980392456,0.009647111408412457,-0.402911514043808,0.1806212216615677,0.036376953125,0.3752906620502472,0.47961556911468506,0.0,0.0016022981144487858,1.0,1.0,0.559445858001709,0.07203920930624008,0.2166483849287033,0.3438641428947449,0.3612927198410034,0.4784258008003235,0.709354043006897,0.6690272092819214,32.0,2.9874885082244873,1.0,-0.0010263243457302451,0.27294889092445374,0.927107572555542,0.8982307314872742,0.681972861289978,0.20431551337242126,0.1852557510137558,-0.00021760017261840403,-3.9186703361338004e-05,0.9293763637542725,0.9273159503936768,0.7033609747886658,0.2147274762392044,0.2010166347026825,0.9293491840362549,0.927321195602417,0.7027894854545593,0.21511676907539368,0.20148636400699615,140999,3.2937440872192383,,,,,,,,,,,,,0.18918582797050476,0.057807885110378265,0.07095959782600403,0.6116371750831604,0.33533936738967896,0.12433601915836334,0.0,0.12755373120307922,0.20391631126403809,0.5206558704376221,0.39310213923454285,0.18918582797050476
0.0162353515625,0.3302190601825714,0.0,0.0,0.0,0.5625,0.2281699776649475,4.335626125335693,0.0,0.8644765615463257,0.07458829134702682,1.8125,28.987972259521484,0,-5.137425899505615,0.6149970889091492,752.5235595703125,1.738905668258667,0.9993343949317932,0.10000000149011612,0.4959713816642761,0.020495720207691193,0.026366697624325752,1123.6400146484375,0.0,2.609365463256836,6791987.0,0.04788942635059357,0.2614382803440094,0.15995995700359344,137.0,9.124293327331543,11.237130165100098,1.4124693870544434,0.0,14961.0,6791988.0,958.0,0.0032131709158420563,0.0,1.0,0.0014124293811619282,6747259.5,2262002.5,1703.239990234375,1698.0,0.0,708.0,6460.0,6791987.0,-1.5589160919189453,-2.725277900695801,0.8223808407783508,0.11867669224739075,209.0,2048.0,2.7901134490966797,0.5476130843162537,0.0,4.970396041870117,0.17129532992839813,,,-0.017791766673326492,6731403.0,-0.006467706989496946,0.0006103734485805035,1.009536862373352,-0.002116595860570669,8158.0,0.0,6791988.0,268.4928894042969,270.0,0.04179566726088524,23.36400604248047,0.15484727919101715,0.9953444600105286,50.0,16384.0,0.07392358779907227,0.04444481059908867,0.19471459090709686,0.1575218141078949,0.054347824305295944,1675.8773193359375,0.6878779530525208,0.8825646638870239,1.4495891332626343,0.006463162135332823,-0.3972666263580322,0.1738148182630539,0.036865234375,0.3382352888584137,0.5034055709838867,0.0,0.0012617200845852494,1.0,1.0,0.5732002258300781,0.07671389728784561,0.21958602964878082,0.28067928552627563,0.4266608953475952,0.40070977807044983,0.7256531119346619,0.6503138542175293,32.0,3.052690029144287,1.0,-0.0007427230593748391,0.27298077940940857,0.9270893931388855,0.8981183767318726,0.6824552416801453,0.20405827462673187,0.18493467569351196,9.281629900215194e-05,-7.782287866575643e-06,0.9293708801269531,0.9272944927215576,0.7032232880592346,0.21484901010990143,0.2011462152004242,0.929327666759491,0.9271865487098694,0.7032435536384583,0.21488717198371887,0.2011493593454361,141499,3.3641088008880615,,,,,,,,,,,,,0.1865103840827942,0.057349804788827896,0.07022751122713089,0.6149542331695557,0.34120509028434753,0.1240357756614685,0.0,0.12666186690330505,0.20631000399589539,0.5194822549819946,0.3928203880786896,0.1865103840827942
0.01031494140625,0.33612293004989624,0.0,0.0,0.0,0.65625,0.22857287526130676,4.353513717651367,0.0,0.8731213808059692,0.07446207851171494,1.8125,28.981361389160156,0,-5.138140678405762,0.6156454086303711,692.2655639648438,1.730163335800171,0.999350905418396,0.10000000149011612,0.4959571957588196,0.020496023818850517,0.02636799030005932,1132.04443359375,0.0,2.6099579334259033,6816100.0,0.0480072945356369,0.2621370851993561,0.16078001260757446,137.0,9.13559341430664,11.24190616607666,1.4124693870544434,0.0,14986.0,6816101.0,69.0,0.00016226782463490963,0.0,1.0,0.0014124293811619282,6771372.5,2273938.0,1709.4222412109375,1703.0,0.0,708.0,6468.0,6816100.0,-4.206565856933594,-5.188979625701904,0.8224277496337891,0.10462653636932373,211.0,2049.0,2.574345111846924,0.536404013633728,0.0,4.950971603393555,0.16710005700588226,,,-0.017504123970866203,6755504.0,-0.006364936009049416,0.0005992691149003804,1.0095367431640625,-0.0021519511938095093,8171.0,0.0,6816101.0,277.1790771484375,280.0,0.043290045112371445,22.59529685974121,0.15473513305187225,0.9809283018112183,45.0,16384.0,0.07392561435699463,0.044446881860494614,0.19380778074264526,0.15721477568149567,0.054347824305295944,1707.1419677734375,0.6875810623168945,0.8839823007583618,1.4515103101730347,0.010811766609549522,-0.3931104242801666,0.17546962201595306,0.02978515625,0.3741496503353119,0.5290661454200745,0.0,0.001782862120307982,1.0,1.0,0.5695486068725586,0.08001291751861572,0.211863175034523,0.3017151355743408,0.37766677141189575,0.44607436656951904,0.73520827293396,0.6627888679504395,32.0,3.0413317680358887,1.0,-0.0008871537866070867,0.27295345067977905,0.9270729422569275,0.8981051445007324,0.6818883419036865,0.20418168604373932,0.18510957062244415,1.237887227034662e-05,-3.548102904460393e-05,0.9293466210365295,0.9272505640983582,0.7030657529830933,0.21491584181785583,0.20121610164642334,0.929309606552124,0.9271601438522339,0.702755331993103,0.21500040590763092,0.20131522417068481,141999,3.307666301727295,,,,,,,,,,,,,0.18990908563137054,0.05797118693590164,0.0718173012137413,0.6125905513763428,0.3371192216873169,0.12413012981414795,0.0,0.12557905912399292,0.20265264809131622,0.5181407928466797,0.39256173372268677,0.18990908563137054
0.01495361328125,0.3286072909832001,0.0,0.0,0.0,0.71875,0.22787170112133026,4.334831237792969,0.0,0.8713679313659668,0.07526659965515137,1.8125,28.961076736450195,0,-5.138703346252441,0.6157733798027039,482.9340515136719,1.712348222732544,0.9993359446525574,0.10000000149011612,0.4959467649459839,0.02049664780497551,0.02636951580643654,1188.1136474609375,0.0,2.613481044769287,6839770.0,0.04819682240486145,0.26357758045196533,0.15942330658435822,137.0,9.15395450592041,11.243242263793945,1.4124693870544434,0.0,15012.0,6839771.0,555.0,0.0018833616049960256,0.0,1.0,0.0014124293811619282,6795042.5,2284465.0,1759.0909423828125,1706.0,0.0,708.0,6481.0,6839770.0,-2.550556182861328,-3.87758469581604,0.8224295973777771,0.0883406326174736,210.0,2049.0,2.5858314037323,0.5288132429122925,0.0,4.922166347503662,0.16550680994987488,,,-0.017212990671396255,6779163.0,-0.006254064384847879,0.0005504457512870431,1.0095378160476685,-0.002160899806767702,8187.0,0.0,6839771.0,272.389892578125,278.0,0.04289461672306061,23.064128875732422,0.1543566882610321,0.9891775846481323,44.0,16383.0,0.07391513139009476,0.044461578130722046,0.1999814361333847,0.16395875811576843,0.05978260934352875,1603.0224609375,0.6878557801246643,0.8853421211242676,1.4521061182022095,0.0018201782368123531,-0.4095064699649811,0.18211406469345093,0.0341796875,0.3403795659542084,0.4721493721008301,0.0,0.0016861200565472245,1.0,1.0,0.6270709037780762,0.08668661117553711,0.22000253200531006,0.35475581884384155,0.37740495800971985,0.45571762323379517,0.7443825006484985,0.6387115120887756,32.0,3.10453200340271,1.0,-0.0009062770986929536,0.27303752303123474,0.92711341381073,0.8981701731681824,0.6826059818267822,0.20399954915046692,0.18465949594974518,-6.060815212549642e-05,4.42512973677367e-05,0.9293399453163147,0.9272363781929016,0.7032136917114258,0.21483422815799713,0.20105688273906708,0.929353654384613,0.9272500276565552,0.703547477722168,0.21472956240177155,0.20073944330215454,142499,3.356706142425537,,,,,,,,,,,,,0.18977013230323792,0.05776023864746094,0.07051070779561996,0.623293399810791,0.3431521952152252,0.12256492674350739,0.0,0.12677624821662903,0.2100622057914734,0.5266085863113403,0.3998323380947113,0.18977013230323792
0.015869140625,0.34279024600982666,0.0,0.0,0.0,0.71875,0.225187286734581,4.297261714935303,0.0,0.8728529810905457,0.07489120960235596,1.8046875,28.919679641723633,0,-5.1391801834106445,0.6177011132240295,623.5709838867188,1.7226184606552124,0.9993481040000916,0.10000000149011612,0.4959450364112854,0.020495068281888962,0.02636849321424961,1177.0909423828125,0.0,2.606203556060791,6863691.0,0.048199355602264404,0.2634879946708679,0.15768256783485413,137.0,9.166666984558105,11.221086502075195,1.4124693870544434,0.0,15046.0,6863692.0,3459.0,0.012594074942171574,0.0,1.0,0.0014124293811619282,6818963.5,2294722.0,1751.3636474609375,1709.0,0.0,708.0,6490.0,6863691.0,-1.1037273406982422,-3.2299885749816895,0.8224263787269592,0.09279999136924744,208.0,2048.0,2.527381658554077,0.5029439330101013,0.0,4.9204277992248535,0.18759524822235107,,,-0.015925031155347824,6803085.0,-0.0057793185114860535,0.0005249169189482927,1.0095367431640625,-0.0017602224834263325,8199.0,0.0,6863692.0,265.3557434082031,273.0,0.042064715176820755,26.68484115600586,0.15408726036548615,1.011475682258606,44.0,16384.0,0.0740617960691452,0.04447593167424202,0.19659440219402313,0.1603795439004898,0.05978260934352875,1669.453857421875,0.6866289973258972,0.884800374507904,1.4500850439071655,0.004694984294474125,-0.3949282765388489,0.18274268507957458,0.033203125,0.36918336153030396,0.42696455121040344,0.0,0.0017895334167405963,1.0,1.0,0.6219658851623535,0.07935359328985214,0.2186366319656372,0.3383527994155884,0.35988861322402954,0.4800301194190979,0.670773983001709,0.6433640718460083,32.0,3.3982484340667725,1.0,-0.0005475007346831262,0.2730828523635864,0.9270842671394348,0.8980581760406494,0.683369517326355,0.2034638524055481,0.18428966403007507,0.00033557540155015886,6.675157055724412e-05,0.9293384552001953,0.9272317290306091,0.7034013867378235,0.21475709974765778,0.20093213021755219,0.9293262362480164,0.9271301031112671,0.7043334245681763,0.21420657634735107,0.20034274458885193,142999,3.3470427989959717,,,,,,,,,,,,,0.1920747011899948,0.058370642364025116,0.07308367639780045,0.6173609495162964,0.33925896883010864,0.12554872035980225,0.0,0.12369227409362793,0.2049383670091629,0.5207053422927856,0.3970130681991577,0.1920747011899948
0.0167236328125,0.34077635407447815,0.0,0.0,0.0,0.4375,0.2274152934551239,4.322656631469727,0.0,0.86911940574646,0.07498215138912201,1.8125,29.017322540283203,0,-5.139657020568848,0.620248019695282,684.21240234375,1.7216321229934692,0.9993390440940857,0.10000000149011612,0.495970219373703,0.020496059209108353,0.026371799409389496,1191.9149169921875,0.0,2.6033575534820557,6887719.0,0.04777545481920242,0.261870414018631,0.1624760627746582,137.0,9.179378509521484,11.228010177612305,1.4124693870544434,0.0,15102.0,6887720.0,1971.0,0.006618002895265818,0.0,1.0,0.0014124293811619282,6842991.5,2303246.75,1763.5318603515625,1713.0,0.0,708.0,6499.0,6887719.0,-1.3752517700195312,-2.514216661453247,0.8224559426307678,0.0958406925201416,212.0,2049.0,2.6103265285491943,0.5252640247344971,0.0,5.00781774520874,0.16850779950618744,,,-0.015516979619860649,6827110.0,-0.005637949798256159,0.00036423723213374615,1.009412407875061,-0.0013970461441203952,8212.0,0.0,6887720.0,275.7723083496094,282.0,0.04339129105210304,25.3188419342041,0.1538906991481781,0.9850888848304749,47.0,16384.0,0.0739784762263298,0.04445754364132881,0.1970783770084381,0.16112786531448364,0.054347824305295944,1658.3551025390625,0.6880567073822021,0.8808608651161194,1.452243447303772,-0.00022298673866316676,-0.39700597524642944,0.17967668175697327,0.0308837890625,0.35451608896255493,0.5253115892410278,0.0,0.0017536686500534415,1.0,1.0,0.5777015686035156,0.08081741631031036,0.21823546290397644,0.3229389488697052,0.43843919038772583,0.452448308467865,0.75246262550354,0.6388797163963318,32.0,3.2695119380950928,1.0,-0.0011125946184620261,0.2729366719722748,0.9270632863044739,0.8981915712356567,0.6820434927940369,0.20450186729431152,0.18540683388710022,-0.0003363193536642939,-4.1351537220180035e-05,0.9293352365493774,0.9272232055664062,0.7035134434700012,0.21475954353809357,0.20096461474895477,0.9293019771575928,0.927241861820221,0.7028020620346069,0.21534597873687744,0.20166164636611938,143499,3.5256688594818115,,,,,,,,,,,,,0.18944746255874634,0.05767719820141792,0.0716082751750946,0.6228498816490173,0.34502172470092773,0.1234990656375885,0.0,0.12448495626449585,0.20990204811096191,0.5238344669342041,0.39934951066970825,0.18944746255874634
0.01190185546875,0.32582059502601624,0.0,0.0,0.0,0.59375,0.22663141787052155,4.361557960510254,0.0,0.8565766215324402,0.07458768784999847,1.8125,28.970775604248047,0,-5.140133857727051,0.6131343245506287,563.4903564453125,1.7147481441497803,0.9993374347686768,0.10000000149011612,0.4959627389907837,0.02049749158322811,0.0263738501816988,1206.7708740234375,0.0,2.6106245517730713,6911845.0,0.04784265533089638,0.2621844708919525,0.16406868398189545,137.0,9.186440467834473,11.218001365661621,1.4124693870544434,0.0,15125.0,6911846.0,3805.0,0.013161588460206985,0.0,1.0,0.0014124293811619282,6867117.5,2313574.75,1774.2708740234375,1719.0,0.0,708.0,6504.0,6911845.0,-1.7630615234375,-2.80259108543396,0.8225270509719849,0.1187330037355423,215.0,2048.0,2.3981966972351074,0.49276137351989746,0.0,5.021309852600098,0.17674919962882996,,,-0.015581361949443817,6851209.0,-0.005662165582180023,0.0005327227991074324,1.009501576423645,-0.0014883012045174837,8223.0,0.0,6911846.0,292.3140563964844,297.0,0.04566420614719391,23.669343948364258,0.15375562012195587,0.9510340690612793,48.0,16384.0,0.0739368349313736,0.044471703469753265,0.19507895410060883,0.15893542766571045,0.054347824305295944,1695.3125,0.687874972820282,0.8859334588050842,1.4525654315948486,8.418981451541185e-06,-0.4062069058418274,0.1722593754529953,0.026611328125,0.34717097878456116,0.3999077379703522,0.0,0.0013939117779955268,1.0,1.0,0.5859508514404297,0.08283088356256485,0.2200019806623459,0.34543460607528687,0.3216298222541809,0.4757242798805237,0.6213188171386719,0.6754938364028931,32.0,3.2031688690185547,1.0,-0.0008660738822072744,0.27303558588027954,0.9270889163017273,0.898180365562439,0.6824552416801453,0.20393569767475128,0.18488578498363495,-2.9198231459304225e-06,-4.418892785906792e-06,0.9293335676193237,0.9272247552871704,0.7033873796463013,0.21483004093170166,0.2010679841041565,0.9293294548988342,0.9272384643554688,0.7033407092094421,0.21472732722759247,0.20105870068073273,143999,3.3526389598846436,,,,,,,,,,,,,0.18846049904823303,0.05763057619333267,0.0712348222732544,0.6129982471466064,0.3397198021411896,0.12364479899406433,0.0,0.12639948725700378,0.2058044672012329,0.5206644535064697,0.39426496624946594,0.18846049904823303
0.0133056640625,0.3294973373413086,0.0,0.0,0.0,0.65625,0.22609443962574005,4.318901062011719,0.0,0.8715646266937256,0.0748651772737503,1.8046875,28.948434829711914,0,-5.140600204467773,0.6103129982948303,692.37890625,1.7266587018966675,0.9993442296981812,0.10000000149011612,0.4959720969200134,0.020497795194387436,0.026374781504273415,1130.0577392578125,0.0,2.6016786098480225,6936017.0,0.04760602489113808,0.26132041215896606,0.15481416881084442,137.0,9.194914817810059,11.15995979309082,1.4124693870544434,0.0,15175.0,6936018.0,382.0,0.0012075292179360986,0.0,1.0,0.0014124293811619282,6891289.5,2325588.0,1713.3077392578125,1722.0,0.0,708.0,6510.0,6936017.0,-3.1560935974121094,-4.86454439163208,0.8225658535957336,0.10100885480642319,209.0,2049.0,2.88338041305542,0.539894163608551,0.0,5.011463165283203,0.19143052399158478,,,-0.01719919592142105,6875364.0,-0.00624863849952817,0.0006335070938803256,1.009539246559143,-0.0020732067059725523,8232.0,0.0,6936018.0,263.00177001953125,265.0,0.04070660471916199,24.364864349365234,0.15367388725280762,1.0036028623580933,52.0,16384.0,0.07402366399765015,0.04446869716048241,0.19412055611610413,0.15905171632766724,0.05978260934352875,1673.795166015625,0.6893438100814819,0.8842338919639587,1.4503706693649292,-0.0003515942662488669,-0.39520642161369324,0.1831941306591034,0.054443359375,0.32043009996414185,0.6729646921157837,0.0,0.001587043167091906,1.0,1.0,0.6488423347473145,0.09277603775262833,0.21349503099918365,0.2764774560928345,0.415343701839447,0.37411168217658997,0.8284010291099548,0.6697496175765991,32.0,3.624427318572998,1.0,-0.0006972071132622659,0.27300307154655457,0.9270836114883423,0.898220956325531,0.6825584173202515,0.20386959612369537,0.18486548960208893,0.00010297590779373422,-1.6698817262295051e-06,0.92933589220047,0.9272415041923523,0.7033039927482605,0.21482303738594055,0.2011098563671112,0.9293285608291626,0.9273113012313843,0.7033885717391968,0.21466940641403198,0.20107796788215637,144499,3.460693597793579,,,,,,,,,,,,,0.19148951768875122,0.0582711435854435,0.07174616307020187,0.6190428733825684,0.3418462872505188,0.1240924522280693,0.0,0.12480601668357849,0.20671793818473816,0.5230134725570679,0.3982074558734894,0.19148951768875122
0.01092529296875,0.3434998095035553,0.0,0.0,0.0,0.59375,0.229008287191391,4.332091331481934,0.0,0.8676734566688538,0.07480528205633163,1.8046875,28.995803833007812,0,-5.140859603881836,0.6210464239120483,611.4305419921875,1.7096047401428223,0.9993277192115784,0.10000000149011612,0.4959721565246582,0.020498570054769516,0.02637622505426407,1135.55322265625,0.0,2.60640811920166,6960305.0,0.04751455411314964,0.261725515127182,0.15947289764881134,137.0,9.204802513122559,11.135865211486816,1.4124693870544434,0.0,15225.0,6960306.0,569.0,0.0019247782183811069,0.0,1.0,0.0014124293811619282,6915577.5,2338347.75,1714.595703125,1725.0,0.0,708.0,6517.0,6960305.0,-2.6603870391845703,-3.7952122688293457,0.8225501775741577,0.11935975402593613,211.0,2048.0,2.506434440612793,0.5224486589431763,0.0,5.119553565979004,0.18739713728427887,,,-0.016781054437160492,6899649.0,-0.006106653716415167,0.00047859299229457974,1.0095367431640625,-0.0015489630168303847,8242.0,0.0,6960306.0,275.788330078125,281.0,0.04311800003051758,26.040382385253906,0.15357612073421478,0.9831907153129578,47.0,16384.0,0.0739465057849884,0.04446350410580635,0.19721448421478271,0.1601395308971405,0.04891304299235344,1680.911865234375,0.6888742446899414,0.8841243982315063,1.4522639513015747,0.0038708429783582687,-0.3993580639362335,0.17749731242656708,0.0302734375,0.3447905480861664,0.4850391149520874,0.0,0.001862055854871869,1.0,1.0,0.5901203155517578,0.08616404980421066,0.2160126119852066,0.3318782448768616,0.3538514971733093,0.45750150084495544,0.6898152828216553,0.6531906723976135,32.0,3.165222644805908,1.0,-0.000900233571883291,0.272908478975296,0.927060604095459,0.8981184363365173,0.6817830204963684,0.20438151061534882,0.18531452119350433,-0.00012617454922292382,-5.738530671806075e-05,0.9293339848518372,0.9272674918174744,0.7031779885292053,0.21486450731754303,0.2012041211128235,0.9292977452278137,0.9271916747093201,0.7025317549705505,0.21525883674621582,0.2015846073627472,144999,3.229325771331787,,,,,,,,,,,,,0.1900133192539215,0.05806086212396622,0.07165221124887466,0.6125363707542419,0.334276407957077,0.12446948140859604,0.0,0.12435212731361389,0.20153659582138062,0.515902042388916,0.3915499150753021,0.1900133192539215
0.01202392578125,0.3166755139827728,0.0,0.0,0.0,0.625,0.22787193953990936,4.1494460105896,0.0,0.8689154982566833,0.07523297518491745,1.8125,28.978313446044922,0,-5.1410980224609375,0.6108629703521729,748.8680419921875,1.7390810251235962,0.9993318319320679,0.10000000149011612,0.49599313735961914,0.020498795434832573,0.02637622505426407,1112.7958984375,0.0,2.5994625091552734,6984478.0,0.04750557616353035,0.26255002617836,0.15891362726688385,137.0,9.22175121307373,11.136429786682129,1.4124693870544434,0.0,15260.0,6984479.0,1707.0,0.006073220632970333,0.0,1.0,0.0014124293811619282,6939750.5,2346651.75,1695.040771484375,1725.0,0.0,708.0,6529.0,6984478.0,-2.1966381072998047,-4.55170202255249,0.8225664496421814,0.08443760871887207,217.0,2048.0,2.622067451477051,0.5005668997764587,0.0,5.109510898590088,0.182182177901268,,,-0.016444925218820572,6923749.0,-0.005980121437460184,0.0004479812632780522,1.009536862373352,-0.0016345484182238579,8254.0,0.0,6984479.0,278.75238037109375,281.0,0.0430387519299984,25.330093383789062,0.15318651497364044,0.9710855484008789,49.0,16384.0,0.0739830732345581,0.044453199952840805,0.19810906052589417,0.16188007593154907,0.06521739065647125,1711.85791015625,0.6880260109901428,0.8852338194847107,1.4529119729995728,-0.003856541821733117,-0.4075216054916382,0.17524218559265137,0.041015625,0.29728901386260986,0.5380609631538391,0.0,0.0014601834118366241,1.0,1.0,0.5866146087646484,0.0830417349934578,0.21708190441131592,0.3184618353843689,0.4345509707927704,0.40141016244888306,0.7825068235397339,0.6575283408164978,32.0,3.246554136276245,1.0,-0.0007591662579216063,0.2729374170303345,0.9270731806755066,0.8981786370277405,0.6823774576187134,0.20423297584056854,0.18507663905620575,5.826807318953797e-05,3.2694761102902703e-06,0.9293367862701416,0.927249550819397,0.7030715346336365,0.21496909856796265,0.20127305388450623,0.9293095469474792,0.9272341728210449,0.7031556963920593,0.2150537073612213,0.20128175616264343,145499,3.363765001296997,,,,,,,,,,,,,0.19002550840377808,0.05797792971134186,0.0719766914844513,0.622848391532898,0.3446345329284668,0.12465610355138779,0.0,0.12522035837173462,0.2087993025779724,0.5240451693534851,0.3988248109817505,0.19002550840377808
0.022705078125,0.31791019439697266,0.0,0.0,0.0,0.4375,0.22631177306175232,4.350093841552734,0.0,0.8613646030426025,0.07487904280424118,1.8125,28.973236083984375,0,-5.141336441040039,0.6074805855751038,426.158447265625,1.7161805629730225,0.9993308186531067,0.10000000149011612,0.4959792494773865,0.02049992047250271,0.026378288865089417,1173.465576171875,0.0,2.594578504562378,7008414.0,0.04837283864617348,0.26684239506721497,0.15698429942131042,131.0,9.240113258361816,11.050813674926758,1.4124693870544434,0.0,15340.0,7008415.0,1061.0,0.0034570153802633286,0.0,1.0,0.0014124293811619282,6963686.5,2354795.25,1748.8792724609375,1728.0,0.0,708.0,6542.0,7008414.0,-1.9295005798339844,-3.381490468978882,0.8225556015968323,0.10828959196805954,199.0,2049.0,2.571457862854004,0.5230043530464172,0.0,5.024074554443359,0.19781875610351562,,,-0.01613473705947399,6947685.0,-0.005860210862010717,0.000431558582931757,1.009536862373352,-0.0022586951963603497,8270.0,0.0,7008415.0,260.6580810546875,268.0,0.04096606373786926,23.87511444091797,0.1529475301504135,1.0057909488677979,58.0,16384.0,0.07399383187294006,0.04445795714855194,0.19585952162742615,0.15871943533420563,0.054347824305295944,1671.6922607421875,0.6882867813110352,0.8854889273643494,1.454257845878601,-0.0002925537992268801,-0.40999728441238403,0.18585199117660522,0.02734375,0.32681137323379517,0.45383673906326294,0.0,0.0018868707120418549,1.0,1.0,0.563992977142334,0.08543794602155685,0.2107553482055664,0.33277055621147156,0.37427303194999695,0.44321274757385254,0.6867294311523438,0.6507452726364136,32.0,3.666940450668335,1.0,-0.0007918818155303597,0.2729906141757965,0.9270946979522705,0.8981635570526123,0.6824415326118469,0.20397043228149414,0.18488268554210663,2.225059324700851e-05,1.3684318219020497e-05,0.9293380975723267,0.9272541999816895,0.7031631469726562,0.21492579579353333,0.20121900737285614,0.9293397665023804,0.9272522330284119,0.7033061981201172,0.2147495150566101,0.20105934143066406,145999,3.37532901763916,,,,,,,,,,,,,0.18810230493545532,0.057510778307914734,0.07058341801166534,0.6180706024169922,0.3407086133956909,0.12189173698425293,0.0,0.1274782419204712,0.20523160696029663,0.5208121538162231,0.39333391189575195,0.18810230493545532
0.010986328125,0.33535730838775635,0.0,0.0,0.0,0.59375,0.22782407701015472,4.464038848876953,0.0,0.8667957782745361,0.07459864020347595,1.8046875,28.961545944213867,0,-5.141574859619141,0.611457109451294,619.5357666015625,1.7207989692687988,0.9993409514427185,0.10000000149011612,0.49598783254623413,0.0205004271119833,0.0263788141310215,1203.1632080078125,0.0,2.5986902713775635,7032434.0,0.04810280352830887,0.2655881345272064,0.16301670670509338,131.0,9.254237174987793,11.056767463684082,1.4124693870544434,0.0,15369.0,7032435.0,1636.0,0.005607584025710821,0.0,1.0,0.0014124293811619282,6987706.5,2366742.0,1770.591796875,1734.0,0.0,708.0,6552.0,7032434.0,-0.7963638305664062,-2.521747589111328,0.8225555419921875,0.12963193655014038,215.0,2049.0,2.589329481124878,0.5508029460906982,0.0,5.088302135467529,0.18763379752635956,,,-0.016284223645925522,6971682.0,-0.005919710732996464,0.00044671440264210105,1.009531855583191,-0.0018108098302036524,8286.0,0.0,7032435.0,286.4173889160156,292.0,0.04456654563546181,23.496788024902344,0.15265585482120514,0.9534879326820374,49.0,16384.0,0.07402492314577103,0.04446493834257126,0.1951969414949417,0.15854769945144653,0.05978260934352875,1678.1405029296875,0.6871306300163269,0.882803201675415,1.4525039196014404,0.012566061690449715,-0.4019041955471039,0.18299755454063416,0.0306396484375,0.35683760046958923,0.4870268702507019,0.0,0.0013632795307785273,1.0,1.0,0.5450839996337891,0.08136779069900513,0.21751511096954346,0.30625927448272705,0.35871100425720215,0.42062869668006897,0.694358766078949,0.6628488898277283,32.0,3.1576035022735596,1.0,-0.0007551347371190786,0.27293336391448975,0.9270602464675903,0.8980969786643982,0.682219386100769,0.20429189503192902,0.1850641965866089,5.83605797146447e-05,-1.5502406313316897e-05,0.9293349981307983,0.9272435307502747,0.7031176686286926,0.21498210728168488,0.20125098526477814,0.9292955994606018,0.927167534828186,0.7030333876609802,0.2151189148426056,0.20128609240055084,146499,3.375739097595215,,,,,,,,,,,,,0.18929949402809143,0.05783616006374359,0.07055020332336426,0.615935206413269,0.3371930718421936,0.12359489500522614,0.0,0.12566804885864258,0.2032082974910736,0.5181758403778076,0.39250779151916504,0.18929949402809143
0.009033203125,0.3402351438999176,0.0,0.0,0.0,0.46875,0.22794577479362488,4.391770362854004,0.0,0.8693845272064209,0.07470964640378952,1.8046875,28.940704345703125,0,-5.141813278198242,0.6109215021133423,623.4901123046875,1.739664912223816,0.9993410110473633,0.10000000149011612,0.49593493342399597,0.020500851795077324,0.02637907676398754,1199.9130859375,0.0,2.595741033554077,7056389.0,0.047921497374773026,0.26476094126701355,0.16237914562225342,131.0,9.265536308288574,11.061873435974121,1.4124693870544434,0.0,15419.0,7056390.0,1307.0,0.0044914367608726025,0.0,1.0,0.0014124293811619282,7011661.5,2377180.25,1768.9130859375,1735.0,0.0,708.0,6560.0,7056389.0,-3.931509017944336,-5.119977951049805,0.8225800395011902,0.09395268559455872,217.0,2049.0,2.270853042602539,0.4570331573486328,0.0,5.078150749206543,0.16821469366550446,,,-0.01673385500907898,6995638.0,-0.006081953179091215,0.0005125668831169605,1.0095367431640625,-0.0018093314720317721,8295.0,0.0,7056390.0,285.1065673828125,292.0,0.04451219365000725,23.851680755615234,0.15249274671077728,0.961121678352356,46.0,16384.0,0.07406854629516602,0.044464752078056335,0.19475030899047852,0.1592685729265213,0.054347824305295944,1653.7733154296875,0.6876914501190186,0.8804581761360168,1.4512519836425781,0.009237118996679783,-0.40038245916366577,0.17590510845184326,0.0308837890625,0.3350609838962555,0.4885670840740204,0.0,0.0014466136926785111,1.0,1.0,0.5978679656982422,0.08594238013029099,0.2128489911556244,0.38738203048706055,0.3972080647945404,0.481329083442688,0.7382538318634033,0.6347569823265076,32.0,3.311781167984009,1.0,-0.0008046055445447564,0.27303680777549744,0.9270595908164978,0.8980276584625244,0.6825245022773743,0.20370106399059296,0.18458998203277588,-9.560764738125727e-06,2.0105057046748698e-05,0.9293290376663208,0.9271953105926514,0.7031983137130737,0.21487408876419067,0.20111258327960968,0.9292997121810913,0.9271088242530823,0.7033673524856567,0.21450373530387878,0.2007714807987213,146999,3.1284289360046387,,,,,,,,,,,,,0.19187119603157043,0.05853834003210068,0.0733531266450882,0.6075879335403442,0.334686815738678,0.1257532238960266,0.0,0.12754219770431519,0.2052312195301056,0.5246446132659912,0.397102415561676,0.19187119603157043
0.0228271484375,0.33106210827827454,0.0,0.0,0.0,0.65625,0.22632896900177002,4.40767240524292,0.0,0.8697704076766968,0.07504883408546448,1.8046875,28.992103576660156,0,-5.142051696777344,0.6146996021270752,743.760009765625,1.721199631690979,0.9993343353271484,0.10000000149011612,0.4959232211112976,0.02050054259598255,0.0263789352029562,1112.3018798828125,0.0,2.5988287925720215,7080457.0,0.047320153564214706,0.2615894675254822,0.15989038348197937,131.0,9.276836395263672,11.060572624206543,1.4124693870544434,0.0,15450.0,7080458.0,667.0,0.002436310052871704,0.0,1.0,0.0014124293811619282,7035729.5,2387831.0,1695.9810791015625,1742.0,0.0,708.0,6568.0,7080457.0,-5.181604385375977,-6.845808982849121,0.8225812911987305,0.10455065965652466,218.0,2048.0,2.474827527999878,0.5066129565238953,0.0,5.084650993347168,0.19266217947006226,,,-0.015704549849033356,7019689.0,-0.005713135935366154,0.00040474682464264333,1.0095367431640625,-0.0015642887447029352,8310.0,0.0,7080458.0,286.3585510253906,290.0,0.044153470546007156,23.6549129486084,0.15232107043266296,0.9591078162193298,53.0,16384.0,0.07397884875535965,0.044472020119428635,0.19454044103622437,0.1601405143737793,0.054347824305295944,1649.599609375,0.6885015964508057,0.8848831653594971,1.4533421993255615,0.003732484532520175,-0.3921315371990204,0.1763950139284134,0.02734375,0.3297807574272156,0.47259441018104553,0.0,0.0015181610360741615,1.0,1.0,0.6256070137023926,0.0824887827038765,0.20771484076976776,0.3477120101451874,0.39075303077697754,0.447525292634964,0.6743570566177368,0.6225761771202087,32.0,4.346439838409424,1.0,-0.0009261791710741818,0.27299943566322327,0.9270791411399841,0.8981190323829651,0.6821526288986206,0.204051211476326,0.1848994940519333,-0.0001280930155189708,-1.3590914022643119e-05,0.9293367266654968,0.9272007346153259,0.7032161951065063,0.21478819847106934,0.2010469138622284,0.9293200969696045,0.9272116422653198,0.7029650211334229,0.21489979326725006,0.20112788677215576,147499,3.2094898223876953,,,,,,,,,,,,,0.19131997227668762,0.058341674506664276,0.0732499212026596,0.6118689775466919,0.3375227749347687,0.12600785493850708,0.0,0.12617972493171692,0.2066388726234436,0.5241385698318481,0.3979588449001312,0.19131997227668762
0.01177978515625,0.3256874978542328,0.0,0.0,0.0,0.65625,0.22710558772087097,4.487850189208984,0.0,0.8715810179710388,0.07441891729831696,1.8125,28.964414596557617,0,-5.142244815826416,0.6132346987724304,652.77978515625,1.7212430238723755,0.9993383884429932,0.10000000149011612,0.4959406554698944,0.02050112932920456,0.026379361748695374,1168.6363525390625,0.0,2.6011173725128174,7104566.0,0.047779686748981476,0.2635599374771118,0.1585204154253006,132.0,9.286723136901855,11.096899032592773,1.4124693870544434,0.0,15485.0,7104567.0,883.0,0.0028362940065562725,0.0,1.0,0.0014124293811619282,7059838.5,2396650.25,1744.4090576171875,1751.0,0.0,708.0,6575.0,7104566.0,-4.228485107421875,-5.456051349639893,0.8225883841514587,0.12563100457191467,219.0,2050.0,2.3711953163146973,0.5052253007888794,0.0,5.129632949829102,0.18388789892196655,,,-0.015516694635152817,7043789.0,-0.005642450414597988,0.0004772725806105882,1.0095367431640625,-0.0015480943256989121,8326.0,0.0,7104567.0,280.0461730957031,284.0,0.043193917721509933,24.33544921875,0.15214239060878754,0.9668887257575989,44.0,16383.0,0.07401425391435623,0.04447371885180473,0.1946868598461151,0.15853604674339294,0.054347824305295944,1696.9884033203125,0.6871138215065002,0.880040168762207,1.4519987106323242,-0.00011951743363169953,-0.3935742974281311,0.17908744513988495,0.021728515625,0.415361225605011,0.44456273317337036,0.0,0.0016070404089987278,1.0,1.0,0.608738899230957,0.09942443668842316,0.21127796173095703,0.3889414668083191,0.3548191785812378,0.5307981371879578,0.635258138179779,0.6448485255241394,32.0,3.882688283920288,1.0,-0.0007274729432538152,0.27293306589126587,0.9270660877227783,0.8980357646942139,0.6824201941490173,0.20408152043819427,0.1849079132080078,0.00011727470700861886,2.1113810362294316e-06,0.9293373227119446,0.9271801114082336,0.703131914138794,0.21487297117710114,0.20109662413597107,0.9293117523193359,0.9271178245544434,0.7032646536827087,0.21488456428050995,0.20106953382492065,147999,3.350370168685913,,,,,,,,,,,,,0.18944595754146576,0.05807202309370041,0.07211402803659439,0.6142613887786865,0.3412732481956482,0.12472063302993774,0.0,0.1259932518005371,0.20740880072116852,0.5228480100631714,0.3968547582626343,0.18944595754146576
0.018310546875,0.34114253520965576,0.0,0.0,0.0,0.5625,0.22695709764957428,4.342778205871582,0.0,0.87164705991745,0.07469428330659866,1.8046875,28.954593658447266,0,-5.142244815826416,0.617897093296051,684.9465942382812,1.7470173835754395,0.9993201494216919,0.10000000149011612,0.49594277143478394,0.020501598715782166,0.026380181312561035,1120.3863525390625,0.0,2.6046860218048096,7128538.0,0.04749641567468643,0.2614549696445465,0.15814989805221558,132.0,9.305085182189941,11.121171951293945,1.4124693870544434,0.0,15516.0,7128539.0,2693.0,0.008973435498774052,0.0,1.0,0.0014124293811619282,7083810.5,2405771.25,1701.5,1754.0,0.0,708.0,6588.0,7128538.0,-1.9456729888916016,-3.1922755241394043,0.8225924968719482,0.10475900024175644,214.0,2048.0,2.2823104858398438,0.47454261779785156,0.0,5.0989227294921875,0.18643665313720703,,,-0.016228822991251945,7067753.0,-0.005902823526412249,0.0004967083223164082,1.0095335245132446,-0.0018742993706837296,8342.0,0.0,7128539.0,278.1730651855469,279.0,0.04234972596168518,23.85980224609375,0.15181155502796173,0.9681662917137146,44.0,16384.0,0.07398641854524612,0.044474802911281586,0.1950119286775589,0.15728126466274261,0.054347824305295944,1654.11083984375,0.6886582970619202,0.8893564343452454,1.4527093172073364,0.0010570228332653642,-0.39613184332847595,0.169977605342865,0.02734375,0.38327261805534363,0.4738919138908386,0.0,0.001842224271968007,1.0,1.0,0.6194610595703125,0.09709830582141876,0.2096278816461563,0.41056641936302185,0.3899793326854706,0.5312362909317017,0.7052583694458008,0.621748685836792,32.0,3.5050086975097656,1.0,-0.0008408941212110221,0.2730088531970978,0.9270757436752319,0.898173451423645,0.682457447052002,0.2039448618888855,0.18482713401317596,-4.601985438057454e-06,1.185256496682996e-05,0.9293340444564819,0.9271958470344543,0.7032098174095154,0.2148439586162567,0.20107682049274445,0.9293136596679688,0.9272626638412476,0.703305184841156,0.21474215388298035,0.2010185569524765,148499,3.3529980182647705,,,,,,,,,,,,,0.18833410739898682,0.057804979383945465,0.07038950175046921,0.6154288053512573,0.3418385982513428,0.1243324875831604,0.0,0.12610101699829102,0.20708328485488892,0.5215184092521667,0.39541739225387573,0.18833410739898682
0.02099609375,0.3269306421279907,0.0,0.0,0.0,0.6875,0.22797635197639465,4.350189685821533,0.0,0.8661714792251587,0.07505615055561066,1.8046875,28.98532485961914,0,-5.142244815826416,0.6206326484680176,819.6832885742188,1.718092441558838,0.9993202090263367,0.10000000149011612,0.49594587087631226,0.020502086728811264,0.02638085186481476,1164.3477783203125,1.0,2.597538948059082,7152585.0,0.048289380967617035,0.26577749848365784,0.15625785291194916,133.0,9.3403959274292,11.177933692932129,1.4124693870544434,0.0,15565.0,7152586.0,192.0,0.0006008348427712917,0.0,1.0,0.0014124293811619282,7107857.5,2404908.5,1746.5,1757.0,0.0,708.0,6613.0,7152585.0,-1.0396709442138672,-2.454768180847168,0.8225998878479004,0.11687132716178894,212.0,2049.0,2.5878303050994873,0.5357340574264526,0.0,5.131263732910156,0.19938653707504272,,,-0.016250664368271828,7091790.0,-0.0059164175763726234,0.0005180574953556061,1.0095367431640625,-0.0017402094090357423,8370.0,0.0,7152586.0,274.1019592285156,277.0,0.04188719019293785,24.901819229125977,0.15127632021903992,0.9792959094047546,46.0,16384.0,0.0740296021103859,0.0444738045334816,0.19667156040668488,0.16016848385334015,0.06521739065647125,1716.041259765625,0.6871699094772339,0.8917300701141357,1.4530736207962036,0.003851075656712055,-0.39505380392074585,0.1923578530550003,0.0240478515625,0.42703765630722046,0.43762287497520447,0.0,0.0013698028633370996,1.0,1.0,0.5854129791259766,0.09134982526302338,0.21633939445018768,0.3417133092880249,0.3690616488456726,0.4766984283924103,0.6642258167266846,0.6499364376068115,32.0,3.494828224182129,1.0,-0.000864747678861022,0.27293896675109863,0.9270318746566772,0.8980165123939514,0.682005763053894,0.2042582780122757,0.18510223925113678,-5.0921204092446715e-05,-3.085498246946372e-05,0.9293279051780701,0.927186906337738,0.7031165361404419,0.21487906575202942,0.20113489031791687,0.9292735457420349,0.9271085858345032,0.7027838230133057,0.21510791778564453,0.20135971903800964,148999,3.1393489837646484,,,,,,,,,,,,,0.19035187363624573,0.058244042098522186,0.07189401984214783,0.6070472002029419,0.3295745551586151,0.12589314579963684,0.0,0.12449836730957031,0.20004507899284363,0.5148953199386597,0.39039695262908936,0.19035187363624573
0.01043701171875,0.3314674496650696,0.0,0.0,0.0,0.65625,0.22577714920043945,4.367527961730957,0.0,0.8697763681411743,0.07452516257762909,1.8125,28.94342041015625,0,-5.142244815826416,0.6247462034225464,589.0604858398438,1.7133182287216187,0.9993389844894409,0.10000000149011612,0.49595046043395996,0.02050229161977768,0.026381120085716248,1147.568603515625,0.0,2.5896103382110596,7176440.0,0.04807145521044731,0.2644856870174408,0.1561722755432129,133.0,9.348870277404785,11.196636199951172,1.4124693870544434,0.0,15599.0,7176441.0,758.0,0.0025480238255113363,0.0,1.0,0.0014124293811619282,7131712.5,2416296.25,1727.6470947265625,1762.0,0.0,708.0,6619.0,7176440.0,-1.1255359649658203,-5.989449977874756,0.822605550289154,0.11491267383098602,215.0,2048.0,2.57070255279541,0.5121274590492249,0.0,5.125482559204102,0.1844596117734909,,,-0.016418347135186195,7115648.0,-0.005971927661448717,0.0005575569812208414,1.0095243453979492,-0.0018827571766451001,8381.0,0.0,7176441.0,280.22222900390625,285.0,0.04305786266922951,23.982467651367188,0.1511266976594925,0.9655794501304626,51.0,16384.0,0.07405976951122284,0.04447191208600998,0.19439904391765594,0.1556715965270996,0.05978260934352875,1757.482177734375,0.6884918808937073,0.887639582157135,1.4531785249710083,-0.005364418961107731,-0.3928135931491852,0.17188680171966553,0.036376953125,0.325275719165802,0.47620487213134766,0.0,0.00200272467918694,1.0,1.0,0.5796546936035156,0.0982341468334198,0.2099631130695343,0.37665027379989624,0.38491934537887573,0.47108280658721924,0.7085142135620117,0.6550185680389404,32.0,3.622079849243164,1.0,-0.0008098814869299531,0.2729935348033905,0.9270657300949097,0.8981051445007324,0.6824483275413513,0.20398463308811188,0.18485413491725922,5.283153222990222e-05,1.8458289559930563e-05,0.929323136806488,0.927180826663971,0.7031107544898987,0.2149040699005127,0.20113791525363922,0.9293076992034912,0.9271956086158752,0.7033271193504333,0.21476829051971436,0.20100969076156616,149499,3.299243927001953,,,,,,,,,,,,,0.1908833384513855,0.05853135511279106,0.07178399711847305,0.6070847511291504,0.33343297243118286,0.12496153265237808,0.0,0.12477701902389526,0.20101815462112427,0.516678512096405,0.39190149307250977,0.1908833384513855
0.01092529296875,0.35202211141586304,0.0,0.0,0.0,0.59375,0.22762177884578705,4.543361663818359,0.0,0.8711724281311035,0.07507021725177765,1.8046875,28.958072662353516,0,-5.142244815826416,0.6135473251342773,734.8392333984375,1.7148888111114502,0.9993195533752441,0.10000000149011612,0.49594399333000183,0.020502528175711632,0.026381567120552063,1111.3863525390625,0.0,2.597716808319092,7200717.0,0.04809220880270004,0.26552289724349976,0.15389448404312134,133.0,9.357344627380371,11.182464599609375,1.4124693870544434,0.0,15636.0,7200718.0,1812.0,0.006240163464099169,0.0,1.0,0.0014124293811619282,7155989.5,2426057.25,1696.8182373046875,1767.0,0.0,708.0,6625.0,7200717.0,-1.41876220703125,-2.8972008228302,0.8226081728935242,0.11019062995910645,205.0,2049.0,2.4294376373291016,0.5105869770050049,0.0,5.052560806274414,0.17063158750534058,,,-0.01631108671426773,7139923.0,-0.005933018866926432,0.0005903467535972595,1.009536623954773,-0.0020284669008105993,8392.0,0.0,7200718.0,278.4063415527344,286.0,0.043169811367988586,24.906620025634766,0.1509750932455063,0.9775623679161072,44.0,16383.0,0.07396268844604492,0.044473424553871155,0.19549302756786346,0.15969929099082947,0.05978260934352875,1660.7440185546875,0.6887386441230774,0.8832330107688904,1.4519903659820557,0.0036123578902333975,-0.39152413606643677,0.17608490586280823,0.0263671875,0.3704150915145874,0.45615094900131226,0.0,0.0016122907400131226,1.0,1.0,0.602595329284668,0.09795746952295303,0.2107630968093872,0.35539180040359497,0.4162479341030121,0.4866745173931122,0.6866441965103149,0.6194191575050354,32.0,3.336212158203125,1.0,-0.0007766986382193863,0.2729743421077728,0.9270643591880798,0.8980516791343689,0.6823633909225464,0.2039596289396286,0.18486744165420532,4.404551145853475e-05,8.496642749378225e-07,0.9293332695960999,0.9271920323371887,0.7031610608100891,0.21485011279582977,0.20111501216888428,0.9293042421340942,0.927141547203064,0.7032102346420288,0.2147575467824936,0.20105096697807312,149999,3.124852418899536,,,,,,,,,,,,,0.19262884557247162,0.05871701240539551,0.07288022339344025,0.6082885265350342,0.33460503816604614,0.12700945138931274,0.0,0.1265394687652588,0.20543356239795685,0.5246018767356873,0.39806240797042847,0.19262884557247162
,,,,,,,,,,,,,0,,,,,,,,,,,,,,,,,,,,,,,,,,,,,,,,,,,,,,,,,,,,,,,,0.013397816568613052,0.12874463200569153,,,,,,,,,,,,,,,,,,,,,,,,,,,,,,,,,,,,,,,,,,,,,,,,,,,,,,,,,,,,,,,,,,,149999,,0.8372513651847839,66.37728881835938,79.98667907714844,13.609386444091797,5.086524486541748,71.46381378173828,64.44526672363281,69.39118194580078,80.5247573852539,6.229069709777832,87.5788803100586,81.34980773925781,,,,,,,,,,,,
0.019287109375,0.3374432623386383,0.0,0.0,0.0,0.625,0.2272968590259552,4.2838544845581055,0.0,0.8746809959411621,0.07508118450641632,1.8046875,28.962833404541016,0,-5.142244815826416,0.6099541187286377,557.8475341796875,1.7023385763168335,0.9993376135826111,0.10000000149011612,0.4959346652030945,0.020502524450421333,0.026381608098745346,1154.608642578125,0.0,2.5942511558532715,7224505.0,0.048527222126722336,0.2669767439365387,0.15549728274345398,127.0,9.360169410705566,11.119967460632324,1.4124693870544434,0.0,15674.0,7224506.0,730.0,0.0026626032777130604,0.0,1.0,0.0014124293811619282,7179777.5,2438116.0,1735.7174072265625,1773.0,0.0,708.0,6627.0,7224505.0,-3.0380306243896484,-4.278491020202637,0.8226076364517212,0.09012310951948166,209.0,2048.0,2.2264351844787598,0.44836077094078064,0.0,5.06899881362915,0.16996298730373383,,,-0.016001585870981216,7163695.0,-0.005825016647577286,0.0005981747526675463,1.009326457977295,-0.001734222169034183,8400.0,0.0,7224506.0,285.0086975097656,294.0,0.04436396434903145,24.63763427734375,0.15094293653964996,0.9638968706130981,46.0,16383.0,0.07403095066547394,0.04447383061051369,0.19670620560646057,0.16147872805595398,0.054347824305295944,1645.8193359375,0.6871014833450317,0.8856757879257202,1.4525965452194214,-0.004657852463424206,-0.4068855345249176,0.1785310059785843,0.03125,0.32261958718299866,0.4291534721851349,0.0,0.002581416629254818,1.0,1.0,0.5883641242980957,0.10031215101480484,0.20821528136730194,0.4642097055912018,0.40938398241996765,0.548518717288971,0.745675802230835,0.6036732196807861,32.0,3.240156412124634,1.0,-0.0008511858759447932,0.273002028465271,0.9270593523979187,0.8981115221977234,0.6821902394294739,0.20403388142585754,0.1849042773246765,-2.2030711988918483e-05,-1.001533746602945e-05,0.9293342232704163,0.9271959662437439,0.7031441926956177,0.21486902236938477,0.20112566649913788,0.9293013215065002,0.9272021651268005,0.7030292749404907,0.21486660838127136,0.20111851394176483,150499,3.1875524520874023,,,,,,,,,,,,,0.19207757711410522,0.05867444723844528,0.07297156751155853,0.613878607749939,0.33654868602752686,0.12560489773750305,0.0,0.12634968757629395,0.20643728971481323,0.5248645544052124,0.39851486682891846,0.19207757711410522
0.01513671875,0.33158212900161743,0.0,0.0,0.0,0.59375,0.22596843540668488,4.393801212310791,0.0,0.8686257004737854,0.07480180263519287,1.8125,28.98548698425293,0,-5.142244815826416,0.6206403970718384,659.8101806640625,1.716865062713623,0.9993153214454651,0.10000000149011612,0.49594351649284363,0.020502524450421333,0.026381555944681168,1133.0833740234375,0.0,2.5904438495635986,7248798.0,0.048549000173807144,0.2665538191795349,0.15539605915546417,127.0,9.375706672668457,11.127527236938477,1.4124693870544434,0.0,15692.0,7248799.0,634.0,0.0020687163341790438,0.0,1.0,0.0014124293811619282,7204070.5,2448561.0,1716.8958740234375,1774.0,0.0,708.0,6638.0,7248798.0,-1.9027900695800781,-3.408813238143921,0.8226079940795898,0.11605503410100937,207.0,2048.0,2.661067008972168,0.5253625512123108,0.0,5.0474534034729,0.16780593991279602,,,-0.015772387385368347,7187976.0,-0.005737285129725933,0.0004949817666783929,1.0095369815826416,-0.0016321322182193398,8412.0,0.0,7248799.0,281.85284423828125,287.0,0.043235912919044495,23.472766876220703,0.1507154256105423,0.9578465223312378,48.0,16383.0,0.07397045195102692,0.04447289928793907,0.19551056623458862,0.15831562876701355,0.06521739065647125,1719.0806884765625,0.6883242130279541,0.889781653881073,1.450893759727478,0.013518587686121464,-0.391648530960083,0.18846037983894348,0.0341796875,0.37722206115722656,0.49322083592414856,0.0,0.0014560375129804015,1.0,1.0,0.638275146484375,0.09889616072177887,0.20598839223384857,0.3216363787651062,0.40481799840927124,0.4310465157032013,0.7207939624786377,0.6464533805847168,32.0,3.719717025756836,1.0,-0.000902563682757318,0.2729927897453308,0.927039623260498,0.8980728387832642,0.6824383735656738,0.20410029590129852,0.18493223190307617,-9.163773211184889e-05,1.8145863577956334e-05,0.9293331503868103,0.9271849393844604,0.7032182812690735,0.2148086428642273,0.20105692744255066,0.9292745590209961,0.9271383881568909,0.7032862305641174,0.2149074226617813,0.20112089812755585,150999,3.281088352203369,,,,,,,,,,,,,0.19003978371620178,0.05794436112046242,0.07182416319847107,0.610708475112915,0.33290746808052063,0.12590524554252625,0.0,0.12439048290252686,0.20032653212547302,0.5147567987442017,0.3903663158416748,0.19003978371620178
0.011962890625,0.3352576792240143,0.0,0.0,0.0,0.65625,0.22619645297527313,4.3649821281433105,0.0,0.8654003739356995,0.07475417107343674,1.8046875,29.026540756225586,0,-5.142244815826416,0.6140573024749756,890.861083984375,1.7201074361801147,0.9993327260017395,0.10000000149011612,0.4959760308265686,0.020502543076872826,0.02638157643377781,862.3261108398438,1.0,2.586686134338379,7272967.0,0.048275623470544815,0.26588454842567444,0.1479806751012802,127.0,9.396892547607422,11.135748863220215,1.4124693870544434,0.0,15741.0,7272968.0,1271.0,0.004404248204082251,0.0,1.0,0.0014124293811619282,7228239.5,2456197.75,1477.9130859375,1777.0,0.0,708.0,6653.0,7272967.0,-1.5263938903808594,-2.991229295730591,0.8226079940795898,0.11648782342672348,180.0,2048.0,2.3852555751800537,0.5042129158973694,0.0,4.89052677154541,0.1941705197095871,,,-0.016122136265039444,7212107.0,-0.005872158333659172,0.00036806007847189903,1.009536623954773,-0.0027547210920602083,8430.0,0.0,7272968.0,216.80157470703125,226.0,0.033969637006521225,27.609661102294922,0.1503361165523529,1.1040430068969727,46.0,16384.0,0.07401104271411896,0.04447271302342415,0.19362419843673706,0.1573248654603958,0.054347824305295944,1687.603515625,0.6886289119720459,0.8834890723228455,1.4512101411819458,0.00043652314343489707,-0.38978758454322815,0.1792612373828888,0.028564453125,0.3359386622905731,0.488802045583725,0.0,0.00222606398165226,1.0,1.0,0.6317691802978516,0.09436174482107162,0.20257264375686646,0.3793814182281494,0.38990798592567444,0.4904268682003021,0.7341927289962769,0.6161166429519653,32.0,3.3428139686584473,1.0,-0.0008897674852050841,0.2728838622570038,0.9270774722099304,0.8981455564498901,0.6817963123321533,0.2046077698469162,0.18546539545059204,-0.0001142350520240143,-4.989919034414925e-05,0.9293321371078491,0.9271969199180603,0.7030853629112244,0.21495725214481354,0.20121534168720245,0.9293091893196106,0.9272087216377258,0.7025191187858582,0.2154526710510254,0.2017042338848114,151499,3.3131179809570312,,,,,,,,,,,,,0.19253379106521606,0.058807775378227234,0.07278965413570404,0.610680341720581,0.3385191857814789,0.12626805901527405,0.0,0.12668102979660034,0.2072988748550415,0.5265136957168579,0.39983266592025757,0.19253379106521606
0.015869140625,0.31353098154067993,0.0,0.0,0.0,0.59375,0.22651609778404236,4.2556023597717285,0.0,0.872372031211853,0.07507996261119843,1.8046875,28.962148666381836,0,-5.142244815826416,0.6160529851913452,582.56982421875,1.7233614921569824,0.9993224740028381,0.10000000149011612,0.4959871172904968,0.02050255611538887,0.026381583884358406,1058.9183349609375,0.0,2.592383861541748,7297127.0,0.04867858067154884,0.266323447227478,0.15573468804359436,127.0,9.406779289245605,11.165644645690918,1.4124693870544434,0.0,15786.0,7297128.0,2320.0,0.008131910115480423,0.0,1.0,0.0014124293811619282,7252399.5,2464985.75,1648.6123046875,1781.0,0.0,708.0,6660.0,7297127.0,-1.1751155853271484,-2.9495863914489746,0.8226079940795898,0.10593347251415253,210.0,2048.0,2.664700984954834,0.5311093330383301,0.0,5.029886722564697,0.18103079497814178,,,-0.01622769795358181,7236268.0,-0.005906493868678808,0.000491009559482336,1.009536623954773,-0.0018402204150334,8441.0,0.0,7297128.0,268.2020568847656,273.0,0.04099098965525627,23.87113380432129,0.1501619666814804,0.9803988337516785,49.0,16384.0,0.07410795986652374,0.04447255656123161,0.19926193356513977,0.16176852583885193,0.05978260934352875,1683.1099853515625,0.6890437006950378,0.8840681314468384,1.4520659446716309,0.001863571465946734,-0.409567654132843,0.16460679471492767,0.03662109375,0.3061561584472656,0.5031531453132629,0.0,0.002106340369209647,1.0,1.0,0.6582040786743164,0.08237534016370773,0.20379243791103363,0.3118889331817627,0.32837975025177,0.42331135272979736,0.7028722763061523,0.6794852018356323,32.0,3.274538040161133,1.0,-0.0007772218086756766,0.27293819189071655,0.927049994468689,0.8980806469917297,0.682332456111908,0.20420821011066437,0.18505200743675232,7.91683851275593e-05,9.985046744986903e-06,0.92933189868927,0.9271882176399231,0.7030034065246582,0.21507935225963593,0.20130100846290588,0.9292932748794556,0.9271594882011414,0.7031694054603577,0.2150227427482605,0.2012389600276947,151999,3.308624267578125,,,,,,,,,,,,,0.18731936812400818,0.05725613981485367,0.06932884454727173,0.621856689453125,0.34089744091033936,0.12245465815067291,0.0,0.12775540351867676,0.20675477385520935,0.5218295454978943,0.39407414197921753,0.18731936812400818
0.00787353515625,0.3245343565940857,0.0,0.0,0.0,0.5,0.22868463397026062,4.4330949783325195,0.0,0.8709385991096497,0.07500874996185303,1.8125,28.93658447265625,0,-5.142244815826416,0.6157174110412598,538.0108032226562,1.7224267721176147,0.9993187785148621,0.10000000149011612,0.495959609746933,0.02050255611538887,0.026381587609648705,1072.30615234375,0.0,2.5858771800994873,7321082.0,0.04866475239396095,0.2664487957954407,0.1584799438714981,128.0,9.411017417907715,11.165426254272461,1.4124693870544434,0.0,15814.0,7321083.0,958.0,0.0033516038674861193,0.0,1.0,0.0014124293811619282,7276354.5,2475315.0,1660.938720703125,1789.0,0.0,708.0,6663.0,7321082.0,-2.6513442993164062,-3.786475419998169,0.8226079940795898,0.11007978767156601,219.0,2048.0,2.541231632232666,0.5158854722976685,0.0,5.065938472747803,0.1785474717617035,,,-0.01624341681599617,7260227.0,-0.005910265725106001,0.0005311052082106471,1.0095367431640625,-0.0016074717277660966,8452.0,0.0,7321083.0,272.45458984375,279.0,0.0418730303645134,24.703489303588867,0.15011294186115265,0.9790751338005066,49.0,16384.0,0.07401346415281296,0.04447255656123161,0.19654197990894318,0.1604493409395218,0.07065217196941376,1677.5081787109375,0.6882280707359314,0.8883923888206482,1.4516246318817139,0.0012158190365880728,-0.39444202184677124,0.17960190773010254,0.035888671875,0.34143778681755066,0.48191505670547485,0.0,0.0019457327434793115,1.0,1.0,0.6591954231262207,0.0886775553226471,0.20308469235897064,0.3337506055831909,0.36871540546417236,0.42794930934906006,0.6967035531997681,0.6436545252799988,32.0,3.5630552768707275,1.0,-0.00077961222268641,0.27302849292755127,0.927080512046814,0.8980432748794556,0.6825973987579346,0.20385780930519104,0.18466228246688843,7.191655458882451e-05,3.472601019893773e-05,0.9293361306190491,0.9271810054779053,0.7031359672546387,0.214974507689476,0.2011898308992386,0.9293171167373657,0.9271210432052612,0.7035169005393982,0.21464915573596954,0.20077894628047943,152499,3.2888684272766113,,,,,,,,,,,,,0.19145435094833374,0.058231811970472336,0.07164331525564194,0.6148605346679688,0.3354162573814392,0.12515878677368164,0.0,0.12487483024597168,0.20498651266098022,0.5213156938552856,0.39644086360931396,0.19145435094833374
