aux/diversity_loss,aux/emotion_surprise_corr,carry/age_max,carry/age_mean,carry/broken_total,carry/data_frac,carry/delta_state_rms,carry/esn_state_rms,carry/frac,carry/nuc_state_rms,colony/diversity,emotion/abs_mean,emotion/tau_effective,epoch,esn/alpha,esn/decay_mean,esn/horizon_mean,esn/rel_norm,esn/slot_entropy_norm,esn/tau,global/slow_mean,layer_sens/abs_mean,layer_sens/diversity,mem/c_sub_mean,mem/cat_decisions_dropped_reassigned,mem/cat_emotion_std,mem/cat_join_hist_count,mem/cat_load_bias_mean,mem/cat_load_bias_spread,mem/cat_member_shadow_mean,mem/cat_size_max,mem/cat_size_mean,mem/cat_size_std,mem/cat_top_shadow,mem/cat_transform_events,mem/cat_transform_events_total,mem/commit_count,mem/docs_since_spawn,mem/drought_boost_mean,mem/emo_mag_nonfinite,mem/empty_categories,mem/empty_categories_frac,mem/idle_max,mem/idle_mean,mem/k_nov_mean,mem/merge_events_total,mem/merge_nn_sim_nonfinite,mem/n_categories,mem/n_slots,mem/novelty_history_count,mem/novelty_margin_max,mem/novelty_margin_mean,mem/null_bias,mem/null_mass,mem/occupied_slots_u_gt_thresh,mem/pending_decisions,mem/read_entropy,mem/read_entropy_norm,mem/sim_std_nonfinite,mem/sim_std_run_mean,mem/sim_std_run_std,mem/slot_cos_mean_direction_removed,mem/slot_cos_mean_raw,mem/spawn_bias_bias,mem/spawn_bias_n_updates,mem/spawn_bias_w_effort,mem/spawn_bias_w_emo,mem/spawn_bias_w_margin,mem/spawn_bias_w_std,mem/spawn_events_total,mem/spawn_rate,mem/total_docs_seen,mem/u_eff_slots,mem/u_mass_slots_p90,mem/u_mass_slots_p90_frac,mem/usage_max,mem/usage_mean,mem/usage_std,mem/write_events,mem/write_tokens,meta/gate_magnitude,meta/retention_mod_weight,nucleus/gate_delta_frac,nucleus/gate_nuc_frac,nucleus/half_life_collapse_frac,nucleus/half_life_mean,nucleus/wm_a_shift_rms_tracker_mean,nucleus/wm_a_shift_std_mean,retention/gate_delta_mag,retention/meta_directional_corr_within_block,retention/meta_gate_corr_across_blocks,router/cand_frac_doc_incumbent,router/cand_frac_doc_router,router/cand_frac_incumbent,router/cand_frac_router,router/degenerate_skips_total,router/grad_norm,router/in_control_next,router/isolation_verified,router/kl,router/lift_ema_incumbent,router/lift_ema_router,router/recall_doc_incumbent,router/recall_doc_router,router/recall_union_incumbent,router/recall_union_router,router/teacher_entropy_norm,router/temp,router/total_grad_norm,router/used_router,sig/col_dcryst_mean,sig/col_diversity,sig/col_phi1_mean,sig/col_phi2_mean,sig/col_phi3_mean,sig/col_phi4_mean,sig/col_phi5_mean,sig/delta_cryst,sig/glob_dcryst_slow,sig/glob_phi1_slow,sig/glob_phi2_slow,sig/glob_phi3_slow,sig/glob_phi4_slow,sig/glob_phi5_slow,sig/phi1_entropy,sig/phi2_norm,sig/phi3_alpha_mean,sig/phi4_beta_std,sig/phi5_beta_mean,step,train_loss,val_carry_window_frac,val_ppl_carry,val_ppl_carry_fresh,val_ppl_carry_gain,val_ppl_carry_mem_delta,val_ppl_carry_no_mem,val_ppl_cw_carry,val_ppl_cw_carry_no_mem,val_ppl_cw_fresh,val_ppl_mem_delta,val_ppl_no_mem,val_ppl_wikitext103,voice/gate_mean,voice/gate_std_channel,voice/gate_std_position,voice/round_delta_0,voice/round_delta_1,voice/round_delta_2,voice/round_gate_change_0,voice/round_gate_change_1,voice/round_gate_change_2,voice/round_gate_mean_0,voice/round_gate_mean_1,voice/round_gate_mean_2
1.0,0.05971015989780426,0.0,0.0,0.0,0.59375,0.14664486050605774,32.11292266845703,0.0,0.3879401981830597,0.016146963462233543,0.197265625,1.0813100337982178,0,-0.012811761349439621,0.9825395345687866,81.30928802490234,0.012822368182241917,0.996944010257721,0.9879968762397766,0.20630210638046265,0.002569387434050441,0.002527098171412945,1.0,0.0,0.0,23797.0,0.0,0.0,999.9823608398438,1.0,1.0,0.0,999.9823608398438,0.0,0.0,23798.0,23797.0,0.0,0.0,0.0,0.0,0.0,0.0,1.0,0.0,0.0,1.0,1.0,23797.0,0.0,0.0,-0.006601344794034958,0.331576943397522,1.0,0.0,0.0,0.0,0.0,0.0,1.0,,,0.0,0.0,0.0,0.0,1.0,0.0,1.0,0.0,23798.0,1.0,1.0,1.0,999.9823608398438,999.9823608398438,0.0,48.0,16384.0,0.0013035405427217484,0.002546092728152871,0.5194189548492432,0.5078100562095642,0.01666666753590107,229.13394165039062,0.10121563076972961,0.9810706377029419,0.042494986206293106,-0.0031129505950957537,-0.6297804117202759,,,,,0.0,0.0,,,,,,,,,,,,2.0828397274017334,,0.00420798035338521,0.23135194182395935,0.9491734504699707,0.9975032210350037,0.9259806275367737,0.01536310464143753,0.25020942091941833,0.0038003039080649614,0.0018516465788707137,0.2021043449640274,0.2125028371810913,0.1974475234746933,0.002088915789499879,0.05476619303226471,0.9502795338630676,0.9989495277404785,0.9264315962791443,0.01702914945781231,0.2498881220817566,499,7.846646308898926,,,,,,,,,,,,,0.1806003451347351,0.017713142558932304,0.011497930623590946,0.8370562195777893,0.14393216371536255,0.11523814499378204,0.0,0.0008334070444107056,0.0030376166105270386,0.17672932147979736,0.17756272852420807,0.1806003451347351
0.6640625,0.4049481451511383,0.0,0.0,0.0,0.625,0.13112196326255798,0.6751109957695007,0.0,0.33976277709007263,0.021118085831403732,0.251953125,1.846403956413269,0,-0.04876880720257759,0.47521477937698364,2.5400452613830566,0.04947558790445328,0.9652770757675171,0.951531708240509,0.32842451333999634,0.002637534635141492,0.002813845407217741,22.647058486938477,0.0,0.19212061166763306,48039.0,0.023512592539191246,0.14313006401062012,7.63116455078125,16.0,3.0,2.94594144821167,17.932294845581055,0.0,138.0,48040.0,285.0,0.0006068056682124734,0.0,0.0,0.0,13893.625,5280.50830078125,70.09803771972656,6.0,0.0,57.0,171.0,48039.0,-0.6056079864501953,-1.361510157585144,-0.01173854898661375,0.014731481671333313,35.0,2052.0,1.277055025100708,0.3628879487514496,0.0,1.9695409536361694,0.1852065473794937,,,-0.35739728808403015,13912.0,-0.05342384800314903,-0.28932008147239685,1.1676963567733765,0.12466800212860107,177.0,0.0,48040.0,16.458406448364258,14.0,0.08187134563922882,154.37496948242188,5.860829830169678,21.924768447875977,51.0,16384.0,0.001525017200037837,0.01925160363316536,0.5155746340751648,0.5047876238822937,0.0,183.8019561767578,0.254108726978302,1.1080875396728516,0.2566209137439728,-0.0004935864708386362,-0.34735724329948425,0.3024488389492035,0.2138671875,0.7368420958518982,0.3040935695171356,0.0,0.0019100431818515062,1.0,1.0,0.8509862422943115,0.36234399676322937,0.612543523311615,0.5278984308242798,0.6905977725982666,0.9914504289627075,0.7857265472412109,0.6092650294303894,8.215948104858398,0.8071436285972595,1.0,-0.01426074467599392,0.2341935783624649,0.9509726166725159,0.9985499978065491,0.8748606443405151,0.058259353041648865,0.23179017007350922,-0.01457845140248537,-0.0021453676745295525,0.49683329463005066,0.5222434401512146,0.47460484504699707,0.017761917784810066,0.12692932784557343,0.9510697722434998,0.9996634721755981,0.8703503608703613,0.06218131631612778,0.23299118876457214,999,6.493343353271484,,,,,,,,,,,,,0.14488151669502258,0.028638828545808792,0.026245834305882454,0.7056401968002319,0.1169082522392273,0.12747766077518463,0.0,0.0017340034246444702,0.005530700087547302,0.1376168131828308,0.13935081660747528,0.14488151669502258
0.5234375,0.39836710691452026,0.0,0.0,0.0,0.5,0.12036394327878952,0.4277617633342743,0.0,0.3309687077999115,0.03095294162631035,0.29296875,2.3411574363708496,0,-0.09468937665224075,0.31759175658226013,2.4565677642822266,0.09597086906433105,0.9579694271087646,0.9108304977416992,0.3992292284965515,0.0034675642382353544,0.004444803111255169,54.8863639831543,1.0,0.2285451740026474,72105.0,0.044731419533491135,0.19965286552906036,5.770676612854004,14.0,3.609375,3.8446714878082275,15.7813720703125,0.0,750.0,72106.0,67.0,0.00020437734201550484,0.0,0.0,0.0,31611.6328125,9518.6015625,102.88636016845703,34.0,0.0,64.0,231.0,72105.0,-0.4176206588745117,-1.6633968353271484,-0.023707296699285507,0.006420781370252371,30.0,2051.0,0.9632257223129272,0.24267463386058807,0.0,3.8963067531585693,0.5130457282066345,,,-0.3375844359397888,34787.0,-0.048339370638132095,-0.17521131038665771,1.1775959730148315,0.13767333328723907,265.0,0.0,72106.0,16.140567779541016,13.0,0.05627705529332161,158.18971252441406,4.346863746643066,18.931440353393555,44.0,16384.0,0.003774559125304222,0.029977422207593918,0.5058647394180298,0.5048342347145081,0.0,174.06288146972656,0.46766170859336853,1.0031107664108276,0.4838836193084717,0.014928004704415798,-0.4465724527835846,0.38054654002189636,0.302734375,0.7489177584648132,0.5497835278511047,0.0,0.001938847010023892,1.0,1.0,1.100205898284912,0.256240576505661,0.4093306064605713,0.747616708278656,0.8761802315711975,0.9996987581253052,0.9986164569854736,0.41260725259780884,8.613912582397461,0.8302491307258606,1.0,-0.010860377922654152,0.23198038339614868,0.9514368176460266,0.996817409992218,0.8070164918899536,0.08804211765527725,0.2070828229188919,-0.010441847145557404,-0.006761452648788691,0.675720751285553,0.7100659608840942,0.6150754690170288,0.04259537532925606,0.16495026648044586,0.9514493346214294,0.998701274394989,0.8043009638786316,0.09261756390333176,0.21464644372463226,1499,6.035585880279541,,,,,,,,,,,,,0.13667571544647217,0.03348715603351593,0.03146732598543167,0.6653268337249756,0.08583680540323257,0.09109148383140564,0.0,0.0010540485382080078,0.00299072265625,0.13263094425201416,0.13368499279022217,0.13667571544647217
0.1943359375,0.4169975817203522,0.0,0.0,0.0,0.53125,0.1182323545217514,0.48043709993362427,0.0,0.3512098789215088,0.03467520326375961,0.291015625,2.3544206619262695,0,-0.1404472142457962,0.36374005675315857,4.560295104980469,0.14112061262130737,0.9548950791358948,0.8732506036758423,0.4400577247142792,0.004591214936226606,0.006041404791176319,18.04347801208496,0.0,0.2658902406692505,96267.0,0.03974851965904236,0.19375011324882507,6.361782550811768,21.0,4.289473533630371,4.444669723510742,13.242762565612793,6.0,1007.0,96268.0,129.0,0.0003024069301318377,0.0,0.0,0.0,54310.8203125,17703.685546875,87.26087188720703,46.0,0.0,76.0,326.0,96267.0,-0.31916141510009766,-1.1191942691802979,-0.03042670153081417,0.0040180375799536705,34.0,2048.0,1.0596951246261597,0.25875407457351685,0.0,3.663034439086914,0.2236160933971405,,,-0.296431303024292,55067.0,-0.04097583517432213,-0.07950791716575623,1.16853666305542,0.04885395988821983,372.0,0.0,96268.0,17.27172088623047,16.0,0.04907975345849991,151.32257080078125,3.0757977962493896,16.135276794433594,46.0,16384.0,0.005953471176326275,0.03483300656080246,0.49339720606803894,0.49924415349960327,0.0,166.5409393310547,0.6068388223648071,0.952703595161438,0.6394368410110474,-0.06367086619138718,-0.46960878372192383,0.2959164083003998,0.2236328125,0.9233129024505615,0.7883435487747192,0.0,0.0009452687809243798,1.0,1.0,1.1646223068237305,0.08946910500526428,0.22226974368095398,0.6641390323638916,0.6747673153877258,0.9983439445495605,0.9246070384979248,0.5326521992683411,8.872862815856934,0.7911280393600464,1.0,-0.003990698605775833,0.23367545008659363,0.9512894153594971,0.9899777173995972,0.7817404866218567,0.09857180714607239,0.18212398886680603,-0.0035958625376224518,-0.006434156559407711,0.7842422723770142,0.8226194977760315,0.6836578845977783,0.0648789256811142,0.1800045222043991,0.9512938857078552,0.9927492141723633,0.7801282405853271,0.10406456142663956,0.1942395120859146,1999,5.867186069488525,,,,,,,,,,,,,0.13466045260429382,0.03923266381025314,0.03740234673023224,0.633468508720398,0.07335888594388962,0.07653811573982239,0.0,0.0007437765598297119,0.0019231736660003662,0.13199350237846375,0.13273727893829346,0.13466045260429382
0.1748046875,0.4127903878688812,0.0,0.0,0.0,0.6875,0.11976467072963715,0.5040333271026611,0.0,0.367397278547287,0.03746582195162773,0.259765625,2.1407275199890137,0,-0.1874314248561859,0.4020193815231323,7.293924808502197,0.18645097315311432,0.9602367281913757,0.835421085357666,0.4634013772010803,0.005665696691721678,0.0076180389150977135,15.325581550598145,10.0,0.29488226771354675,120364.0,0.03478725999593735,0.1705273538827896,6.022355556488037,31.0,5.204545497894287,5.733866214752197,11.388513565063477,1.0,1549.0,120365.0,491.0,0.0015380843542516232,0.0,0.0,0.0,78345.5234375,19820.4765625,96.48837280273438,52.0,0.0,88.0,458.0,120364.0,-0.7212495803833008,-1.821718454360962,-0.03427144140005112,0.003409090917557478,69.0,2051.0,1.1795217990875244,0.2591206431388855,0.0,4.423357009887695,0.22052332758903503,,,-0.2106524258852005,72584.0,-0.028670085594058037,-0.020961929112672806,1.1182018518447876,0.04449141025543213,510.0,0.0,120365.0,36.14796829223633,38.0,0.08296943455934525,128.89866638183594,2.187265157699585,10.412052154541016,43.0,16384.0,0.00802098959684372,0.037636272609233856,0.4839094281196594,0.49383649230003357,0.0,164.05857849121094,0.696579098701477,0.9236798882484436,0.7658781409263611,-0.01641693152487278,-0.45587268471717834,0.28125,0.255859375,1.0,0.8602620363235474,0.0,0.0007025982486084104,1.0,1.0,1.031059980392456,0.051583804190158844,0.1465231478214264,0.7502222657203674,0.7834988832473755,1.0,0.9925500750541687,0.5556155443191528,9.186935424804688,0.7554052472114563,1.0,-0.002211787970736623,0.23401668667793274,0.9507548213005066,0.9800286889076233,0.7700855135917664,0.10711902379989624,0.1685250997543335,-0.0018136983271688223,-0.004871451761573553,0.8499009013175964,0.8875929117202759,0.7191301584243774,0.08231543004512787,0.1827460080385208,0.9507883787155151,0.9835160970687866,0.7692649364471436,0.1130029708147049,0.18214459717273712,2499,5.615691184997559,,,,,,,,,,,,,0.136064812541008,0.04446490481495857,0.04239155352115631,0.6144008636474609,0.07339105010032654,0.07514245808124542,0.0,0.0005643367767333984,0.0013535767793655396,0.13414689898490906,0.13471123576164246,0.136064812541008
0.0859375,0.4081297516822815,0.0,0.0,0.0,0.53125,0.12117170542478561,0.5740488767623901,0.0,0.3919944763183594,0.03960440307855606,0.2255859375,1.8610129356384277,0,-0.23515087366104126,0.41450852155685425,11.997005462646484,0.23119528591632843,0.963201105594635,0.7951971292495728,0.47639888525009155,0.006713244132697582,0.009091547690331936,25.489795684814453,10.0,0.2937132716178894,144228.0,0.03917696326971054,0.21582737565040588,3.319971799850464,28.0,5.333333492279053,5.517429828643799,10.75329303741455,4.0,2061.0,144229.0,70.0,0.00017310201656073332,0.0,3.0,0.032258063554763794,102209.2421875,15743.6689453125,109.53060913085938,182.0,0.0,93.0,496.0,144228.0,-0.35779762268066406,-1.2775524854660034,-0.02949170209467411,0.0027395584620535374,90.0,2054.0,1.0641002655029297,0.22744373977184296,0.0,4.979602336883545,0.2790665328502655,,,-0.16421829164028168,92445.0,-0.022217700257897377,0.004993449430912733,1.0948853492736816,0.021438442170619965,678.0,0.0,144229.0,51.3231086730957,52.0,0.10483870655298233,99.79798889160156,2.020730495452881,8.085126876831055,49.0,16384.0,0.010118452832102776,0.03971207141876221,0.47448474168777466,0.48790431022644043,0.0,167.34344482421875,0.7602525353431702,0.9257699251174927,0.8675652742385864,-0.01927551068365574,-0.4540580213069916,0.28288811445236206,0.25390625,1.0,0.9475806355476379,0.0,0.0006769750034436584,1.0,1.0,0.7541074752807617,0.002270947676151991,0.058274079114198685,0.7931292653083801,0.7947887778282166,1.0,0.9982457160949707,0.607181966304779,9.524001121520996,0.7329827547073364,1.0,-0.001450945041142404,0.23434190452098846,0.95015949010849,0.9709177613258362,0.7625648379325867,0.1122225895524025,0.15931516885757446,-0.0010585710406303406,-0.003553717629984021,0.8894938230514526,0.9234894514083862,0.7372249960899353,0.09561292082071304,0.18063245713710785,0.9502197504043579,0.9745869636535645,0.7622687220573425,0.11893535405397415,0.1738806813955307,2999,5.505057334899902,,,,,,,,,,,,,0.13612687587738037,0.048520468175411224,0.04622305929660797,0.5988187789916992,0.07640431821346283,0.07707150280475616,0.0,0.0003750622272491455,0.0008276104927062988,0.13492420315742493,0.13529926538467407,0.13612687587738037
0.0849609375,0.3781886398792267,0.0,0.0,0.0,0.5,0.1232195720076561,0.5792418718338013,0.0,0.4023910462856293,0.04165942594408989,0.2138671875,1.7429486513137817,0,-0.2828727662563324,0.41145339608192444,12.718184471130371,0.27575448155403137,0.9641459584236145,0.7553591132164001,0.4837043285369873,0.007661337498575449,0.010409630835056305,50.911109924316406,0.0,0.2975122928619385,168271.0,0.036659326404333115,0.22159039974212646,2.2879576683044434,28.0,5.46999979019165,5.221275806427002,10.043802261352539,1.0,2487.0,168272.0,318.0,0.0010545507539063692,0.0,2.0,0.019999999552965164,119553.0,14248.326171875,139.0,332.0,0.0,100.0,547.0,168271.0,-0.8561592102050781,-1.9392720460891724,-0.01764436811208725,0.0035988125018775463,61.0,2056.0,1.2311768531799316,0.281999409198761,0.0,5.231800079345703,0.2217615395784378,,,-0.18608862161636353,113553.0,-0.025180302560329437,0.010521026328206062,1.1122033596038818,0.005059362389147282,879.0,0.0,168272.0,43.224090576171875,38.0,0.06946983188390732,84.49239349365234,1.8318114280700684,7.908548831939697,45.0,16384.0,0.012046108953654766,0.04009002447128296,0.4657600224018097,0.4800146520137787,0.01666666753590107,166.99871826171875,0.7963483333587646,0.9230297207832336,0.9284375905990601,-0.020490938797593117,-0.45007801055908203,0.280335932970047,0.18359375,1.0,0.9488117098808289,0.0,0.0005421104142442346,1.0,1.0,0.6975600719451904,-5.4918145906412974e-05,0.04546134173870087,0.8230241537094116,0.731311559677124,1.0,0.9879065752029419,0.5801142454147339,9.861607551574707,0.8633062243461609,1.0,-0.0015957055147737265,0.2340344935655594,0.9495906829833984,0.9635301828384399,0.7566598057746887,0.11776252090930939,0.15622587502002716,-0.0012220757780596614,-0.0025383271276950836,0.9132882356643677,0.9419445395469666,0.7461051344871521,0.10622575879096985,0.17739930748939514,0.9496660828590393,0.9672112464904785,0.7572587132453918,0.12524788081645966,0.1718885898590088,3499,5.357685089111328,,,,,,,,,,,,,0.1378675103187561,0.051710303872823715,0.04923173785209656,0.5763800144195557,0.08188772201538086,0.08178210258483887,0.0,0.00032001733779907227,0.0006330907344818115,0.13691440224647522,0.1372344195842743,0.1378675103187561
0.0791015625,0.3808445632457733,0.0,0.0,0.0,0.59375,0.12427074462175369,0.6055352687835693,0.0,0.41569289565086365,0.04289586842060089,0.216796875,1.7375253438949585,0,-0.33024129271507263,0.40941542387008667,14.255141258239746,0.319217711687088,0.9688791632652283,0.7139312624931335,0.4876117706298828,0.008684597909450531,0.011708651669323444,44.36000061035156,1.0,0.28515058755874634,192493.0,0.04487098380923271,0.24676533043384552,1.5558379888534546,25.0,6.058252334594727,5.586793422698975,9.709006309509277,2.0,2864.0,192494.0,182.0,0.0006034175166860223,0.0,1.0,0.009708737954497337,143773.78125,16307.900390625,139.27999877929688,476.0,0.0,103.0,624.0,192493.0,-0.2291088104248047,-1.447645664215088,-0.007195011712610722,0.0025697825476527214,68.0,2077.0,1.2147181034088135,0.268481969833374,0.0,5.583723068237305,0.24229197204113007,,,-0.20793010294437408,136180.0,-0.028305012732744217,-0.0003748511371668428,1.1261858940124512,-0.0017346981912851334,1100.0,0.0,192494.0,43.53813934326172,40.0,0.06410256773233414,82.17508697509766,1.612585425376892,7.781483173370361,50.0,16384.0,0.013968255370855331,0.04131297022104263,0.45660221576690674,0.47087156772613525,0.01666666753590107,171.021240234375,0.8233907222747803,0.9162378907203674,0.9693124890327454,-0.028452567756175995,-0.4425031244754791,0.2172475904226303,0.1796875,1.0,1.0,0.0,0.000592842057812959,1.0,1.0,0.7759160995483398,0.0023668603971600533,0.018077004700899124,0.776284396648407,0.719961404800415,1.0,1.0,0.6105173230171204,10.228306770324707,0.7850667238235474,1.0,-0.000982759753242135,0.2337719351053238,0.9489456415176392,0.9572548270225525,0.7520008683204651,0.12031705677509308,0.1540270745754242,-0.0005484654102474451,-0.0018858880503103137,0.9274783730506897,0.9505801200866699,0.7495529055595398,0.11450845003128052,0.17503507435321808,0.9490640163421631,0.9611381888389587,0.7533878087997437,0.12843704223632812,0.1706436276435852,3999,5.344030380249023,,,,,,,,,,,,,0.13944946229457855,0.05440777912735939,0.05215997248888016,0.5529552102088928,0.08633245527744293,0.08556054532527924,0.0,0.00022049248218536377,0.0003596395254135132,0.13886933028697968,0.13908982276916504,0.13944946229457855
0.05712890625,0.3829696476459503,0.0,0.0,0.0,0.40625,0.12511946260929108,0.6198022365570068,0.0,0.4295344650745392,0.044166527688503265,0.224609375,1.7973943948745728,0,-0.37729811668395996,0.42382681369781494,18.362667083740234,0.3614610433578491,0.9715522527694702,0.6740000247955322,0.4894455075263977,0.009774369187653065,0.012982102110981941,74.30908966064453,0.0,0.28352656960487366,216546.0,0.04693678021430969,0.2634194493293762,1.4324551820755005,26.0,6.401785850524902,5.728795528411865,8.93206787109375,0.0,3069.0,216547.0,77.0,0.00017445928824599832,0.0,0.0,0.0,167826.78125,23845.009765625,174.6727294921875,557.0,0.0,112.0,717.0,216546.0,-0.13875198364257812,-1.7451945543289185,-0.0010988395661115646,0.0013306349283084273,77.0,2053.0,1.1404805183410645,0.24344608187675476,0.0,5.6292009353637695,0.22910000383853912,,,-0.21837981045246124,159520.0,-0.02999771572649479,-0.015184102579951286,1.1316378116607666,-0.005457166116684675,1274.0,0.0,216547.0,49.394161224365234,44.0,0.06136680766940117,58.741416931152344,1.3967673778533936,6.3653340339660645,55.0,16384.0,0.015940172597765923,0.04211573302745819,0.44751667976379395,0.46202120184898376,0.01666666753590107,179.19320678710938,0.8283173441886902,0.9109647870063782,1.011383056640625,-0.01568630151450634,-0.4490694999694824,0.22354428470134735,0.177734375,1.0,0.9860529899597168,0.0,0.0005137288826517761,1.0,1.0,0.7540392875671387,0.00440274877473712,0.018490957096219063,0.7539934515953064,0.6516507267951965,1.0,0.9922653436660767,0.6290457248687744,10.610994338989258,0.8136267066001892,1.0,-0.0010928873671218753,0.23369091749191284,0.9483092427253723,0.9519370794296265,0.7481656670570374,0.12136825919151306,0.15241394937038422,-0.0006945549394004047,-0.0013844732893630862,0.935859203338623,0.953611433506012,0.7503989338874817,0.12028863281011581,0.17307429015636444,0.9484896659851074,0.9559905529022217,0.7501940727233887,0.1299622654914856,0.16987638175487518,4499,5.157679557800293,,,,,,,,,,,,,0.13991305232048035,0.056335680186748505,0.05421088635921478,0.5376728773117065,0.08915302157402039,0.08778049051761627,0.0,8.186697959899902e-05,3.7223100662231445e-05,0.13979396224021912,0.13987582921981812,0.13991305232048035
0.052734375,0.3898766338825226,0.0,0.0,0.0,0.53125,0.12691915035247803,0.6268174648284912,0.0,0.43646174669265747,0.04404100775718689,0.2314453125,1.8648183345794678,0,-0.4244178831577301,0.4359661936759949,21.51637840270996,0.4032990038394928,0.9733651876449585,0.6348556876182556,0.490003764629364,0.010915081948041916,0.014249531552195549,166.64285278320312,1.0,0.27958956360816956,240666.0,0.044887054711580276,0.23764891922473907,0.9856262803077698,34.0,6.794872283935547,6.987104415893555,8.547415733337402,0.0,3410.0,240667.0,81.0,0.00023408507695421576,0.0,0.0,0.0,191946.78125,24456.068359375,266.1190490722656,645.0,0.0,117.0,795.0,240666.0,-0.5548229217529297,-1.9951368570327759,0.005862792022526264,0.011942978948354721,87.0,2055.0,1.217421531677246,0.2719932198524475,0.0,5.504716873168945,0.27982717752456665,,,-0.20430871844291687,181458.0,-0.028293291106820107,-0.015710510313510895,1.1260982751846313,-0.020026911050081253,1440.0,0.0,240667.0,70.14423370361328,59.0,0.07421384006738663,50.9724235534668,1.26024329662323,4.976136207580566,42.0,16384.0,0.017972858622670174,0.04221445322036743,0.43786075711250305,0.4535258114337921,0.01666666753590107,178.17166137695312,0.8297805190086365,0.918843686580658,1.0385342836380005,-0.01506982184946537,-0.4682299792766571,0.1988600641489029,0.1513671875,1.0,0.9773585200309753,0.0,0.0007535418844781816,1.0,1.0,0.7429254055023193,0.004855162464082241,0.020564613863825798,0.7750263214111328,0.6854504346847534,1.0,0.9999361634254456,0.6049904227256775,10.946823120117188,0.850244402885437,1.0,-0.000700702250469476,0.23376235365867615,0.9477522969245911,0.947435200214386,0.7455556392669678,0.1222330704331398,0.14896489679813385,-0.00037567864637821913,-0.0010369830997660756,0.9407278299331665,0.9536017179489136,0.7498064041137695,0.12448989599943161,0.17136412858963013,0.9479873776435852,0.9515950083732605,0.7479497194290161,0.13142168521881104,0.16703550517559052,4999,5.10676908493042,,,,,,,,,,,,,0.1410321742296219,0.05776335299015045,0.055805809795856476,0.5167921781539917,0.0942724198102951,0.09224198758602142,0.0,2.3111701011657715e-05,0.00010178983211517334,0.1411108523607254,0.14113396406173706,0.1410321742296219
0.05615234375,0.40219300985336304,0.0,0.0,0.0,0.625,0.12722884118556976,0.680018424987793,0.0,0.4487047493457794,0.045163437724113464,0.251953125,1.960146427154541,0,-0.47077733278274536,0.450844407081604,20.843429565429688,0.44400984048843384,0.9780405759811401,0.5956085920333862,0.48967456817626953,0.011951383203268051,0.015377058647572994,89.93333435058594,5.0,0.2805081009864807,264659.0,0.0467413067817688,0.25826820731163025,1.0766119956970215,39.0,7.5714287757873535,7.634191036224365,8.410540580749512,0.0,3702.0,264660.0,356.0,0.0012406869791448116,0.0,0.0,0.0,215939.53125,26604.0546875,199.1777801513672,763.0,0.0,119.0,901.0,264659.0,-0.3930034637451172,-1.5736161470413208,0.009655035100877285,0.002462114905938506,82.0,2048.0,1.0046594142913818,0.22636711597442627,0.0,5.800189018249512,0.33840030431747437,,,-0.2017718255519867,204302.0,-0.028208835050463676,-0.025215137749910355,1.1261905431747437,-0.0025357031263411045,1664.0,0.0,264660.0,55.508079528808594,50.0,0.05549389496445656,60.31816482543945,1.1141728162765503,5.422281742095947,45.0,16384.0,0.019673649221658707,0.04334389418363571,0.42953839898109436,0.4449610412120819,0.01666666753590107,175.9131622314453,0.824946403503418,0.899674654006958,1.0674570798873901,-0.010538220405578613,-0.4782538115978241,0.2104606032371521,0.14453125,1.0,0.9822419285774231,0.0,0.0007695098174735904,1.0,1.0,0.8057622909545898,0.003019255818799138,0.01634770631790161,0.7527742385864258,0.6787620186805725,1.0,0.9967654943466187,0.5615079998970032,11.31503963470459,0.8394621014595032,1.0,-0.001159937703050673,0.23350778222084045,0.9471346735954285,0.942690372467041,0.741661548614502,0.12317749857902527,0.14619101583957672,-0.0008032072801142931,-0.0008749388507567346,0.9434739351272583,0.9518685936927795,0.748445451259613,0.12738509476184845,0.16896042227745056,0.9474392533302307,0.9471181631088257,0.7445285320281982,0.13257381319999695,0.1644142121076584,5499,4.9924798011779785,,,,,,,,,,,,,0.141805499792099,0.05905868113040924,0.05727194994688034,0.5001826286315918,0.09603864699602127,0.09351988136768341,0.0,3.656744956970215e-05,0.00023128092288970947,0.1420733481645584,0.1420367807149887,0.141805499792099
0.05419921875,0.37429502606391907,0.0,0.0,0.0,0.46875,0.12799666821956635,0.7782654166221619,0.0,0.45841139554977417,0.046661388128995895,0.255859375,2.0656063556671143,0,-0.5168506503105164,0.43583565950393677,14.953909873962402,0.4820469617843628,0.9796895384788513,0.55673748254776,0.4889872968196869,0.012905477546155453,0.016426390036940575,103.78260803222656,0.0,0.27983778715133667,288613.0,0.04585208743810654,0.24650441110134125,1.147993803024292,53.0,7.648000240325928,8.312695503234863,8.01918888092041,0.0,3959.0,288614.0,90.0,0.00025844291667453945,0.0,0.0,0.0,239652.296875,35887.890625,215.47825622558594,780.0,0.0,125.0,956.0,288613.0,-0.7467861175537109,-1.7871983051300049,0.01396523043513298,0.0014717585872858763,85.0,2056.0,1.2847187519073486,0.2652069330215454,0.0,5.990033149719238,0.336210697889328,,,-0.18878014385700226,226067.0,-0.026629043743014336,-0.02696218527853489,1.1225578784942627,0.0031210710294544697,1736.0,0.0,288614.0,66.110595703125,57.0,0.05962343141436577,51.330047607421875,1.0499672889709473,4.620064735412598,46.0,16384.0,0.02143416367471218,0.04339993745088577,0.41978955268859863,0.4370141625404358,0.01666666753590107,173.19134521484375,0.8214361667633057,0.8987186551094055,1.0878690481185913,-0.01887907274067402,-0.4770442545413971,0.2230648547410965,0.1708984375,0.9487447738647461,0.9728033542633057,0.0,0.0006333834026008844,1.0,1.0,0.8177812099456787,0.004590336699038744,0.020919840782880783,0.7790275812149048,0.72792649269104,0.9885227680206299,0.9997602105140686,0.5607804656028748,11.6820650100708,0.843880295753479,1.0,-0.0007631323533132672,0.23336975276470184,0.9465445280075073,0.9387698769569397,0.739244282245636,0.12355144321918488,0.14401188492774963,-0.0004198669921606779,-0.0007226485176943243,0.944926917552948,0.9491561055183411,0.7464033961296082,0.12958206236362457,0.16678854823112488,0.9469147324562073,0.943340539932251,0.7423650622367859,0.13319218158721924,0.16245758533477783,5999,4.784631729125977,,,,,,,,,,,,,0.14361190795898438,0.06035895645618439,0.05837756395339966,0.48394468426704407,0.09848903119564056,0.09560532122850418,0.0,0.00010818243026733398,0.000399172306060791,0.1441192626953125,0.14401108026504517,0.14361190795898438
0.050537109375,0.3583868443965912,0.0,0.0,0.0,0.4375,0.12808458507061005,0.7484692931175232,0.0,0.47588297724723816,0.04665819928050041,0.2734375,2.1682827472686768,0,-0.561898410320282,0.4365319609642029,18.751874923706055,0.519212007522583,0.9821066856384277,0.5187710523605347,0.48813682794570923,0.01378554292023182,0.01734151877462864,100.80000305175781,3.0,0.2862243056297302,312563.0,0.05046309158205986,0.26650896668434143,0.7344529628753662,69.0,8.7384614944458,10.321614265441895,7.72579288482666,0.0,4207.0,312564.0,561.0,0.00241046492010355,0.0,0.0,0.0,263602.3125,41914.09765625,220.0399932861328,812.0,0.0,130.0,1136.0,312563.0,-0.28954315185546875,-1.8036081790924072,0.02183789201080799,0.0011513072531670332,113.0,2048.0,1.199239730834961,0.23713040351867676,0.0,5.482432842254639,0.4303224980831146,,,-0.18473580479621887,249063.0,-0.026275282725691795,-0.021777048707008362,1.1181299686431885,-0.00928585510700941,1948.0,0.0,312564.0,70.93091583251953,77.0,0.06778168678283691,79.28166961669922,0.8847861289978027,4.879815578460693,50.0,16384.0,0.0229335967451334,0.04322019964456558,0.411998450756073,0.43059056997299194,0.01666666753590107,190.991455078125,0.8097658157348633,0.9114152193069458,1.1034685373306274,-0.02770184725522995,-0.48670050501823425,0.22719520330429077,0.1806640625,1.0,0.9542253613471985,0.0,0.0009576557786203921,1.0,1.0,0.9613544940948486,0.004371273797005415,0.02836007997393608,0.7221604585647583,0.6764297485351562,1.0,0.9991856813430786,0.5577887296676636,12.062231063842773,0.9251202344894409,1.0,-0.0006795851513743401,0.23321831226348877,0.9459774494171143,0.9355374574661255,0.7369751930236816,0.12429502606391907,0.14202085137367249,-0.00032770485267974436,-0.0006004320457577705,0.9456061124801636,0.9462019205093384,0.7443170547485352,0.1312541514635086,0.16469864547252655,0.9464155435562134,0.9402427077293396,0.7403340339660645,0.1340264528989792,0.16054493188858032,6499,4.92408561706543,,,,,,,,,,,,,0.14506329596042633,0.06226525455713272,0.06037396565079689,0.47047728300094604,0.10156260430812836,0.09809408336877823,0.0,0.00021415948867797852,0.0006103068590164185,0.14588776230812073,0.14567360281944275,0.14506329596042633
0.045654296875,0.3787723481655121,0.0,0.0,0.0,0.65625,0.12864266335964203,0.7545984983444214,0.0,0.47282519936561584,0.04610949754714966,0.28125,2.2513420581817627,0,-0.6066074371337891,0.4719526469707489,23.457094192504883,0.5540730953216553,0.9839958548545837,0.4797115623950958,0.4873398542404175,0.014640672132372856,0.018195368349552155,43.081634521484375,2.0,0.2848288118839264,336636.0,0.05129104480147362,0.2658935785293579,0.8943474292755127,63.0,9.066666603088379,10.840224266052246,7.453892230987549,0.0,4395.0,336637.0,60.0,0.0001307471829932183,0.0,0.0,0.0,287675.3125,53144.82421875,172.75509643554688,828.0,0.0,135.0,1224.0,336636.0,-0.12468528747558594,-1.0486438274383545,0.03420467674732208,0.002506776712834835,80.0,2049.0,1.2360496520996094,0.23750615119934082,0.0,5.762965202331543,0.3351403474807739,,,-0.17751814424991608,271449.0,-0.025472741574048996,-0.020167728886008263,1.1169058084487915,-0.0026249221991747618,2052.0,0.0,336637.0,48.08675765991211,48.0,0.03921568766236305,88.0307846069336,0.8201168179512024,5.305079460144043,49.0,16384.0,0.024445947259664536,0.04365867003798485,0.4028240442276001,0.41921257972717285,0.01666666753590107,183.81021118164062,0.7974017858505249,0.8873891830444336,1.1258147954940796,-0.029872873798012733,-0.5225282311439514,0.24129390716552734,0.181640625,1.0,0.923202633857727,0.0,0.0008088930626399815,1.0,1.0,0.9459624290466309,0.0036911610513925552,0.023122070357203484,0.6970686912536621,0.6255110502243042,1.0,0.9863159656524658,0.594713568687439,12.409682273864746,0.8848506212234497,1.0,-0.00044071191223338246,0.23288609087467194,0.9454850554466248,0.9326512217521667,0.7352306842803955,0.12567771971225739,0.14070086181163788,-6.60876976326108e-05,-0.00048711473937146366,0.9458369016647339,0.943291425704956,0.7423808574676514,0.13261692225933075,0.1628119796514511,0.9459739923477173,0.9374380111694336,0.7389894127845764,0.13536085188388824,0.1591588854789734,6999,5.019031524658203,,,,,,,,,,,,,0.1452597826719284,0.0629681646823883,0.06096231937408447,0.454620897769928,0.10578909516334534,0.10057365149259567,0.0,0.0004861801862716675,0.0010743290185928345,0.1468202918767929,0.14633411169052124,0.1452597826719284
0.041748046875,0.37246572971343994,0.0,0.0,0.0,0.4375,0.12833185493946075,0.7581493258476257,0.0,0.47740036249160767,0.04743814468383789,0.294921875,2.3370373249053955,0,-0.6508199572563171,0.4644901752471924,20.38231658935547,0.5890299677848816,0.9862881898880005,0.4425724744796753,0.48637956380844116,0.015388843603432178,0.018961435183882713,86.90908813476562,0.0,0.2964063286781311,360677.0,0.05098859220743179,0.26549288630485535,0.899332582950592,67.0,9.358620643615723,11.216107368469238,6.923544883728027,0.0,4511.0,360678.0,251.0,0.0007824472850188613,0.0,0.0,0.0,311716.3125,64650.87890625,221.5272674560547,834.0,0.0,145.0,1357.0,360677.0,-0.5050392150878906,-1.6179745197296143,0.04623396322131157,0.0021078470163047314,81.0,2048.0,1.3651126623153687,0.26818132400512695,0.0,5.775911331176758,0.3131082355976105,,,-0.17714565992355347,295267.0,-0.02561669982969761,-0.02654324658215046,1.1113133430480957,-0.0028185665141791105,2191.0,0.0,360678.0,42.95166015625,43.0,0.03168754652142525,84.08480834960938,0.7390116453170776,5.292661190032959,55.0,16384.0,0.025650039315223694,0.04390394687652588,0.39412808418273926,0.41054221987724304,0.01666666753590107,187.48892211914062,0.7877088189125061,0.8909532427787781,1.1458348035812378,-0.011136624962091446,-0.5206398963928223,0.21651621162891388,0.1494140625,1.0,0.927781879901886,0.0,0.0007369124214164913,1.0,1.0,0.8697600364685059,0.006142644677311182,0.04955313727259636,0.6721476316452026,0.6543972492218018,1.0,0.9758390188217163,0.5954241156578064,12.780655860900879,0.8690775036811829,1.0,-0.0008464748971164227,0.2328820824623108,0.9449095129966736,0.9292109608650208,0.7336953282356262,0.12564904987812042,0.13884049654006958,-0.000561135180760175,-0.0003836828109342605,0.9457822442054749,0.9402751922607422,0.740902841091156,0.13359518349170685,0.16084621846675873,0.9454634189605713,0.934205949306488,0.7375291585922241,0.13548913598060608,0.15732459723949432,7499,4.874703407287598,,,,,,,,,,,,,0.14524927735328674,0.06262707710266113,0.06161096692085266,0.43379807472229004,0.10551002621650696,0.1002972424030304,0.0,0.0006353408098220825,0.001318231225013733,0.14720284938812256,0.14656750857830048,0.14524927735328674
0.055419921875,0.3490738570690155,0.0,0.0,0.0,0.65625,0.1298227161169052,0.7615141868591309,0.0,0.5043001770973206,0.04858596250414848,0.302734375,2.424922227859497,0,-0.694621741771698,0.45002156496047974,16.871871948242188,0.6226319074630737,0.9883733987808228,0.4053516387939453,0.48553547263145447,0.016175946220755577,0.019790221005678177,78.09803771972656,0.0,0.2929267883300781,384724.0,0.05249482020735741,0.27366334199905396,1.2639373540878296,70.0,8.398843765258789,10.792838096618652,5.798823833465576,0.0,4563.0,384725.0,818.0,0.0025434433482587337,0.0,0.0,0.0,335763.3125,77962.5390625,235.35293579101562,849.0,0.0,173.0,1453.0,384724.0,-0.3404579162597656,-1.3258635997772217,0.05616015940904617,0.0023687765933573246,77.0,2060.0,1.3948720693588257,0.27221542596817017,0.0,5.36313009262085,0.24457664787769318,,,-0.1723877340555191,318993.0,-0.025131279602646828,-0.023384131491184235,1.1019035577774048,-0.025470169261097908,2302.0,0.0,384725.0,44.34358596801758,45.0,0.030970405787229538,79.05762481689453,0.6894876956939697,4.97265625,51.0,16384.0,0.02696758322417736,0.04444166272878647,0.38630974292755127,0.40313827991485596,0.01666666753590107,193.32725524902344,0.7793059945106506,0.9021769762039185,1.1582225561141968,-0.0025908146053552628,-0.5392433404922485,0.19812457263469696,0.138671875,0.9862353801727295,0.8699243068695068,0.0,0.0008638451690785587,1.0,1.0,0.9717502593994141,0.007379469927400351,0.09090474247932434,0.7099146246910095,0.6740723848342896,0.9994378089904785,0.9952480792999268,0.5534142255783081,13.14957046508789,1.0174086093902588,1.0,-0.00044196733506396413,0.23296785354614258,0.9444817304611206,0.9269844889640808,0.7326015830039978,0.12562641501426697,0.13758377730846405,-9.923774632625282e-05,-0.0003244627150706947,0.9455853700637817,0.9374531507492065,0.7393549084663391,0.13449537754058838,0.15931259095668793,0.9450929760932922,0.9321326017379761,0.7367235422134399,0.1356140822172165,0.15624834597110748,7999,4.728342533111572,,,,,,,,,,,,,0.14749881625175476,0.06412219256162643,0.062423836439847946,0.4180997312068939,0.1071423888206482,0.10180661082267761,0.0,0.0006536245346069336,0.0013586580753326416,0.14951109886169434,0.1488574743270874,0.14749881625175476
0.041015625,0.36450615525245667,0.0,0.0,0.0,0.71875,0.13166292011737823,0.857052206993103,0.0,0.5046641230583191,0.05057504400610924,0.3125,2.5132412910461426,0,-0.73766028881073,0.4688398241996765,14.738312721252441,0.6545258164405823,0.9903157949447632,0.37062695622444153,0.484686017036438,0.01685369946062565,0.020494118332862854,131.22222900390625,0.0,0.3009182810783386,408742.0,0.051462121307849884,0.27011817693710327,0.9600808620452881,69.0,7.888888835906982,9.805737495422363,5.322157859802246,0.0,4619.0,408743.0,1.0,0.0005774214514531195,0.0,0.0,0.0,359781.3125,86363.9609375,296.0888977050781,920.0,0.0,189.0,1491.0,408742.0,0.15415000915527344,-1.4727319478988647,0.06323309987783432,0.0018340622773393989,78.0,2048.0,1.2353887557983398,0.2486766278743744,0.0,5.066402912139893,0.21038928627967834,,,-0.16693629324436188,342959.0,-0.0245385579764843,-0.019716398790478706,1.0925830602645874,-0.029432205483317375,2411.0,0.02222222276031971,408743.0,45.194454193115234,43.0,0.028839705511927605,103.86759948730469,0.6721743941307068,4.977170467376709,45.0,16384.0,0.028125600889325142,0.0445975698530674,0.37996387481689453,0.3970720171928406,0.01666666753590107,196.99546813964844,0.7690823078155518,0.9089614152908325,1.1751964092254639,-0.0005697975866496563,-0.5300644636154175,0.18372483551502228,0.11572265625,0.9798657894134521,0.8348993062973022,0.0,0.0007820414612069726,1.0,1.0,1.012784481048584,0.007835695520043373,0.1302500069141388,0.6854889392852783,0.664577066898346,0.9993299841880798,0.9852285385131836,0.5381361246109009,13.527156829833984,0.9822459816932678,1.0,-0.0005265222862362862,0.23318278789520264,0.9439429640769958,0.9241459369659424,0.73105788230896,0.12581060826778412,0.13649621605873108,-0.0002589818323031068,-0.00030748057179152966,0.9452937245368958,0.934809684753418,0.7379635572433472,0.13500185310840607,0.15788626670837402,0.9445998668670654,0.9294553399085999,0.7351720929145813,0.1361304372549057,0.15531915426254272,8499,4.6289520263671875,,,,,,,,,,,,,0.14756590127944946,0.06414997577667236,0.06286026537418365,0.40792858600616455,0.10788525640964508,0.10206377506256104,0.0,0.0008438527584075928,0.0016545355319976807,0.15006428956985474,0.14922043681144714,0.14756590127944946
0.048095703125,0.37544935941696167,0.0,0.0,0.0,0.53125,0.13172811269760132,0.8581863045692444,0.0,0.5093252062797546,0.04956047236919403,0.326171875,2.5951731204986572,0,-0.7799254655838013,0.47349679470062256,14.825030326843262,0.6844973564147949,0.9918448328971863,0.3368750214576721,0.4840017259120941,0.01745697669684887,0.021068979054689407,110.13043212890625,0.0,0.3048290014266968,432936.0,0.04887372627854347,0.2609845697879791,0.9722219705581665,71.0,7.519230842590332,9.35554313659668,4.832162857055664,1.0,4671.0,432937.0,0.0,0.001116215600632131,0.0,0.0,0.0,383975.3125,98530.71875,295.2173767089844,953.0,0.0,208.0,1564.0,432936.0,0.13376808166503906,-1.526794195175171,0.0722583532333374,0.0016224090941250324,72.0,2055.0,1.3718608617782593,0.2678889036178589,0.0,4.984842777252197,0.1955614984035492,,,-0.1610473245382309,367159.0,-0.02385927550494671,-0.01683942787349224,1.0886834859848022,-0.026697251945734024,2517.0,0.021739130839705467,432937.0,43.22208023071289,39.0,0.02493606135249138,88.58853149414062,0.6406756639480591,4.778069496154785,46.0,16384.0,0.029118496924638748,0.04451759159564972,0.374927818775177,0.39186838269233704,0.01666666753590107,189.91172790527344,0.7624045610427856,0.8931591510772705,1.1841367483139038,-0.012962821871042252,-0.5507876873016357,0.17677029967308044,0.134765625,0.9021739363670349,0.8081841468811035,0.0,0.0010475070448592305,1.0,1.0,1.1008529663085938,0.008139457553625107,0.15556849539279938,0.6218224763870239,0.6782172918319702,0.9574955105781555,0.9514075517654419,0.5445422530174255,13.893288612365723,0.9299730062484741,1.0,-0.000320641091093421,0.233101487159729,0.9434688091278076,0.9218440055847168,0.7297531366348267,0.126490980386734,0.13629870116710663,-3.327131423702667e-07,-0.00028666056459769607,0.9449309706687927,0.9322038888931274,0.7365230917930603,0.1356295943260193,0.15686246752738953,0.9441890120506287,0.9273080229759216,0.7340836524963379,0.1367758810520172,0.15525147318840027,8999,4.720423698425293,,,,,,,,,,,,,0.14990787208080292,0.06619952619075775,0.06401658803224564,0.40396255254745483,0.11218032240867615,0.1050737053155899,0.0,0.0010868310928344727,0.0020516663789749146,0.1530463695526123,0.15195953845977783,0.14990787208080292
,,,,,,,,,,,,,0,,,,,,,,,,,,,,,,,,,,,,,,,,,,,,,,,,,,,,,,,,,,,,,,0.006440276745706797,0.45822638273239136,,,,,,,,,,,,,,,,,,,,,,,,,,,,,,,,,,,,,,,,,,,,,,,,,,,,,,,,,,,,,,,,,,,8999,,0.8372513651847839,540.5455932617188,560.882568359375,20.3370304107666,6.576240539550781,547.121826171875,539.5615234375,546.1268310546875,563.8953857421875,7.190818786621094,577.1039428710938,569.9130859375,,,,,,,,,,,,
0.04931640625,0.36026543378829956,0.0,0.0,0.0,0.53125,0.13174466788768768,0.9815800189971924,0.0,0.5132771730422974,0.05023457854986191,0.3359375,2.7053744792938232,0,-0.8216232061386108,0.4800681471824646,17.90253257751465,0.7146744132041931,0.9931092262268066,0.3055117130279541,0.4833516776561737,0.017987117171287537,0.021660974249243736,67.37777709960938,0.0,0.31524163484573364,456821.0,0.040464211255311966,0.22667258977890015,0.7215783596038818,71.0,7.490566253662109,8.969928741455078,4.7183451652526855,0.0,4790.0,456822.0,79.0,0.00020036217756569386,0.0,0.0,0.0,407860.3125,106000.390625,269.3777770996094,1026.0,0.0,212.0,1588.0,456821.0,-0.5327587127685547,-1.5417290925979614,0.08388596028089523,0.0027469133492559195,65.0,2054.0,1.2776631116867065,0.2654060125350952,0.0,5.128918170928955,0.2517455518245697,,,-0.15593262016773224,390689.0,-0.023290053009986877,-0.01893702521920204,1.0897810459136963,-0.019947251304984093,2614.0,0.0,456822.0,33.73695373535156,38.0,0.023929471150040627,138.37852478027344,0.6311812996864319,5.944411754608154,45.0,16384.0,0.029977038502693176,0.04484088718891144,0.36804279685020447,0.3809186816215515,0.03333333507180214,211.82020568847656,0.7473393082618713,0.908461332321167,1.196295976638794,-0.009596518240869045,-0.5476036071777344,0.19066829979419708,0.09814453125,0.991813600063324,0.7953400611877441,0.0,0.000889845541678369,1.0,1.0,0.9521336555480957,0.011535948142409325,0.15231990814208984,0.7573422193527222,0.6464427709579468,0.9994520545005798,0.9625533223152161,0.5319125652313232,14.25482177734375,0.8623620271682739,1.0,-0.0006732364417985082,0.2329956740140915,0.9430637359619141,0.9197217226028442,0.7286403775215149,0.12681379914283752,0.13605616986751556,-0.0003599605697672814,-0.0002246902440674603,0.9445676803588867,0.9298648834228516,0.7354481220245361,0.1360790729522705,0.15612941980361938,0.9438244700431824,0.9253357648849487,0.7331491112709045,0.13706760108470917,0.1550074815750122,9499,4.5366315841674805,,,,,,,,,,,,,0.14935943484306335,0.0658239796757698,0.06451280415058136,0.38829782605171204,0.1117541640996933,0.10437506437301636,0.0,0.00135783851146698,0.002398967742919922,0.15311624109745026,0.15175840258598328,0.14935943484306335
0.04736328125,0.330969899892807,0.0,0.0,0.0,0.6875,0.13280491530895233,0.9150249361991882,0.0,0.5196834802627563,0.05051533505320549,0.33984375,2.756751537322998,0,-0.862186849117279,0.49082043766975403,16.59078025817871,0.7428343892097473,0.9941269159317017,0.2751161754131317,0.4828060269355774,0.018544865772128105,0.022185640409588814,83.2127685546875,0.0,0.3211028277873993,480609.0,0.0418144091963768,0.2338193655014038,0.8745614290237427,78.0,7.3056769371032715,9.036622047424316,4.367799282073975,0.0,4885.0,480610.0,7.0,0.0008019816596060991,0.0,0.0,0.0,431648.3125,116759.90625,295.7872314453125,1036.0,0.0,229.0,1673.0,480609.0,0.40421485900878906,-1.429111361503601,0.09591025859117508,0.002160484902560711,68.0,2048.0,1.3007243871688843,0.26568803191185,0.0,4.9942216873168945,0.18734385073184967,,,-0.1517631709575653,414262.0,-0.022845396772027016,-0.01416059397161007,1.0878533124923706,-0.0203703623265028,2709.0,0.021276595070958138,480610.0,37.635780334472656,37.0,0.022115958854556084,98.88438415527344,0.5990265607833862,5.140880107879639,47.0,16384.0,0.03079545497894287,0.04517415910959244,0.36203181743621826,0.3759976029396057,0.01666666753590107,192.83006286621094,0.7353153228759766,0.9138911366462708,1.2019975185394287,0.00720185274258256,-0.5463503003120422,0.1869392991065979,0.1025390625,0.9802631735801697,0.7733253836631775,0.0,0.0009125025244429708,1.0,1.0,1.0176961421966553,0.015398980118334293,0.18775169551372528,0.7519873380661011,0.7076504230499268,0.9992818832397461,0.9732991456985474,0.5074337124824524,14.601544380187988,0.9900628328323364,1.0,-0.00042018512613140047,0.23283547163009644,0.9426306486129761,0.9176177978515625,0.7277144193649292,0.12739938497543335,0.13618171215057373,-0.0001487400586484,-0.00021375896176323295,0.9441961050033569,0.9276711940765381,0.7344123721122742,0.1367122083902359,0.1557954102754593,0.9434388279914856,0.9234050512313843,0.7323890328407288,0.13766007125377655,0.1552405059337616,9999,4.607244491577148,,,,,,,,,,,,,0.15122348070144653,0.06701061874628067,0.06584756076335907,0.3746107518672943,0.11204595118761063,0.10462439060211182,0.0,0.0014532357454299927,0.002488270401954651,0.15516498684883118,0.15371175110340118,0.15122348070144653
0.034912109375,0.3426022231578827,0.0,0.0,0.0,0.53125,0.13357335329055786,1.0068217515945435,0.0,0.5244454145431519,0.05075829476118088,0.3515625,2.8207101821899414,0,-0.9021806120872498,0.48919495940208435,16.470516204833984,0.7710084915161133,0.9953911304473877,0.2470005303621292,0.48218056559562683,0.01904871314764023,0.02269752509891987,98.27659606933594,0.0,0.3369427025318146,504696.0,0.041712433099746704,0.23199912905693054,0.824823796749115,79.0,7.209015846252441,9.137797355651855,4.1002912521362305,0.0,4968.0,504697.0,731.0,0.0023906882852315903,0.0,0.0,0.0,455735.3125,128416.8125,322.5106506347656,1036.0,0.0,244.0,1759.0,504696.0,-0.6348857879638672,-1.5628364086151123,0.10588768869638443,0.004525734577327967,81.0,2048.0,1.2003955841064453,0.25865429639816284,0.0,4.732532501220703,0.17378410696983337,,,-0.14829610288143158,438311.0,-0.022498516365885735,-0.012884125113487244,1.0851614475250244,-0.03105173259973526,2795.0,0.0,504697.0,35.80654525756836,45.0,0.02558271773159504,118.95565795898438,0.5690035223960876,5.6423468589782715,47.0,16384.0,0.031651571393013,0.04537270590662956,0.35753491520881653,0.37157317996025085,0.01666666753590107,186.49972534179688,0.7252092957496643,0.9054732918739319,1.2043691873550415,-0.0011308599496260285,-0.5613998174667358,0.16241472959518433,0.0888671875,0.872654914855957,0.7890847325325012,0.0,0.0009505192283540964,1.0,1.0,1.1171760559082031,0.011317361146211624,0.15045374631881714,0.6897573471069336,0.6497952938079834,0.9383673667907715,0.9483251571655273,0.5167281031608582,14.94043254852295,0.9187604784965515,1.0,-0.00048311526188626885,0.23293524980545044,0.9421834945678711,0.9159917831420898,0.7270529270172119,0.12602034211158752,0.13496482372283936,-0.000145511090522632,-0.0001750488008838147,0.9438233971595764,0.9256771802902222,0.7335310578346252,0.13670110702514648,0.1553022265434265,0.9430414438247681,0.9219095706939697,0.731837809085846,0.13642947375774384,0.15424023568630219,10499,4.629789352416992,,,,,,,,,,,,,0.15047836303710938,0.06698843836784363,0.0660100132226944,0.3617636561393738,0.11309920251369476,0.1053628921508789,0.0,0.0016636699438095093,0.0027825385332107544,0.15492457151412964,0.15326090157032013,0.15047836303710938
0.03076171875,0.35669809579849243,0.0,0.0,0.0,0.40625,0.13438686728477478,0.9969130158424377,0.0,0.5271865725517273,0.051032036542892456,0.369140625,2.9375510215759277,0,-0.941129744052887,0.4884072542190552,17.011402130126953,0.7972129583358765,0.9962714314460754,0.22107291221618652,0.48177117109298706,0.019473494961857796,0.023118047043681145,97.57447052001953,4.0,0.34193289279937744,528790.0,0.04164493829011917,0.2263198345899582,0.779650866985321,84.0,6.977358818054199,8.958630561828613,3.787554979324341,0.0,5092.0,528791.0,176.0,0.0005314332083798945,0.0,0.0,0.0,479829.3125,137571.5625,342.1276550292969,1045.0,0.0,265.0,1849.0,528790.0,-0.07625198364257812,-1.280863642692566,0.11585156619548798,0.019664350897073746,84.0,2052.0,1.2706365585327148,0.2592465877532959,0.0,4.605443477630615,0.1629658192396164,,,-0.14362363517284393,461724.0,-0.02194124273955822,-0.01232714019715786,1.080844759941101,-0.030446765944361687,2894.0,0.0,528791.0,52.048072814941406,51.0,0.027582477778196335,114.46481323242188,0.5426653027534485,4.2746477127075195,47.0,16384.0,0.032273028045892715,0.0455879308283329,0.35271507501602173,0.3665009140968323,0.01666666753590107,191.22560119628906,0.7184117436408997,0.9071299433708191,1.2121533155441284,-0.0016318956622853875,-0.5555053949356079,0.17904949188232422,0.0908203125,0.9437533617019653,0.812330961227417,0.0,0.0007634517969563603,1.0,1.0,1.1161549091339111,0.011084786616265774,0.17206695675849915,0.6761517524719238,0.6040127873420715,0.9729782938957214,0.957105278968811,0.533320963382721,15.276558876037598,0.9526366591453552,1.0,-0.0004255649691913277,0.2324707955121994,0.941756010055542,0.9141067266464233,0.7261176705360413,0.12814746797084808,0.1356150507926941,-0.00010906854731729254,-0.0001642856077523902,0.9434357285499573,0.923831045627594,0.7326754331588745,0.1370278149843216,0.15502990782260895,0.942655086517334,0.920181155204773,0.7311031818389893,0.13834485411643982,0.15470674633979797,10999,4.38974666595459,,,,,,,,,,,,,0.15252791345119476,0.06778685003519058,0.06678789108991623,0.35261282324790955,0.11224791407585144,0.10461251437664032,0.0,0.0018611401319503784,0.0030115991830825806,0.15740065276622772,0.15553951263427734,0.15252791345119476
0.04150390625,0.3508830666542053,0.0,0.0,0.0,0.59375,0.1354118138551712,1.0086442232131958,0.0,0.5318800806999207,0.05122589319944382,0.373046875,2.9779114723205566,0,-0.9796890616416931,0.500569224357605,18.33245849609375,0.8216529488563538,0.9970638155937195,0.19772380590438843,0.48147496581077576,0.01991155743598938,0.023559454828500748,106.10869598388672,0.0,0.3409997224807739,552900.0,0.04039744287729263,0.22219650447368622,0.747214674949646,82.0,6.909747123718262,8.78089714050293,3.630674362182617,0.0,5182.0,552901.0,42.0,8.392871677642688e-05,0.0,0.0,0.0,503939.3125,147515.78125,360.3260803222656,1070.0,0.0,277.0,1914.0,552900.0,0.11360359191894531,-1.412378191947937,0.12454511225223541,0.0037894113920629025,89.0,2048.0,1.311359167098999,0.2641060948371887,0.0,4.581849098205566,0.17476482689380646,,,-0.13918985426425934,485636.0,-0.021434558555483818,-0.010564240626990795,1.0749081373214722,-0.027267884463071823,2984.0,0.021739130839705467,552901.0,54.94891357421875,54.0,0.02821316570043564,92.86029052734375,0.5239219665527344,4.016905784606934,46.0,16384.0,0.03309476748108864,0.04597492143511772,0.34588438272476196,0.358230322599411,0.01666666753590107,201.00038146972656,0.7120328545570374,0.9065113067626953,1.219184398651123,0.00776115944609046,-0.5661551356315613,0.15832461416721344,0.10595703125,0.9508625268936157,0.8029273152351379,0.0,0.0009769994067028165,1.0,1.0,1.1164507865905762,0.018515266478061676,0.18456770479679108,0.6763117909431458,0.6986571550369263,0.971403956413269,0.9887016415596008,0.5061523914337158,15.605684280395508,0.9451195001602173,1.0,-0.0004009291296824813,0.232439786195755,0.9413410425186157,0.9125357270240784,0.7257726192474365,0.1290201097726822,0.1360146552324295,-0.00019335657998453826,-0.00013391576067078859,0.9430532455444336,0.9220784306526184,0.7320153117179871,0.1377357840538025,0.15494801104068756,0.9422892928123474,0.9187424182891846,0.7306258678436279,0.13939028978347778,0.15525557100772858,11499,4.534851551055908,,,,,,,,,,,,,0.153609961271286,0.06793634593486786,0.06688926368951797,0.34279680252075195,0.11408954858779907,0.1051686555147171,0.0,0.002200216054916382,0.0034358203411102295,0.15924599766731262,0.15704578161239624,0.153609961271286
0.0252685546875,0.3684263527393341,0.0,0.0,0.0,0.53125,0.13473114371299744,1.0846360921859741,0.0,0.548038899898529,0.05164870619773865,0.37890625,3.0270369052886963,0,-1.0172926187515259,0.4971552789211273,17.870203018188477,0.8472059369087219,0.997704029083252,0.17626024782657623,0.4811856150627136,0.020322542637586594,0.024027030915021896,74.82926940917969,0.0,0.34311869740486145,576951.0,0.03868185356259346,0.20907698571681976,0.75742107629776,83.0,6.839041233062744,8.919540405273438,3.436192274093628,0.0,5322.0,576952.0,48.0,8.266135409940034e-05,0.0,0.0,0.0,527990.3125,155330.328125,350.5853576660156,1089.0,0.0,292.0,1997.0,576951.0,-0.4542369842529297,-1.3907034397125244,0.13597626984119415,0.0030664231162518263,83.0,2048.0,1.3411868810653687,0.2628805935382843,0.0,4.558063507080078,0.17332124710083008,,,-0.1350744664669037,509629.0,-0.020938510075211525,-0.007816572673618793,1.0725724697113037,-0.022183174267411232,3086.0,0.0,576952.0,45.14385986328125,48.0,0.02403605356812477,83.25904846191406,0.5014516115188599,4.3451666831970215,41.0,16384.0,0.03362378105521202,0.04616143926978111,0.3434141278266907,0.35713547468185425,0.01666666753590107,193.61949157714844,0.706402599811554,0.8954566717147827,1.2196409702301025,0.0017833001911640167,-0.5695006251335144,0.16746994853019714,0.10498046875,0.9739609360694885,0.8327491283416748,0.0,0.0011908019660040736,1.0,1.0,1.1521658897399902,0.02034117467701435,0.18129007518291473,0.7132197618484497,0.7179578542709351,0.9983588457107544,0.9839600324630737,0.4975527226924896,15.92599868774414,0.9754633903503418,1.0,-0.00037968219839967787,0.23229052126407623,0.9409630298614502,0.9110653400421143,0.7247189283370972,0.12930387258529663,0.13632607460021973,-6.593346915906295e-05,-0.00015678023919463158,0.942687451839447,0.9204941987991333,0.7312406301498413,0.13851715624332428,0.155188649892807,0.9419479370117188,0.9174461960792542,0.7297686338424683,0.13974454998970032,0.15562281012535095,11999,4.5406928062438965,,,,,,,,,,,,,0.1522669494152069,0.0674239844083786,0.06668850779533386,0.34012481570243835,0.11503764241933823,0.10500504821538925,0.0,0.002661779522895813,0.003973811864852905,0.15890254080295563,0.15624076128005981,0.1522669494152069
0.0341796875,0.35223719477653503,0.0,0.0,0.0,0.78125,0.13619683682918549,1.1005146503448486,0.0,0.539951741695404,0.051081426441669464,0.3828125,3.066270589828491,0,-1.0536420345306396,0.49384719133377075,19.474571228027344,0.8709344863891602,0.9980621337890625,0.15781192481517792,0.4808405339717865,0.02061101421713829,0.02430102974176407,125.36000061035156,0.0,0.3444116711616516,601156.0,0.038299016654491425,0.20622074604034424,0.6636698246002197,87.0,6.8208465576171875,9.0703763961792,3.260011672973633,0.0,5391.0,601157.0,45.0,7.653115608263761e-05,0.0,0.0,0.0,552195.3125,164876.8125,408.0799865722656,1099.0,0.0,307.0,2094.0,601156.0,0.11554336547851562,-1.2076131105422974,0.1458892524242401,0.005438059102743864,73.0,2050.0,1.2547454833984375,0.26836732029914856,0.0,4.406274795532227,0.16310933232307434,,,-0.13027407228946686,533820.0,-0.02033073827624321,-0.006924556568264961,1.0691180229187012,-0.02648715116083622,3193.0,0.019999999552965164,601157.0,41.65122604370117,43.0,0.020534861832857132,90.3713150024414,0.47923165559768677,4.371255397796631,50.0,16384.0,0.03431073576211929,0.04642362520098686,0.3371133506298065,0.34924912452697754,0.03333333507180214,197.9197540283203,0.7018982172012329,0.8896721601486206,1.2288099527359009,-0.0023240596055984497,-0.577091634273529,0.16689559817314148,0.07080078125,0.8666985034942627,0.6975632905960083,0.0,0.0008863431867212057,1.0,1.0,1.2111339569091797,0.02539076842367649,0.20492565631866455,0.65245121717453,0.5759814977645874,0.9530695676803589,0.9194461703300476,0.5366760492324829,16.23859977722168,1.021921157836914,1.0,-0.000253459409577772,0.2320341020822525,0.9406227469444275,0.9093881249427795,0.724464476108551,0.12930282950401306,0.13602173328399658,6.397480319719762e-05,-0.00010868779645534232,0.9423282742500305,0.9189700484275818,0.7305869460105896,0.13898758590221405,0.15529847145080566,0.9416307210922241,0.9159116744995117,0.7296755909919739,0.1395438313484192,0.15505869686603546,12499,4.455321311950684,,,,,,,,,,,,,0.1551927924156189,0.06897248327732086,0.0685945376753807,0.3302184045314789,0.11644363403320312,0.10633839666843414,0.0,0.002981528639793396,0.004372924566268921,0.1625472456216812,0.15956571698188782,0.1551927924156189
0.0390625,0.35609176754951477,0.0,0.0,0.0,0.59375,0.13679035007953644,1.0959556102752686,0.0,0.5499954223632812,0.05217431113123894,0.39453125,3.1435978412628174,0,-1.0891187191009521,0.5015166997909546,16.192333221435547,0.8932567834854126,0.9984284043312073,0.14124645292758942,0.48067864775657654,0.02094682678580284,0.024688564240932465,188.0833282470703,0.0,0.34749776124954224,625125.0,0.03696110472083092,0.2019563466310501,0.5691765546798706,87.0,7.009646415710449,9.05270767211914,3.215711832046509,0.0,5435.0,625126.0,6.0,0.0038277050480246544,0.0,0.0,0.0,576164.3125,176375.75,465.375,1106.0,0.0,311.0,2180.0,625125.0,0.29132080078125,-1.4745683670043945,0.15482781827449799,0.003511096816509962,67.0,2048.0,1.4598417282104492,0.2850896418094635,0.0,4.291592121124268,0.15843114256858826,,,-0.12461019307374954,557797.0,-0.019582834094762802,-0.007378553971648216,1.0662641525268555,-0.025634443387389183,3286.0,0.02083333395421505,625126.0,46.497703552246094,42.0,0.019266055896878242,69.43107604980469,0.45933273434638977,3.864809036254883,48.0,16384.0,0.034930601716041565,0.04665682464838028,0.33184686303138733,0.34322184324264526,0.03333333507180214,238.60841369628906,0.6947786808013916,0.9027773141860962,1.234494686126709,0.0035526882857084274,-0.5785760283470154,0.16990305483341217,0.10693359375,0.907296895980835,0.7517209649085999,0.0,0.0012285035336390138,1.0,1.0,1.1864385604858398,0.024334611371159554,0.22765906155109406,0.6314818859100342,0.6506301760673523,0.9425627589225769,0.9588037729263306,0.5137109160423279,16.54739761352539,1.0448466539382935,1.0,-0.00031919367029331625,0.2318568229675293,0.9404120445251465,0.9084437489509583,0.7243829965591431,0.130732461810112,0.13657306134700775,-4.0155649912776425e-05,-7.123546674847603e-05,0.9420166611671448,0.9175828099250793,0.7301657199859619,0.1394537389278412,0.1552627682685852,0.9414374232292175,0.9150322675704956,0.7294846177101135,0.14092953503131866,0.15558718144893646,12999,4.547999858856201,,,,,,,,,,,,,0.15491259098052979,0.06825962662696838,0.06838798522949219,0.3223179578781128,0.1181546151638031,0.1072116494178772,0.0,0.0034234225749969482,0.004847675561904907,0.16318368911743164,0.1597602665424347,0.15491259098052979
0.031494140625,0.3434428572654724,0.0,0.0,0.0,0.5625,0.13788223266601562,1.0639656782150269,0.0,0.550156831741333,0.05206174775958061,0.396484375,3.1833314895629883,0,-1.1239635944366455,0.5082474946975708,18.590484619140625,0.9136644601821899,0.9987097978591919,0.1266036480665207,0.480395644903183,0.021207597106695175,0.02499852143228054,168.95555114746094,0.0,0.3507447838783264,649074.0,0.037252239882946014,0.20780129730701447,0.47009074687957764,62.0,7.050473213195801,8.270963668823242,3.1546759605407715,0.0,5483.0,649075.0,154.0,0.00044610511395148933,0.0,0.0,0.0,600113.3125,187472.09375,461.22222900390625,1140.0,0.0,317.0,2235.0,649074.0,-0.7871189117431641,-1.5566929578781128,0.1645650714635849,0.004134071990847588,77.0,2051.0,1.3740075826644897,0.28204286098480225,0.0,4.178178787231445,0.14535307884216309,,,-0.11990398913621902,581745.0,-0.01898357830941677,-0.007163451053202152,1.0639208555221558,-0.026391858235001564,3375.0,0.0,649075.0,46.132774353027344,44.0,0.019686801359057426,73.93232727050781,0.4483293294906616,3.927089214324951,45.0,16384.0,0.03541649878025055,0.04699026793241501,0.3312491476535797,0.3423939645290375,0.01666666753590107,198.89016723632812,0.6853449940681458,0.8892574906349182,1.2357850074768066,0.006462496239691973,-0.5719224214553833,0.16080816090106964,0.08349609375,0.8935123085975647,0.7409396171569824,0.0,0.0009881450096145272,1.0,1.0,1.092391014099121,0.03199012205004692,0.23638403415679932,0.6586449146270752,0.6294069290161133,0.9885641932487488,0.965575635433197,0.5198974609375,16.845911026000977,1.0582176446914673,1.0,-0.0005934022483415902,0.23196099698543549,0.9401562809944153,0.9072170853614807,0.7238779664039612,0.1305726021528244,0.1360238790512085,-0.0002883218112401664,-6.939238664926961e-05,0.9417481422424316,0.9163627028465271,0.7299401164054871,0.1400325745344162,0.1553322970867157,0.9411937594413757,0.9138789176940918,0.7290270924568176,0.14084769785404205,0.15525442361831665,13499,4.51019811630249,,,,,,,,,,,,,0.15753817558288574,0.06955994665622711,0.06927008926868439,0.32136955857276917,0.11963815987110138,0.10872681438922882,0.0,0.0035604536533355713,0.005070686340332031,0.16616931557655334,0.16260886192321777,0.15753817558288574
0.042236328125,0.3352181017398834,0.0,0.0,0.0,0.5,0.13803859055042267,1.0970885753631592,0.0,0.5530370473861694,0.05266237258911133,0.40625,3.248199939727783,0,-1.1579524278640747,0.5051254630088806,19.242149353027344,0.9343003630638123,0.9989212155342102,0.11230357736349106,0.48020777106285095,0.021462468430399895,0.02524743229150772,197.4583282470703,0.0,0.3545313775539398,672956.0,0.03636039420962334,0.205808624625206,0.4697231948375702,64.0,7.167192459106445,8.017019271850586,3.1546759605407715,0.0,5544.0,672957.0,72.0,0.00017500713875051588,0.0,0.0,0.0,623995.3125,199207.921875,484.9375,1179.0,0.0,317.0,2272.0,672956.0,-0.2833290100097656,-1.5647547245025635,0.17039014399051666,0.003944803029298782,79.0,2052.0,1.5127567052841187,0.28954046964645386,0.0,4.172989368438721,0.1588052660226822,,,-0.11635991930961609,605659.0,-0.018550556153059006,-0.0056648291647434235,1.0632705688476562,-0.021512379869818687,3451.0,0.0,672957.0,46.3472785949707,46.0,0.0202464796602726,91.98577880859375,0.44162267446517944,4.053849220275879,48.0,16384.0,0.0358332023024559,0.04650097340345383,0.3262900114059448,0.33683159947395325,0.01666666753590107,192.21937561035156,0.675847053527832,0.9038688540458679,1.235832691192627,0.003870130516588688,-0.580173909664154,0.1453152447938919,0.0966796875,0.8358274698257446,0.7544013857841492,0.0,0.0011635958217084408,1.0,1.0,1.1768441200256348,0.026052555069327354,0.22941546142101288,0.6366358399391174,0.6262069344520569,0.9217342138290405,0.9516783356666565,0.5300917625427246,17.132003784179688,1.0082645416259766,1.0,-0.00022360071307048202,0.23183590173721313,0.939856767654419,0.9062293767929077,0.72332364320755,0.13127563893795013,0.13601697981357574,0.00011405089753679931,-9.195571328746155e-05,0.9414723515510559,0.9151514172554016,0.7294076085090637,0.1405387967824936,0.15531907975673676,0.940923273563385,0.9129608273506165,0.7286927103996277,0.14153875410556793,0.15527373552322388,13999,4.380278587341309,,,,,,,,,,,,,0.15775185823440552,0.06966693699359894,0.06941701471805573,0.30622872710227966,0.11826325953006744,0.1073388010263443,0.0,0.0038654059171676636,0.005303084850311279,0.16692034900188446,0.1630549430847168,0.15775185823440552
0.0322265625,0.340166836977005,0.0,0.0,0.0,0.5,0.1386273056268692,1.1964240074157715,0.0,0.5664851665496826,0.05267155170440674,0.41015625,3.316859722137451,0,-1.190963864326477,0.5020513534545898,23.153690338134766,0.9552657604217529,0.9991611838340759,0.1017027348279953,0.48002299666404724,0.021737564355134964,0.02554209530353546,201.21153259277344,0.0,0.3654588460922241,696966.0,0.03580623120069504,0.2035921812057495,0.4263341426849365,64.0,7.340693950653076,7.921930313110352,3.1546759605407715,0.0,5576.0,696967.0,87.0,0.0002197255234932527,0.0,0.0,0.0,648005.3125,210706.59375,491.5961608886719,1201.0,0.0,317.0,2327.0,696966.0,-0.8455486297607422,-1.8569279909133911,0.17832282185554504,0.006455292925238609,85.0,2048.0,1.2681798934936523,0.2536424994468689,0.0,4.195068359375,0.15879330039024353,,,-0.11064913868904114,629695.0,-0.017778638750314713,-0.008096280507743359,1.061342477798462,-0.01563076116144657,3528.0,0.0,696967.0,45.99982452392578,49.0,0.02105715498328209,93.50164794921875,0.43047094345092773,4.036258697509766,52.0,16384.0,0.03622758015990257,0.04686567559838295,0.3242829144001007,0.33595791459083557,0.03333333507180214,230.04344177246094,0.6728714108467102,0.9190406203269958,1.240725040435791,0.00464206375181675,-0.5713614821434021,0.14679576456546783,0.08349609375,0.9411259293556213,0.6905887126922607,0.0,0.0012830097693949938,1.0,1.0,1.0736212730407715,0.03614721819758415,0.22968292236328125,0.6539434194564819,0.6095309257507324,0.9628297090530396,0.9216567277908325,0.527377188205719,17.40988540649414,1.118647575378418,1.0,-0.0004107633722014725,0.23171491920948029,0.9396069645881653,0.905327558517456,0.722905158996582,0.13173915445804596,0.13623465597629547,-0.00012050208897562698,-6.66315681883134e-05,0.9412181973457336,0.9141426086425781,0.7290763258934021,0.14101289212703705,0.15535776317119598,0.9406891465187073,0.9121261239051819,0.7283545732498169,0.1419253647327423,0.15551286935806274,14499,4.51851749420166,,,,,,,,,,,,,0.15603449940681458,0.06925380975008011,0.06918071210384369,0.313388466835022,0.1208280399441719,0.10791944712400436,0.0,0.004542946815490723,0.006053656339645386,0.16663110256195068,0.16208815574645996,0.15603449940681458
0.0322265625,0.36046263575553894,0.0,0.0,0.0,0.65625,0.13606876134872437,1.135392189025879,0.0,0.5698453187942505,0.0522514246404171,0.421875,3.3514180183410645,0,-1.2229812145233154,0.5083816051483154,17.941959381103516,0.9750120043754578,0.999199628829956,0.10000000149011612,0.47979116439819336,0.02194327674806118,0.025802714750170708,175.5918426513672,0.0,0.36759045720100403,720751.0,0.03712360933423042,0.20892201364040375,0.4813995063304901,49.0,7.533123016357422,7.9210710525512695,3.1546759605407715,0.0,5721.0,720752.0,27.0,0.00041239356505684555,0.0,0.0,0.0,671790.3125,218415.375,467.10205078125,1226.0,0.0,317.0,2388.0,720751.0,0.46839141845703125,-1.5561763048171997,0.18524949252605438,0.006465465761721134,72.0,2048.0,1.437716007232666,0.2807118892669678,0.0,4.208564281463623,0.17943458259105682,,,-0.10795171558856964,653260.0,-0.017461510375142097,-0.006331128068268299,1.0591212511062622,-0.010568429715931416,3614.0,0.020408162847161293,720752.0,39.55940628051758,39.0,0.016331657767295837,106.3066177368164,0.41991373896598816,4.3498969078063965,49.0,16384.0,0.03672516345977783,0.04690501466393471,0.32068660855293274,0.3311680555343628,0.03333333507180214,218.89517211914062,0.6621198654174805,0.9136913418769836,1.2462772130966187,0.005519005004316568,-0.5883158445358276,0.18257750570774078,0.08984375,0.9392542839050293,0.7637201547622681,0.0,0.0009963036281988025,1.0,1.0,1.03487229347229,0.04142758995294571,0.2735266089439392,0.703304648399353,0.6822075843811035,0.9834499359130859,0.9847457408905029,0.5184155106544495,17.678117752075195,1.0611077547073364,1.0,-0.00044827116653323174,0.23168298602104187,0.9393738508224487,0.9043269157409668,0.7225164175033569,0.1317204385995865,0.13568302989006042,-8.356562466360629e-05,-6.184916128404438e-05,0.9409675598144531,0.9131436944007874,0.7287627458572388,0.14137613773345947,0.15530115365982056,0.9404816031455994,0.9112136960029602,0.7281215190887451,0.14199377596378326,0.15494364500045776,14999,4.432463645935059,,,,,,,,,,,,,0.1570248305797577,0.06908279657363892,0.06944503635168076,0.31137531995773315,0.12392668426036835,0.10959014296531677,0.0,0.005424678325653076,0.007038533687591553,0.16948804259300232,0.16406336426734924,0.1570248305797577
0.05615234375,0.34689822793006897,0.0,0.0,0.0,0.5625,0.1382523775100708,1.11370050907135,0.0,0.5677797198295593,0.05323422700166702,0.423828125,3.4135582447052,0,-1.2541803121566772,0.5161241292953491,14.663297653198242,0.9918656945228577,0.9991313815116882,0.10000000149011612,0.47957295179367065,0.022158728912472725,0.026016931980848312,229.1041717529297,0.0,0.3721872866153717,744629.0,0.03766282647848129,0.21536678075790405,0.4500187635421753,51.0,7.722397804260254,8.075116157531738,3.1546759605407715,0.0,5782.0,744630.0,70.0,0.00015127738879527897,0.0,0.0,0.0,695668.3125,230174.640625,513.9166870117188,1227.0,0.0,317.0,2448.0,744629.0,-0.5348472595214844,-1.9622453451156616,0.19243088364601135,0.0061551658436656,78.0,2049.0,1.3925714492797852,0.2922890782356262,0.0,4.026331901550293,0.15880441665649414,,,-0.10661013424396515,677137.0,-0.017366910353302956,-0.005684334319084883,1.0586851835250854,-0.017210818827152252,3675.0,0.0,744630.0,37.347267150878906,44.0,0.01797385700047016,126.39002227783203,0.4094183146953583,4.664956569671631,48.0,16384.0,0.03714192286133766,0.04706741124391556,0.31995299458503723,0.3298570513725281,0.03333333507180214,210.4949951171875,0.6512349843978882,0.904001772403717,1.2519556283950806,0.014313748106360435,-0.5738101601600647,0.1187959536910057,0.06103515625,0.921160101890564,0.5473856329917908,0.0,0.0010283193551003933,1.0,1.0,0.8541512489318848,0.023841552436351776,0.2868712842464447,0.6699879765510559,0.685912013053894,0.9851468205451965,0.9256206750869751,0.506936252117157,17.941957473754883,1.0823023319244385,1.0,-0.00012162246275693178,0.2315627634525299,0.9391375184059143,0.9032899737358093,0.722747266292572,0.13166074454784393,0.13519787788391113,0.00020306710212025791,-3.33568241330795e-05,0.940732479095459,0.9121872782707214,0.7285071015357971,0.14162173867225647,0.15505176782608032,0.9402644634246826,0.9102607369422913,0.728408694267273,0.14191482961177826,0.15435707569122314,15499,4.37780237197876,,,,,,,,,,,,,0.15728247165679932,0.06909383088350296,0.06873010098934174,0.30144238471984863,0.12197966128587723,0.10873866081237793,0.0,0.0051946938037872314,0.006718933582305908,0.16919609904289246,0.16400140523910522,0.15728247165679932
0.030517578125,0.3509749174118042,0.0,0.0,0.0,0.53125,0.14003178477287292,1.1519280672073364,0.0,0.5647108554840088,0.0527549646794796,0.4296875,3.44901967048645,0,-1.2839529514312744,0.5201467275619507,12.186956405639648,1.0097464323043823,0.9991896152496338,0.10000000149011612,0.479364275932312,0.022434916347265244,0.026343153789639473,256.0212707519531,0.0,0.376845121383667,768681.0,0.03545035794377327,0.20395240187644958,0.38663941621780396,52.0,7.858044147491455,8.16224193572998,3.1546759605407715,0.0,5835.0,768682.0,180.0,0.0005352103617042303,0.0,0.0,0.0,719720.3125,243461.546875,542.5957641601562,1235.0,0.0,317.0,2491.0,768681.0,-0.7398796081542969,-2.131458282470703,0.19991210103034973,0.005774801131337881,70.0,2048.0,1.3558686971664429,0.2697966992855072,0.0,4.036011219024658,0.17185944318771362,,,-0.1037503033876419,701198.0,-0.017040714621543884,-0.0033423849381506443,1.0570056438446045,-0.0132218599319458,3726.0,0.0,768682.0,36.57637023925781,42.0,0.01686069928109646,127.88159942626953,0.40188220143318176,4.656077861785889,47.0,16384.0,0.03755517676472664,0.047010648995637894,0.31381335854530334,0.3228711187839508,0.03333333507180214,208.735107421875,0.6468496918678284,0.8928459286689758,1.2556869983673096,-0.0019783794414252043,-0.5836649537086487,0.16850662231445312,0.0869140625,0.8851866722106934,0.6892814040184021,0.0,0.000881986110471189,1.0,1.0,0.8758702278137207,0.0361039862036705,0.3175564706325531,0.628406286239624,0.6808447241783142,0.9642406702041626,0.9675216674804688,0.5358467698097229,18.194683074951172,1.0942550897598267,1.0,-0.0005273335264064372,0.23155558109283447,0.9388979077339172,0.9024026393890381,0.7221112251281738,0.13209901750087738,0.13573966920375824,-0.0002632619871292263,-5.2861050789942965e-05,0.9405102133750916,0.9112756848335266,0.7283931970596313,0.14179883897304535,0.1548936516046524,0.9400423169136047,0.9094462394714355,0.7276526093482971,0.14227932691574097,0.15512482821941376,15999,4.5754218101501465,,,,,,,,,,,,,0.15902838110923767,0.06894521415233612,0.06934201717376709,0.2945140302181244,0.12125108391046524,0.10766565799713135,0.0,0.00573141872882843,0.007146567106246948,0.17190636694431305,0.16617494821548462,0.15902838110923767
0.031494140625,0.33298805356025696,0.0,0.0,0.0,0.5625,0.1414797455072403,1.2071465253829956,0.0,0.5683571100234985,0.05226680636405945,0.435546875,3.4783689975738525,0,-1.3130371570587158,0.5231146216392517,14.527242660522461,1.0261982679367065,0.9991933107376099,0.10000000149011612,0.47917255759239197,0.02257552370429039,0.026537779718637466,281.0625,0.0,0.38252443075180054,792666.0,0.034470196813344955,0.20004282891750336,0.36206290125846863,52.0,8.07571029663086,8.38628101348877,3.1546759605407715,1.0,5926.0,792667.0,183.0,0.0006046846392564476,0.0,0.0,0.0,743705.3125,251690.953125,566.2916870117188,1243.0,0.0,317.0,2560.0,792666.0,-0.7922630310058594,-3.0393877029418945,0.2058291733264923,0.006463249679654837,88.0,2048.0,1.4161038398742676,0.2919626235961914,0.0,3.972050428390503,0.1594472974538803,,,-0.09497950971126556,724412.0,-0.015688076615333557,-0.0026149870827794075,1.0538886785507202,-0.011870937421917915,3803.0,0.0,792667.0,57.1785774230957,55.0,0.021484375,74.52071380615234,0.39144009351730347,3.3518171310424805,48.0,16384.0,0.03798068314790726,0.04703209176659584,0.31267571449279785,0.31933483481407166,0.01666666753590107,206.01100158691406,0.6426004767417908,0.9109513759613037,1.25351083278656,0.022797971963882446,-0.5857066512107849,0.1583251953125,0.060302734375,0.861328125,0.6499999761581421,0.0,0.0011100039118900895,1.0,1.0,0.956700325012207,0.035865046083927155,0.28529098629951477,0.6852878332138062,0.6376762390136719,0.9511991739273071,0.9689395427703857,0.5304325222969055,18.433500289916992,1.0928808450698853,1.0,-0.00034006949863396585,0.23141437768936157,0.9386919736862183,0.9015209078788757,0.7224098443984985,0.13186682760715485,0.13567359745502472,-5.1756978791672736e-05,-1.696710205578711e-05,0.94028639793396,0.9103574156761169,0.7282052636146545,0.14185824990272522,0.1549304872751236,0.9398576617240906,0.9086538553237915,0.7279991507530212,0.14191468060016632,0.1549101173877716,16499,4.334840774536133,,,,,,,,,,,,,0.16009411215782166,0.06950650364160538,0.06979996711015701,0.28799617290496826,0.12195982784032822,0.1085270568728447,0.0,0.006092637777328491,0.00749659538269043,0.17368334531784058,0.16759070754051208,0.16009411215782166
0.04345703125,0.33831721544265747,0.0,0.0,0.0,0.53125,0.14087678492069244,1.2066997289657593,0.0,0.5758584141731262,0.053223416209220886,0.44140625,3.5284011363983154,0,-1.3407642841339111,0.5134270191192627,17.978313446044922,1.0414999723434448,0.9991772174835205,0.10000000149011612,0.47912511229515076,0.022797685116529465,0.026797974482178688,207.5098114013672,1.0,0.3930220901966095,816557.0,0.03531059995293617,0.2119932919740677,0.4233160614967346,60.0,8.287066459655762,8.872671127319336,3.1546759605407715,0.0,6070.0,816558.0,484.0,0.0015554133569821715,0.0,1.0,0.0031545741949230433,767596.3125,260004.296875,495.1960754394531,1253.0,0.0,317.0,2627.0,816557.0,-0.4055194854736328,-1.8497183322906494,0.21019944548606873,0.007310088723897934,88.0,2049.0,1.4058451652526855,0.2899453043937683,0.0,4.033292770385742,0.16076944768428802,,,-0.09643233567476273,748218.0,-0.016028719022870064,-0.004118857439607382,1.0524216890335083,-0.012396370060741901,3880.0,0.0,816558.0,48.889137268066406,52.0,0.019794441759586334,106.94481658935547,0.38134831190109253,3.8872432708740234,51.0,16384.0,0.03833342343568802,0.04735599458217621,0.31008851528167725,0.3188650906085968,0.03333333507180214,202.89010620117188,0.6377427577972412,0.8984381556510925,1.2605234384536743,0.012613452039659023,-0.5785089135169983,0.1640297919511795,0.06396484375,0.9455652832984924,0.5843167304992676,0.0,0.0012383784633129835,1.0,1.0,1.0903849601745605,0.030447039753198624,0.27114906907081604,0.7057705521583557,0.6653711795806885,0.9628598690032959,0.9321600198745728,0.5113189220428467,18.66105842590332,1.1539872884750366,1.0,-0.00042835823842324317,0.23116466403007507,0.9385178685188293,0.9007556438446045,0.7217548489570618,0.1338241696357727,0.13646842539310455,-0.00015634352166671306,-5.313448855304159e-05,0.9400876760482788,0.9095646142959595,0.7280144095420837,0.14224359393119812,0.1550329029560089,0.9396917223930359,0.9079096913337708,0.7273769974708557,0.14384818077087402,0.15561282634735107,16999,4.293160915374756,,,,,,,,,,,,,0.16169756650924683,0.07040828466415405,0.07084871828556061,0.2893122732639313,0.12478943914175034,0.11046238243579865,0.0,0.006697073578834534,0.008190736174583435,0.1765853762626648,0.16988830268383026,0.16169756650924683
0.027587890625,0.3538696765899658,0.0,0.0,0.0,0.75,0.14236658811569214,1.2360484600067139,0.0,0.5750458240509033,0.05329207703471184,0.443359375,3.557499408721924,0,-1.3676522970199585,0.5256844758987427,14.688095092773438,1.056404709815979,0.9991768002510071,0.10000000149011612,0.4790559411048889,0.022985411807894707,0.027004944160580635,250.64706420898438,1.0,0.3943575322628021,840849.0,0.03431046009063721,0.21084901690483093,0.3834475874900818,57.0,8.533123016357422,9.006485939025879,3.1546759605407715,0.0,6177.0,840850.0,2.0,0.00019179210357833654,0.0,1.0,0.0031545741949230433,791888.3125,265834.0625,536.6666870117188,1272.0,0.0,317.0,2705.0,840849.0,0.15210723876953125,-2.1278018951416016,0.2131916582584381,0.01143648475408554,86.0,2049.0,1.3811156749725342,0.2825753092765808,0.0,4.043376445770264,0.15832796692848206,,,-0.09473006427288055,772521.0,-0.015851391479372978,-0.003021771088242531,1.0509880781173706,-0.012528840452432632,3977.0,0.019607843831181526,840850.0,50.952335357666016,53.0,0.019593345001339912,96.41547393798828,0.37128371000289917,3.6967880725860596,51.0,16384.0,0.03864528611302376,0.04751463979482651,0.30861613154411316,0.31474554538726807,0.03333333507180214,213.3722381591797,0.6386261582374573,0.8969516754150391,1.2670023441314697,0.01391312200576067,-0.5783361196517944,0.16576136648654938,0.06103515625,0.9005177617073059,0.6275887489318848,0.0,0.0009689086000435054,1.0,1.0,0.9082736968994141,0.030847391113638878,0.24847941100597382,0.643437922000885,0.6238818764686584,0.9666925668716431,0.9437801241874695,0.5365102291107178,18.87746238708496,1.1807317733764648,1.0,-0.00017356581520289183,0.231191486120224,0.9383289217948914,0.8999340534210205,0.721511960029602,0.13402265310287476,0.13664498925209045,9.299463272327557e-05,-7.259302219608799e-05,0.9399014711380005,0.9087249636650085,0.7276054620742798,0.14307589828968048,0.15542007982730865,0.9395131468772888,0.9071189165115356,0.7270427346229553,0.14411011338233948,0.15591037273406982,17499,4.452887058258057,,,,,,,,,,,,,0.16119477152824402,0.06979043036699295,0.06994813680648804,0.2910248935222626,0.12575802206993103,0.10954567044973373,0.0,0.007317483425140381,0.008669674396514893,0.1771819293498993,0.1698644459247589,0.16119477152824402
0.0341796875,0.332652747631073,0.0,0.0,0.0,0.46875,0.14207890629768372,1.2623118162155151,0.0,0.5770649313926697,0.053699791431427,0.44921875,3.5976052284240723,0,-1.3935247659683228,0.5194244384765625,18.172094345092773,1.0728394985198975,0.9991645216941833,0.10000000149011612,0.4789043664932251,0.023189587518572807,0.027231281623244286,254.7142791748047,0.0,0.3948321044445038,864957.0,0.03404970467090607,0.20814426243305206,0.3506564199924469,58.0,8.719243049621582,9.20889949798584,3.1546759605407715,0.0,6238.0,864958.0,662.0,0.0019581166561692953,0.0,1.0,0.0031545741949230433,815996.3125,276735.53125,542.952392578125,1275.0,0.0,317.0,2764.0,864957.0,-0.4742870330810547,-1.9126759767532349,0.2164655178785324,0.0072539872489869595,103.0,2049.0,1.464433193206787,0.28842639923095703,0.0,4.094507217407227,0.1670629382133484,,,-0.0865023136138916,796498.0,-0.014568991959095001,-0.003866300219669938,1.0471913814544678,-0.00710580637678504,4039.0,0.0,864958.0,66.86204528808594,65.0,0.023516641929745674,58.815738677978516,0.36236974596977234,2.960158348083496,42.0,16384.0,0.03905836492776871,0.047677744179964066,0.3065209984779358,0.31476980447769165,0.03333333507180214,215.97186279296875,0.6335408091545105,0.9106897711753845,1.2694190740585327,-0.0014650945086032152,-0.5810654163360596,0.15107181668281555,0.07177734375,0.8914616703987122,0.6794500946998596,0.0,0.0012203307123854756,1.0,1.0,0.9029326438903809,0.02435283176600933,0.22858019173145294,0.6230300664901733,0.6452350616455078,0.8987140655517578,0.9722645878791809,0.5424200296401978,19.074865341186523,1.2881108522415161,1.0,-0.00023215709370560944,0.23129650950431824,0.9381310939788818,0.8992449641227722,0.7215710878372192,0.13358061015605927,0.1360354721546173,1.8593967752167373e-06,-4.826780059374869e-05,0.9397086501121521,0.9079784154891968,0.7274138927459717,0.14341025054454803,0.15553507208824158,0.9393272995948792,0.9064733386039734,0.7269799113273621,0.14385263621807098,0.15551026165485382,17999,4.281306266784668,,,,,,,,,,,,,0.16179347038269043,0.0701344907283783,0.0705469399690628,0.28850096464157104,0.12595096230506897,0.1102662980556488,0.0,0.007618516683578491,0.00909508764743805,0.17850707471370697,0.17088855803012848,0.16179347038269043
,,,,,,,,,,,,,0,,,,,,,,,,,,,,,,,,,,,,,,,,,,,,,,,,,,,,,,,,,,,,,,0.005513297859579325,0.4441309869289398,,,,,,,,,,,,,,,,,,,,,,,,,,,,,,,,,,,,,,,,,,,,,,,,,,,,,,,,,,,,,,,,,,,17999,,0.8372513651847839,311.1038513183594,336.1634521484375,25.059602737426758,1.5973979234695435,312.70123291015625,308.69647216796875,310.2649230957031,338.62347412109375,1.8577642440795898,343.9893493652344,342.131591796875,,,,,,,,,,,,
0.038818359375,0.3402462303638458,0.0,0.0,0.0,0.5,0.14243115484714508,1.3413447141647339,0.0,0.5822715759277344,0.0541556291282177,0.451171875,3.615767478942871,0,-1.418411374092102,0.5228516459465027,14.253904342651367,1.0859946012496948,0.9991905689239502,0.10000000149011612,0.4786897599697113,0.023363955318927765,0.02742707170546055,330.93878173828125,1.0,0.40412965416908264,889085.0,0.032937463372945786,0.2075946182012558,0.3089348375797272,67.0,8.845425605773926,9.318456649780273,3.1546759605407715,0.0,6371.0,889086.0,23.0,0.0010048274416476488,0.0,4.0,0.012618296779692173,840124.3125,287696.40625,612.1428833007812,1287.0,0.0,317.0,2804.0,889085.0,1.1543769836425781,-3.096907377243042,0.222683385014534,0.006336691789329052,90.0,2048.0,1.5570911169052124,0.2890332341194153,0.0,3.927619457244873,0.1627587378025055,,,-0.08296879380941391,820614.0,-0.014060955494642258,-0.002385915257036686,1.0438716411590576,-0.00933779776096344,4091.0,0.040816325694322586,889086.0,67.28546905517578,62.0,0.02211126871407032,58.139556884765625,0.3572463095188141,2.8932857513427734,49.0,16384.0,0.039295636117458344,0.04792407900094986,0.3027893006801605,0.31046274304389954,0.03333333507180214,226.87298583984375,0.6254544854164124,0.9173439145088196,1.2727458477020264,0.002083165105432272,-0.5745987892150879,0.18225820362567902,0.10302734375,0.8800856471061707,0.7494646906852722,0.0,0.0010780199663713574,1.0,1.0,0.9163680076599121,0.02696155570447445,0.22536200284957886,0.6307848691940308,0.6793724298477173,0.9477877616882324,0.976000189781189,0.5548591613769531,19.270645141601562,1.1206012964248657,1.0,-0.0002718058240134269,0.23142288625240326,0.9380279779434204,0.8988202214241028,0.7214248180389404,0.1326482594013214,0.13530564308166504,3.890848165610805e-05,-2.8477181331254542e-05,0.939545214176178,0.9072815775871277,0.727211594581604,0.14340613782405853,0.15538160502910614,0.9392240643501282,0.9060553312301636,0.7269928455352783,0.143037810921669,0.15483587980270386,18499,4.3604736328125,,,,,,,,,,,,,0.16346409916877747,0.07018326222896576,0.07066842168569565,0.2837234139442444,0.12701377272605896,0.11051451414823532,0.0,0.008262425661087036,0.009514659643173218,0.18124118447303772,0.17297875881195068,0.16346409916877747
0.029296875,0.3274959325790405,0.0,0.0,0.0,0.6875,0.14309221506118774,1.3443857431411743,0.0,0.5769048929214478,0.05352192372083664,0.45703125,3.649087905883789,0,-1.4422566890716553,0.5192541480064392,16.436376571655273,1.102716088294983,0.9991965293884277,0.10000000149011612,0.47863394021987915,0.023503988981246948,0.027602627873420715,269.4375,0.0,0.4079051911830902,913321.0,0.03314287215471268,0.2107735127210617,0.30273041129112244,70.0,9.028390884399414,9.375221252441406,3.1546759605407715,0.0,6461.0,913322.0,438.0,0.0015005461173132062,0.0,4.0,0.012618296779692173,864360.3125,295538.09375,556.8958129882812,1305.0,0.0,317.0,2862.0,913321.0,-1.049234390258789,-2.419949531555176,0.22647544741630554,0.006436890922486782,96.0,2048.0,1.484901785850525,0.295415461063385,0.0,4.016862392425537,0.16468869149684906,,,-0.08134128153324127,844838.0,-0.013881325721740723,-0.004354001022875309,1.0439229011535645,-0.006233937572687864,4167.0,0.0,913322.0,61.49873733520508,59.0,0.020614953711628914,61.57805633544922,0.3499439060688019,3.032785415649414,48.0,16384.0,0.03969890624284744,0.04775979742407799,0.3021731972694397,0.3095985949039459,0.03333333507180214,207.00083923339844,0.6209446787834167,0.8955281972885132,1.2752050161361694,0.0175244752317667,-0.5720296502113342,0.16085779666900635,0.0703125,0.9416491985321045,0.7599580883979797,0.0,0.0013831856194883585,1.0,1.0,0.9507410526275635,0.0316028818488121,0.2268468588590622,0.6550812721252441,0.5987842082977295,0.9640763401985168,0.9800172448158264,0.5608459115028381,19.454343795776367,1.163825273513794,1.0,-0.0004777305293828249,0.23126111924648285,0.9378524422645569,0.8980537056922913,0.7203398942947388,0.13444562256336212,0.13660110533237457,-0.00024334905901923776,-9.339579992229119e-05,0.9393892288208008,0.9066755175590515,0.7269132137298584,0.14354676008224487,0.15537621080875397,0.9390738010406494,0.9054209589958191,0.7258270382881165,0.14480890333652496,0.15620854496955872,18999,4.360055446624756,,,,,,,,,,,,,0.16358639299869537,0.07022352516651154,0.07105208933353424,0.2883928418159485,0.12836980819702148,0.1112549677491188,0.0,0.008987635374069214,0.010342732071876526,0.1829167604446411,0.1739291250705719,0.16358639299869537
0.032958984375,0.33950603008270264,0.0,0.0,0.0,0.6875,0.14177094399929047,1.2949002981185913,0.0,0.5800635814666748,0.054065119475126266,0.45703125,3.6750667095184326,0,-1.4649885892868042,0.5235263705253601,14.519659042358398,1.1119940280914307,0.9991806745529175,0.10000000149011612,0.4785202443599701,0.023604795336723328,0.02771494910120964,378.2558288574219,0.0,0.4142863154411316,937118.0,0.03198828920722008,0.20078729093074799,0.26628822088241577,73.0,9.268138885498047,9.786681175231934,3.1546759605407715,0.0,6542.0,937119.0,446.0,0.001484666601754725,0.0,4.0,0.012618296779692173,888157.3125,303644.125,659.3023071289062,1305.0,0.0,317.0,2938.0,937118.0,-0.9478645324707031,-4.315826416015625,0.23043857514858246,0.010750988498330116,102.0,2048.0,1.5723016262054443,0.31276023387908936,0.0,3.984961986541748,0.16802343726158142,,,-0.07232411205768585,868574.0,-0.01238524541258812,-0.0034558081533759832,1.0389597415924072,-0.006962229497730732,4243.0,0.0,937119.0,72.90584564208984,70.0,0.02382573112845421,61.6214599609375,0.34081894159317017,2.7624011039733887,43.0,16384.0,0.03992884233593941,0.04801258444786072,0.30192989110946655,0.3082246482372284,0.05000000074505806,224.3251953125,0.6114421486854553,0.9215853214263916,1.2774683237075806,0.007812297437340021,-0.5719286799430847,0.15225067734718323,0.072265625,0.9002723097801208,0.8039482831954956,0.0,0.0009728568256832659,1.0,1.0,0.89035964012146,0.03101142682135105,0.22567294538021088,0.6507620811462402,0.6562007069587708,0.9259629249572754,0.9795759320259094,0.553370475769043,19.63764762878418,1.2888531684875488,1.0,-0.00021427450701594353,0.23114758729934692,0.9376426935195923,0.8970720171928406,0.7210947871208191,0.1342460662126541,0.13604454696178436,0.00010574192128842697,-8.726310625206679e-06,0.9392281174659729,0.9059975743293762,0.7266896963119507,0.1440853327512741,0.15560099482536316,0.9388778805732727,0.9044783115386963,0.7267150282859802,0.14456678926944733,0.15544544160366058,19499,4.001955032348633,,,,,,,,,,,,,0.1623554676771164,0.06973724812269211,0.07056893408298492,0.27455437183380127,0.1276550441980362,0.11094971746206284,0.0,0.009160816669464111,0.010338202118873596,0.1818544864654541,0.17269366979599,0.1623554676771164
0.04052734375,0.3549937605857849,0.0,0.0,0.0,0.6875,0.14495162665843964,1.31778085231781,0.0,0.5863086581230164,0.05438954755663872,0.458984375,3.6805808544158936,0,-1.4866209030151367,0.530911386013031,20.32115364074707,1.1245335340499878,0.9991952180862427,0.10000000149011612,0.47838127613067627,0.02370028756558895,0.02779659442603588,301.5652160644531,0.0,0.41306808590888977,960934.0,0.03179800882935524,0.20111113786697388,0.2699658274650574,75.0,9.589905738830566,9.936616897583008,3.1546759605407715,0.0,6638.0,960935.0,188.0,0.0005509983166120946,0.0,4.0,0.012618296779692173,911973.3125,307625.875,588.3695678710938,1312.0,0.0,317.0,3040.0,960934.0,-1.1099376678466797,-3.4420206546783447,0.23348182439804077,0.006278389599174261,83.0,2051.0,1.4573097229003906,0.29068464040756226,0.0,4.1130876541137695,0.18009229004383087,,,-0.0749598816037178,892378.0,-0.012894383631646633,-0.0013507773401215672,1.0400373935699463,-0.005941356997936964,4352.0,0.0,960935.0,59.108306884765625,53.0,0.01743421144783497,76.85261535644531,0.3295234441757202,3.0593643188476562,46.0,16384.0,0.040166281163692474,0.04816146939992905,0.29956620931625366,0.3063395023345947,0.03333333507180214,204.4773406982422,0.6032401323318481,0.8986168503761292,1.2829265594482422,0.007858949713408947,-0.5732647776603699,0.1348375827074051,0.061767578125,0.8618420958518982,0.6180921196937561,0.0,0.0012185648083686829,1.0,1.0,0.8910825252532959,0.0362405963242054,0.24216338992118835,0.5917433500289917,0.5944617986679077,0.9289134740829468,0.9099762439727783,0.5552747845649719,19.81039810180664,1.1676279306411743,1.0,-2.8220476451679133e-05,0.2313024252653122,0.9375289082527161,0.8964167833328247,0.7217162847518921,0.13346558809280396,0.1352190226316452,0.0003063325711991638,5.5677464843029156e-05,0.9390721917152405,0.9052468538284302,0.7268106341362,0.14410895109176636,0.15539245307445526,0.9387626647949219,0.9038270115852356,0.7276154160499573,0.14379800856113434,0.15467028319835663,19999,4.235313415527344,,,,,,,,,,,,,0.16270719468593597,0.06958341598510742,0.06995564699172974,0.27740275859832764,0.1304132044315338,0.1118590235710144,0.0,0.010029301047325134,0.011025354266166687,0.1837618499994278,0.17373254895210266,0.16270719468593597
0.02685546875,0.3442857265472412,0.0,0.0,0.0,0.53125,0.14211325347423553,1.2829314470291138,0.0,0.5869268774986267,0.053851883858442307,0.46484375,3.705155849456787,0,-1.5073250532150269,0.5368438363075256,18.326274871826172,1.1360646486282349,0.9991862773895264,0.10000000149011612,0.47824153304100037,0.02385658398270607,0.027974756434559822,345.313720703125,0.0,0.41811808943748474,985066.0,0.03212553262710571,0.2023349404335022,0.2751083970069885,75.0,9.750788688659668,10.103469848632812,3.1546759605407715,0.0,6721.0,985067.0,602.0,0.0018985939677804708,0.0,4.0,0.012618296779692173,936105.3125,318214.03125,628.568603515625,1317.0,0.0,317.0,3091.0,985066.0,-0.8267021179199219,-3.1613285541534424,0.23611080646514893,0.008186138235032558,94.0,2049.0,1.4372224807739258,0.27788877487182617,0.0,3.962815284729004,0.17297369241714478,,,-0.0680835023522377,916500.0,-0.011775566264986992,-0.0018851993372663856,1.0372830629348755,-0.005486784037202597,4408.0,0.0,985067.0,69.78233337402344,63.0,0.020381754264235497,59.05418395996094,0.32399606704711914,2.729081153869629,51.0,16384.0,0.04039511829614639,0.04831726476550102,0.29837653040885925,0.3031063377857208,0.03333333507180214,217.82977294921875,0.6061022281646729,0.902149498462677,1.2861847877502441,0.0023456267081201077,-0.5753593444824219,0.15391458570957184,0.07373046875,0.8595923781394958,0.7457133531570435,0.0,0.0012238930212333798,1.0,1.0,0.9121115207672119,0.03944993391633034,0.22996839880943298,0.5993477702140808,0.6034085154533386,0.8864388465881348,0.9351400136947632,0.5656236410140991,19.972393035888672,1.2399474382400513,1.0,-0.0005894484929740429,0.2312345802783966,0.9374091625213623,0.8959689140319824,0.7208052277565002,0.13412083685398102,0.13602811098098755,-0.00040954805444926023,-5.777166279585799e-06,0.9389330744743347,0.904633641242981,0.7269747853279114,0.14409998059272766,0.15525949001312256,0.9386498332023621,0.90340256690979,0.726509690284729,0.14446431398391724,0.15556231141090393,20499,4.339184761047363,,,,,,,,,,,,,0.16399303078651428,0.07026982307434082,0.071284219622612,0.28034165501594543,0.129717618227005,0.11056118458509445,0.0,0.01066330075263977,0.011571407318115234,0.1862277388572693,0.17556443810462952,0.16399303078651428
0.02734375,0.3691847324371338,0.0,0.0,0.0,0.625,0.14440231025218964,1.302590250968933,0.0,0.5799772143363953,0.054374344646930695,0.46484375,3.724740505218506,0,-1.5270556211471558,0.5191733837127686,17.09340476989746,1.1478303670883179,0.9991754293441772,0.10000000149011612,0.4781742990016937,0.023976542055606842,0.028123630210757256,290.4375,0.0,0.4203397035598755,1009271.0,0.03380745276808739,0.21411827206611633,0.3014441132545471,76.0,10.056782722473145,10.363790512084961,3.1546759605407715,0.0,6799.0,1009272.0,146.0,0.00040362111758440733,0.0,4.0,0.012618296779692173,960310.3125,322903.71875,574.7291870117188,1318.0,0.0,317.0,3188.0,1009271.0,-0.9936618804931641,-2.6396284103393555,0.24014873802661896,0.0077897063456475735,90.0,2049.0,1.673540472984314,0.3215995728969574,0.0,4.068384647369385,0.17537856101989746,,,-0.069172702729702,940680.0,-0.012029126286506653,-0.0013527593109756708,1.0373387336730957,-0.004010929260402918,4506.0,0.0,1009272.0,61.00310134887695,59.0,0.01850690133869648,78.57623291015625,0.31490859389305115,2.9881787300109863,48.0,16384.0,0.040534764528274536,0.04839532822370529,0.29449358582496643,0.3005593717098236,0.03333333507180214,199.52987670898438,0.5969682335853577,0.8920657634735107,1.2872740030288696,-0.0010804905323311687,-0.5782011151313782,0.17908956110477448,0.078125,0.9344416856765747,0.7327477931976318,0.0,0.001086579286493361,1.0,1.0,0.9068794250488281,0.04547177255153656,0.2180512249469757,0.6204627752304077,0.6039373278617859,0.9608962535858154,0.937802791595459,0.5658919215202332,20.12535858154297,1.2461814880371094,1.0,-0.00017678990843705833,0.23131074011325836,0.9373092651367188,0.8955082893371582,0.7210431098937988,0.13404367864131927,0.1358252614736557,8.69947689352557e-05,-1.816212898120284e-05,0.93880695104599,0.9040511846542358,0.7268425822257996,0.14424802362918854,0.1553468108177185,0.9385612607002258,0.9029828310012817,0.7267619967460632,0.14457710087299347,0.15546178817749023,20999,4.227078437805176,,,,,,,,,,,,,0.1633557826280594,0.06926117837429047,0.07044927775859833,0.27304741740226746,0.13021981716156006,0.11122721433639526,0.0,0.01106773316860199,0.011772289872169495,0.18619580566883087,0.17512807250022888,0.1633557826280594
0.0262451171875,0.3418029546737671,0.0,0.0,0.0,0.46875,0.14379093050956726,1.326648235321045,0.0,0.5837313532829285,0.054295074194669724,0.46484375,3.742694854736328,0,-1.5456393957138062,0.528650164604187,15.720683097839355,1.1583269834518433,0.999225378036499,0.10000000149011612,0.4780188798904419,0.024102922528982162,0.028267337009310722,279.25,0.0,0.424830824136734,1033274.0,0.03318415582180023,0.21318580210208893,0.30778566002845764,76.0,10.293375968933105,10.459342002868652,3.1546759605407715,0.0,6902.0,1033275.0,1799.0,0.005910095758736134,0.0,4.0,0.012618296779692173,984313.3125,331884.75,564.5,1324.0,0.0,317.0,3263.0,1033274.0,-0.28914833068847656,-2.1409664154052734,0.24205301702022552,0.010094593279063702,90.0,2048.0,1.565590262413025,0.31184279918670654,0.0,4.045753479003906,0.18226023018360138,,,-0.06880193948745728,964689.0,-0.01201777532696724,-0.0013120191870257258,1.0370652675628662,-0.00574817880988121,4587.0,0.0,1033275.0,58.595741271972656,55.0,0.016855653375387192,70.28306579589844,0.306641161441803,2.9402363300323486,44.0,16384.0,0.04083001986145973,0.04838065057992935,0.2941206693649292,0.3010014295578003,0.03333333507180214,223.9019775390625,0.5938467383384705,0.8955036997795105,1.2883371114730835,-0.010134038515388966,-0.577271580696106,0.17603623867034912,0.06591796875,0.9059147834777832,0.6892430186271667,0.0,0.0012986883521080017,1.0,1.0,0.7697460651397705,0.044065941125154495,0.25038209557533264,0.6823171377182007,0.638666033744812,0.9465128779411316,0.9574481248855591,0.5418525338172913,20.26825523376465,1.251626968383789,1.0,-0.000183384123374708,0.2312510907649994,0.9372214674949646,0.8950871825218201,0.7208462953567505,0.13373738527297974,0.1350981742143631,0.00010176265641348436,-2.7789847081294283e-05,0.938693642616272,0.903527021408081,0.7267006039619446,0.14433564245700836,0.1552640199661255,0.9384804964065552,0.9025588631629944,0.7265483736991882,0.1442599594593048,0.15464109182357788,21499,4.329148292541504,,,,,,,,,,,,,0.16450810432434082,0.07002515345811844,0.07084335386753082,0.2802075147628784,0.133611261844635,0.11325176060199738,0.0,0.011967450380325317,0.012746244668960571,0.1892217993736267,0.1772543489933014,0.16450810432434082
0.03271484375,0.33615851402282715,0.0,0.0,0.0,0.75,0.14524100720882416,1.297192096710205,0.0,0.5874726176261902,0.05380282551050186,0.470703125,3.762383222579956,0,-1.5632330179214478,0.5394120216369629,17.90049934387207,1.1693522930145264,0.9991605281829834,0.10000000149011612,0.4778587222099304,0.02426142431795597,0.02842121757566929,316.4358825683594,0.0,0.4269239902496338,1056781.0,0.032065123319625854,0.20642659068107605,0.3021244704723358,76.0,10.38170337677002,10.49062442779541,3.1546759605407715,0.0,7015.0,1056782.0,181.0,0.0005394033505581319,0.0,4.0,0.012618296779692173,1007820.3125,344042.40625,599.3076782226562,1335.0,0.0,317.0,3291.0,1056781.0,-1.3686389923095703,-3.614574670791626,0.24451708793640137,0.009700235910713673,95.0,2048.0,1.6277265548706055,0.33410322666168213,0.0,3.87106990814209,0.1757236272096634,,,-0.06435691565275192,988187.0,-0.011289985850453377,0.0005756109021604061,1.0349804162979126,-0.005734601058065891,4626.0,0.0,1056782.0,65.0887451171875,64.0,0.019446976482868195,74.74496459960938,0.3042030930519104,2.8249385356903076,39.0,16384.0,0.04109911993145943,0.0483224093914032,0.2924610376358032,0.29711973667144775,0.03333333507180214,237.24343872070312,0.5881931185722351,0.9100492596626282,1.29324471950531,-0.002106838393956423,-0.5859946608543396,0.1542654186487198,0.04833984375,0.8924338817596436,0.5712549090385437,0.0,0.0009652759181335568,1.0,1.0,0.7500286102294922,0.03497328236699104,0.25847554206848145,0.6958019137382507,0.6371166110038757,0.9479824304580688,0.9277015924453735,0.554600715637207,20.404170989990234,1.2117975950241089,1.0,-0.00028674222994595766,0.23126298189163208,0.937144935131073,0.8943504095077515,0.721458911895752,0.1336023211479187,0.1345103532075882,1.463168973714346e-05,5.1008879381697625e-05,0.9386030435562134,0.9030305743217468,0.7269134521484375,0.1442621797323227,0.15485244989395142,0.9384058117866516,0.901849627494812,0.7273839116096497,0.14408990740776062,0.15400858223438263,21999,4.406108856201172,,,,,,,,,,,,,0.1640000194311142,0.06971286237239838,0.07119668275117874,0.28004002571105957,0.13461512327194214,0.11332987248897552,0.0,0.012627199292182922,0.013127461075782776,0.1897546797990799,0.17712748050689697,0.1640000194311142
0.026611328125,0.3257785439491272,0.0,0.0,0.0,0.625,0.14528779685497284,1.3515751361846924,0.0,0.5898151993751526,0.05479191243648529,0.470703125,3.7664594650268555,0,-1.580005407333374,0.5290359258651733,15.231463432312012,1.1768006086349487,0.9991831183433533,0.10000000149011612,0.4777758717536926,0.02432340197265148,0.028488172218203545,271.625,1.0,0.42975670099258423,1080562.0,0.03175283968448639,0.20337191224098206,0.3053302466869354,83.0,10.447949409484863,11.074602127075195,3.1546759605407715,0.0,7127.0,1080563.0,272.0,0.0008528887992724776,0.0,4.0,0.012618296779692173,1031601.3125,357762.90625,557.5,1336.0,0.0,317.0,3312.0,1080562.0,-0.8465576171875,-2.349719524383545,0.2470160722732544,0.008945051580667496,113.0,2048.0,1.676848292350769,0.3218269944190979,0.0,3.899195671081543,0.19820630550384521,,,-0.055865976959466934,1011896.0,-0.009846004657447338,0.0008089804323390126,1.030652642250061,-0.0041352431289851665,4648.0,0.0,1080563.0,77.7238998413086,82.0,0.02475845441222191,82.91045379638672,0.30233100056648254,2.7386744022369385,48.0,16384.0,0.04128442332148552,0.04840005189180374,0.29025521874427795,0.29613304138183594,0.05000000074505806,209.84083557128906,0.5846680998802185,0.9050387740135193,1.2942347526550293,-0.005788892973214388,-0.5818883180618286,0.15142852067947388,0.0712890625,0.854468584060669,0.7352052927017212,0.0,0.0010932069271802902,1.0,1.0,0.9171628952026367,0.042960572987794876,0.24739490449428558,0.6264201402664185,0.632692813873291,0.9387449026107788,0.9638929963111877,0.5725020170211792,20.53515625,1.209071397781372,1.0,-0.0002420964156044647,0.2312946766614914,0.9370285272598267,0.8937824964523315,0.7215281128883362,0.13380803167819977,0.13484446704387665,7.479552004951984e-05,3.5870263673132285e-05,0.9385048151016235,0.9024259448051453,0.7270699739456177,0.14425595104694366,0.1546240895986557,0.9383019208908081,0.9013397693634033,0.727464497089386,0.1442604809999466,0.1544468104839325,22499,4.264176845550537,,,,,,,,,,,,,0.16570031642913818,0.06964230537414551,0.07115188241004944,0.2729030251502991,0.13255515694618225,0.11260320991277695,0.0,0.012726247310638428,0.013176769018173218,0.19160333275794983,0.1788770854473114,0.16570031642913818
0.021484375,0.3406198024749756,0.0,0.0,0.0,0.625,0.14496904611587524,1.3623491525650024,0.0,0.5894753336906433,0.05475436896085739,0.47265625,3.776250123977661,0,-1.5956803560256958,0.5351858139038086,17.741954803466797,1.1844289302825928,0.9991903305053711,0.10000000149011612,0.4775990843772888,0.024418942630290985,0.028611402958631516,297.4444580078125,0.0,0.4315550923347473,1104610.0,0.03118104673922062,0.19940432906150818,0.2995169758796692,81.0,10.561514854431152,10.956480026245117,3.1546759605407715,0.0,7240.0,1104611.0,339.0,0.0010956190526485443,0.0,4.0,0.012618296779692173,1055649.25,366651.71875,581.977783203125,1359.0,0.0,317.0,3348.0,1104610.0,-0.37079811096191406,-2.64749813079834,0.2493322193622589,0.01502941083163023,114.0,2050.0,1.6370614767074585,0.342268705368042,0.0,3.8748939037323,0.1685558259487152,,,-0.059623051434755325,1035958.0,-0.010585073381662369,0.0009664622484706342,1.0316886901855469,-0.0039606415666639805,4707.0,0.0,1104611.0,75.95844268798828,78.0,0.023297490552067757,77.71258544921875,0.2988670766353607,2.677077054977417,45.0,16384.0,0.041491031646728516,0.04853450879454613,0.2924802303314209,0.2961384654045105,0.05000000074505806,211.1894989013672,0.582339882850647,0.898500919342041,1.3017183542251587,0.00021913566160947084,-0.5854276418685913,0.17391912639141083,0.05517578125,0.9112903475761414,0.7347670197486877,0.0,0.0011401732917875051,1.0,1.0,0.8317205905914307,0.04931378737092018,0.2356376349925995,0.6114660501480103,0.5576763153076172,0.9622361660003662,0.9436839818954468,0.5629597306251526,20.654335021972656,1.2792128324508667,1.0,-0.0005422770045697689,0.23125922679901123,0.9369096159934998,0.8933346271514893,0.7203418016433716,0.13412348926067352,0.13491611182689667,-0.00029065884882584214,-6.437699630623683e-05,0.9384075403213501,0.9019129872322083,0.7269958257675171,0.14429119229316711,0.15457230806350708,0.9381881356239319,0.9008876085281372,0.7261230945587158,0.1445022076368332,0.15453916788101196,22999,4.018736362457275,,,,,,,,,,,,,0.16327928006649017,0.06857473403215408,0.07008974254131317,0.26774781942367554,0.1320042908191681,0.11211773753166199,0.0,0.013389542698860168,0.013561040163040161,0.1902298629283905,0.17684032022953033,0.16327928006649017
0.0260009765625,0.3480825424194336,0.0,0.0,0.0,0.5625,0.14580942690372467,1.3285541534423828,0.0,0.5909157991409302,0.05500321835279465,0.47265625,3.8014299869537354,0,-1.610286831855774,0.5295011401176453,15.245664596557617,1.193332552909851,0.9992022514343262,0.10000000149011612,0.4775366485118866,0.024514855816960335,0.028719833120703697,316.0,0.0,0.43398672342300415,1128626.0,0.031222287565469742,0.2003035992383957,0.28458139300346375,81.0,10.640378952026367,10.944480895996094,3.1546759605407715,0.0,7322.0,1128627.0,603.0,0.0019101806683465838,0.0,4.0,0.012618296779692173,1079665.25,378931.59375,600.8200073242188,1371.0,0.0,317.0,3373.0,1128626.0,-1.0891475677490234,-3.175585985183716,0.25112369656562805,0.011646228842437267,110.0,2048.0,1.5961225032806396,0.3113579750061035,0.0,3.946458578109741,0.1686113476753235,,,-0.061131853610277176,1059985.0,-0.010928732343018055,-0.0008836736669763923,1.032423734664917,-0.0014034732012078166,4744.0,0.0,1128627.0,78.49457550048828,78.0,0.0231248140335083,71.40284729003906,0.2966538369655609,2.5953211784362793,50.0,16384.0,0.04157385602593422,0.04863050952553749,0.2899841070175171,0.29761216044425964,0.05000000074505806,227.87252807617188,0.5799635648727417,0.9067310690879822,1.2976499795913696,0.004733582492917776,-0.5715593099594116,0.15984472632408142,0.07177734375,0.8556181192398071,0.7002668380737305,0.0,0.0011243458138778806,1.0,1.0,0.7553799152374268,0.061177462339401245,0.23712679743766785,0.6398962736129761,0.6295203566551208,0.9416319131851196,0.9641194939613342,0.5577079653739929,20.766695022583008,1.2505289316177368,1.0,-0.00020130026678089052,0.231201633810997,0.9368423223495483,0.8928132653236389,0.7204582095146179,0.13460767269134521,0.13516342639923096,2.4730981749598868e-05,-6.338109233183786e-05,0.9383126497268677,0.9014207124710083,0.7265870571136475,0.14450198411941528,0.15463891625404358,0.9381184577941895,0.9004089832305908,0.7260386347770691,0.14512552320957184,0.1548893004655838,23499,4.422203063964844,,,,,,,,,,,,,0.16777187585830688,0.07024955749511719,0.07118818163871765,0.2731906771659851,0.132661834359169,0.11177968233823776,0.0,0.013754859566688538,0.013944447040557861,0.19547118246555328,0.18171632289886475,0.16777187585830688
0.035888671875,0.33660492300987244,0.0,0.0,0.0,0.59375,0.14550693333148956,1.3035895824432373,0.0,0.5932159423828125,0.055175989866256714,0.478515625,3.8188328742980957,0,-1.6239471435546875,0.5338889360427856,16.033145904541016,1.1966112852096558,0.999207079410553,0.10000000149011612,0.47749048471450806,0.024670766666531563,0.028895501047372818,247.72727966308594,0.0,0.4363693594932556,1152807.0,0.03134436160326004,0.2032240927219391,0.2834857404232025,81.0,10.798107147216797,11.003031730651855,3.1546759605407715,0.0,7391.0,1152808.0,560.0,0.001856021350249648,0.0,4.0,0.012618296779692173,1103846.25,390031.71875,538.1363525390625,1377.0,0.0,317.0,3423.0,1152807.0,-1.132162094116211,-2.26261830329895,0.25286200642585754,0.008358163759112358,107.0,2048.0,1.5599768161773682,0.3147006630897522,0.0,3.977362871170044,0.18508078157901764,,,-0.06636667996644974,1084157.0,-0.011915940791368484,-0.0017922199331223965,1.035158395767212,-0.0011437148787081242,4800.0,0.0,1152808.0,68.4693374633789,72.0,0.021034181118011475,92.50999450683594,0.292339026927948,2.819399356842041,44.0,16384.0,0.04170053079724312,0.04863661900162697,0.2904864549636841,0.29641270637512207,0.05000000074505806,224.87152099609375,0.57844477891922,0.9140914082527161,1.301186442375183,0.0027784276753664017,-0.5757455825805664,0.13743427395820618,0.060302734375,0.9070990085601807,0.6751387715339661,0.0,0.0011573206866160035,1.0,1.0,0.8414945602416992,0.05731331929564476,0.24833352863788605,0.596538782119751,0.556179404258728,0.9646915793418884,0.9045191407203674,0.5730555057525635,20.870609283447266,1.2975674867630005,1.0,-0.000224054092541337,0.23114490509033203,0.9367651343345642,0.8921892046928406,0.7210668325424194,0.1345888078212738,0.13507895171642303,6.267068238230422e-05,1.9900991901522502e-05,0.938221275806427,0.9008735418319702,0.7266067266464233,0.14473582804203033,0.15468384325504303,0.938043475151062,0.8997908234596252,0.7268437743186951,0.14506745338439941,0.15473628044128418,23999,4.120466232299805,,,,,,,,,,,,,0.1644843965768814,0.06913157552480698,0.06954938918352127,0.2606837749481201,0.1309388279914856,0.11143076419830322,0.0,0.013477474451065063,0.013589367270469666,0.19155123829841614,0.17807376384735107,0.1644843965768814
0.039794921875,0.3458321988582611,0.0,0.0,0.0,0.59375,0.14451339840888977,1.3662099838256836,0.0,0.5987355709075928,0.05534517019987106,0.474609375,3.8242921829223633,0,-1.636733055114746,0.5224733352661133,15.743438720703125,1.2079578638076782,0.9991804361343384,0.10000000149011612,0.4773789644241333,0.02475888840854168,0.029013141989707947,262.1568603515625,0.0,0.44037187099456787,1176939.0,0.03125017508864403,0.2028699666261673,0.28354087471961975,81.0,10.905363082885742,11.017989158630371,3.1546759605407715,0.0,7449.0,1176940.0,12.0,0.0035666038747876883,0.0,4.0,0.012618296779692173,1127978.25,403615.65625,551.0,1383.0,0.0,317.0,3457.0,1176939.0,0.6966533660888672,-1.9246740341186523,0.25448375940322876,0.011566869914531708,104.0,2050.0,1.7443208694458008,0.340193510055542,0.0,3.898608684539795,0.17803886532783508,,,-0.06451348215341568,1108289.0,-0.01161772757768631,-0.0010358921717852354,1.035294771194458,-0.003626049729064107,4840.0,0.019607843831181526,1176940.0,69.67164611816406,69.0,0.019959501922130585,72.38248443603516,0.2895194888114929,2.6600403785705566,51.0,16384.0,0.0419171005487442,0.048628661781549454,0.2866932153701782,0.29110878705978394,0.05000000074505806,218.45751953125,0.5740470886230469,0.9005839824676514,1.2999956607818604,0.008697494864463806,-0.5746484398841858,0.16716986894607544,0.0673828125,0.8860283493995667,0.6763089299201965,0.0,0.0010527430567890406,1.0,1.0,0.8194096088409424,0.06265249103307724,0.24739989638328552,0.5899863243103027,0.6267143487930298,0.9754058122634888,0.9405150413513184,0.5876874923706055,20.969322204589844,1.3586652278900146,1.0,-0.00041780038736760616,0.23112419247627258,0.9367350339889526,0.8918570876121521,0.7203913927078247,0.1345440149307251,0.1350032389163971,-0.00011947149323532358,-2.4290911824209616e-05,0.9381489157676697,0.9003820419311523,0.7265676259994507,0.14483807981014252,0.15466612577438354,0.938011884689331,0.8994863033294678,0.7262260913848877,0.1450105607509613,0.15458254516124725,24499,4.025437355041504,,,,,,,,,,,,,0.16732776165008545,0.06982274353504181,0.07112038880586624,0.26388025283813477,0.1338484138250351,0.11382198333740234,0.0,0.014539286494255066,0.014465272426605225,0.19633232057094574,0.18179303407669067,0.16732776165008545
0.0291748046875,0.3229818046092987,0.0,0.0,0.0,0.5,0.1452135145664215,1.3840367794036865,0.0,0.595273494720459,0.05526057630777359,0.4765625,3.842651128768921,0,-1.6487245559692383,0.5374690294265747,13.481264114379883,1.2125355005264282,0.9991763234138489,0.10000000149011612,0.47731590270996094,0.02481374517083168,0.029067790135741234,262.5957336425781,0.0,0.4370478093624115,1200914.0,0.03381956368684769,0.22225144505500793,0.3160754144191742,81.0,10.96214485168457,10.844054222106934,3.1546759605407715,0.0,7542.0,1200915.0,844.0,0.002501135692000389,0.0,4.0,0.012618296779692173,1151953.25,415259.96875,548.4042358398438,1416.0,0.0,317.0,3475.0,1200914.0,-0.4114036560058594,-1.5546034574508667,0.25533413887023926,0.0112872663885355,101.0,2052.0,1.5404729843139648,0.3050246238708496,0.0,3.9155051708221436,0.19276279211044312,,,-0.059898991137742996,1132284.0,-0.010836349800229073,-0.0011322132777422667,1.0319710969924927,-0.0007037416216917336,4891.0,0.0,1200915.0,71.65524291992188,67.0,0.019280575215816498,72.38661193847656,0.2879984676837921,2.591702938079834,47.0,16384.0,0.041986797004938126,0.04862168803811073,0.286965936422348,0.29207906126976013,0.06666667014360428,245.24606323242188,0.5711801648139954,0.9005600810050964,1.3034820556640625,-0.0012789557222276926,-0.5672412514686584,0.1596582680940628,0.058837890625,0.8941007256507874,0.7053237557411194,0.0,0.0013775918632745743,1.0,1.0,0.8248991966247559,0.06010188162326813,0.2454608678817749,0.6573734283447266,0.6046475768089294,0.9416316747665405,0.9258910417556763,0.5425079464912415,21.060941696166992,1.3725537061691284,1.0,-0.00010512960579944775,0.231124609708786,0.9367223381996155,0.891653299331665,0.7203275561332703,0.1346028596162796,0.1350249946117401,0.00017757690511643887,-3.6750774597749114e-05,0.9381009936332703,0.9000144600868225,0.7263346910476685,0.14499302208423615,0.15471461415290833,0.9379951357841492,0.8992912769317627,0.7261784672737122,0.1450776755809784,0.15460610389709473,24999,4.292084693908691,,,,,,,,,,,,,0.16849172115325928,0.07056429982185364,0.07188951224088669,0.26841405034065247,0.1356699913740158,0.11390332877635956,0.0,0.015152320265769958,0.014996826648712158,0.1986408680677414,0.18348854780197144,0.16849172115325928
0.037109375,0.3197779953479767,0.0,0.0,0.0,0.6875,0.1470148265361786,1.36212956905365,0.0,0.5969831943511963,0.05470314621925354,0.48046875,3.838531732559204,0,-1.6597658395767212,0.5360597372055054,14.748405456542969,1.2185406684875488,0.9991955757141113,0.10000000149011612,0.4772631525993347,0.024921583011746407,0.029202237725257874,327.2244873046875,0.0,0.4414036273956299,1224849.0,0.03374939411878586,0.22284792363643646,0.32240402698516846,81.0,10.97791862487793,10.773685455322266,3.1546759605407715,0.0,7609.0,1224850.0,153.0,0.00042198391747660935,0.0,4.0,0.012618296779692173,1175888.25,428336.625,606.5714111328125,1442.0,0.0,317.0,3480.0,1224849.0,-0.5783481597900391,-3.32051682472229,0.2562234103679657,0.010042627342045307,102.0,2050.0,1.594038724899292,0.30494412779808044,0.0,3.797607898712158,0.16956967115402222,,,-0.05691642314195633,1156095.0,-0.010342576541006565,-0.0012990784598514438,1.0308188199996948,-0.002056723227724433,4922.0,0.0,1224850.0,78.80780029296875,71.0,0.020402299240231514,59.38370895385742,0.2875566780567169,2.3474009037017822,49.0,16384.0,0.04213176295161247,0.04838251695036888,0.2857130467891693,0.2891758978366852,0.05000000074505806,225.35853576660156,0.5713697075843811,0.9046825766563416,1.3023529052734375,-0.0018802810227498412,-0.5783454775810242,0.17492815852165222,0.07080078125,0.9103448390960693,0.7511494159698486,0.0,0.001116854720748961,1.0,1.0,0.7726387977600098,0.056814879179000854,0.2507765293121338,0.6038048267364502,0.6173018217086792,0.9199369549751282,0.9719719290733337,0.5839167237281799,21.145713806152344,1.294369101524353,1.0,-0.00038089274312369525,0.23114503920078278,0.9367152452468872,0.8913677334785461,0.7208074927330017,0.13466867804527283,0.1349518746137619,-0.00013877166202291846,3.1651474273530766e-05,0.9380597472190857,0.8996484875679016,0.7264502644538879,0.14495570957660675,0.15460024774074554,0.937989354133606,0.8989984393119812,0.7265952825546265,0.1451064497232437,0.1545397788286209,25499,4.304425239562988,,,,,,,,,,,,,0.16758236289024353,0.07004664838314056,0.07145652174949646,0.2739357352256775,0.1369023621082306,0.11396954953670502,0.0,0.01617443561553955,0.015574157238006592,0.19933095574378967,0.18315652012825012,0.16758236289024353
0.0267333984375,0.3380033075809479,0.0,0.0,0.0,0.4375,0.14563758671283722,1.473671317100525,0.0,0.59376460313797,0.05575444549322128,0.482421875,3.8620805740356445,0,-1.6699072122573853,0.5258722305297852,12.336275100708008,1.22471022605896,0.9991950392723083,0.10000000149011612,0.47725796699523926,0.024967962875962257,0.029276760295033455,319.1777648925781,0.0,0.43773746490478516,1248627.0,0.0343879871070385,0.2305033951997757,0.34695953130722046,81.0,10.993691444396973,10.717899322509766,3.1546759605407715,0.0,7704.0,1248628.0,1019.0,0.0031412544194608927,0.0,4.0,0.012618296779692173,1199666.25,441935.9375,596.4888916015625,1462.0,0.0,317.0,3485.0,1248627.0,-0.7954006195068359,-4.1245198249816895,0.2577298581600189,0.010490218177437782,103.0,2048.0,1.629460334777832,0.3181818425655365,0.0,3.8463432788848877,0.18262754380702972,,,-0.05545726418495178,1179893.0,-0.010114573873579502,-0.0018780205864459276,1.0285214185714722,-0.0003003311576321721,4947.0,0.0,1248628.0,78.8211441040039,71.0,0.02037302777171135,54.065425872802734,0.28706178069114685,2.3484647274017334,45.0,16384.0,0.04227722808718681,0.048586469143629074,0.28522932529449463,0.2923278212547302,0.06666667014360428,218.03700256347656,0.5687611699104309,0.9068383574485779,1.303578495979309,0.005106836091727018,-0.5663459897041321,0.17884685099124908,0.06591796875,0.8697274327278137,0.6777618527412415,0.0,0.0013367381179705262,1.0,1.0,0.83349609375,0.04660600423812866,0.2605317234992981,0.5907588601112366,0.629885733127594,0.9298918843269348,0.9573895931243896,0.567375659942627,21.224035263061523,1.2416372299194336,1.0,-6.844205199740827e-05,0.23109757900238037,0.93670254945755,0.8910549879074097,0.7210726737976074,0.13479304313659668,0.1350291222333908,0.0001820605539251119,7.5103102972207125e-06,0.9380327463150024,0.8993431925773621,0.7264825701713562,0.14508986473083496,0.1546030342578888,0.9379653930664062,0.8986959457397461,0.7267306447029114,0.14525140821933746,0.1546194851398468,25999,4.274921894073486,,,,,,,,,,,,,0.1718236804008484,0.07152366638183594,0.07247178256511688,0.2712855637073517,0.13869604468345642,0.11602473258972168,0.0,0.01641714572906494,0.016020774841308594,0.20426160097122192,0.18784445524215698,0.1718236804008484
0.0196533203125,0.3166978359222412,0.0,0.0,0.0,0.5625,0.14325383305549622,1.3567204475402832,0.0,0.5982091426849365,0.054774634540081024,0.482421875,3.859501838684082,0,-1.6791911125183105,0.5344170331954956,15.758554458618164,1.229750633239746,0.9991821646690369,0.10000000149011612,0.4771428108215332,0.025024697184562683,0.029345678165555,367.0,0.0,0.44075289368629456,1272717.0,0.03483659401535988,0.2339264452457428,0.33877092599868774,81.0,11.059937477111816,10.802580833435059,3.1546759605407715,0.0,7740.0,1272718.0,686.0,0.0021167632658034563,0.0,4.0,0.012618296779692173,1223756.25,457780.875,641.219970703125,1462.0,0.0,317.0,3506.0,1272717.0,-1.1960735321044922,-3.2780258655548096,0.2584872543811798,0.015665573999285698,107.0,2048.0,1.5267715454101562,0.30289605259895325,0.0,3.9702978134155273,0.1663549840450287,,,-0.05208497494459152,1203904.0,-0.009532011114060879,-0.002042874926701188,1.0274158716201782,0.0022292130161076784,4968.0,0.0,1272718.0,83.44523620605469,72.0,0.02053622342646122,48.578006744384766,0.28535839915275574,2.2284319400787354,50.0,16384.0,0.04239116981625557,0.048629313707351685,0.2837147116661072,0.28843167424201965,0.06666667014360428,269.44952392578125,0.5702725052833557,0.9002125859260559,1.3058156967163086,0.0005371752777136862,-0.5843847990036011,0.15811288356781006,0.056884765625,0.9520821571350098,0.696805477142334,0.0,0.0012730991002172232,1.0,1.0,0.7716054916381836,0.04496845602989197,0.24258436262607574,0.6235619187355042,0.6003302335739136,0.9764615893363953,0.9295111894607544,0.5589131712913513,21.295392990112305,1.33251953125,1.0,-0.0004378065059427172,0.23116178810596466,0.9366670846939087,0.8905916213989258,0.7207274436950684,0.1342906653881073,0.13489563763141632,-0.00018278775678481907,3.845056653517531e-06,0.9380081295967102,0.8990065455436707,0.7265682220458984,0.14502525329589844,0.15458577871322632,0.9379293918609619,0.8982115983963013,0.7264170050621033,0.14480075240135193,0.15460507571697235,26499,4.3112101554870605,,,,,,,,,,,,,0.16707128286361694,0.06912510842084885,0.07115055620670319,0.26973772048950195,0.13570350408554077,0.11326929926872253,0.0,0.016546472907066345,0.01582227647304535,0.19944003224372864,0.1828935593366623,0.16707128286361694
0.02490234375,0.3326941728591919,0.0,0.0,0.0,0.6875,0.14535729587078094,1.4176830053329468,0.0,0.5950292348861694,0.05479925125837326,0.482421875,3.8673925399780273,0,-1.6876449584960938,0.528856635093689,16.46479606628418,1.2342233657836914,0.9991540908813477,0.10000000149011612,0.4770822525024414,0.025100933387875557,0.029440173879265785,360.0204162597656,0.0,0.4466114640235901,1296733.0,0.03432165086269379,0.22990989685058594,0.3181948959827423,81.0,11.104101181030273,10.723445892333984,3.1546759605407715,0.0,7788.0,1296734.0,929.0,0.0029194168746471405,0.0,4.0,0.012618296779692173,1247772.25,472751.1875,636.4898071289062,1470.0,0.0,317.0,3520.0,1296733.0,-1.0095272064208984,-3.9365782737731934,0.26017335057258606,0.014083512127399445,99.0,2049.0,1.5873003005981445,0.32972270250320435,0.0,4.030160427093506,0.16946537792682648,,,-0.048292823135852814,1227902.0,-0.008861610665917397,-0.0013506152899935842,1.025012731552124,0.0026522467378526926,4990.0,0.0,1296734.0,73.9166030883789,69.0,0.019602272659540176,89.67084503173828,0.28418588638305664,2.5573770999908447,49.0,16384.0,0.04248717799782753,0.04875310882925987,0.2838019132614136,0.28848031163215637,0.05000000074505806,243.90367126464844,0.5695924162864685,0.8926329016685486,1.307427167892456,0.009565538726747036,-0.5709918141365051,0.17034801840782166,0.05712890625,0.8417613506317139,0.7349432110786438,0.0,0.0016669066390022635,1.0,1.0,0.8339741230010986,0.04419305548071861,0.21773502230644226,0.5870141983032227,0.58199143409729,0.9250795245170593,0.9456452131271362,0.5576802492141724,21.358835220336914,1.3092412948608398,1.0,-0.00014013805775903165,0.2311178743839264,0.9366225600242615,0.8901915550231934,0.7206786870956421,0.13447581231594086,0.13484372198581696,0.00014360273780766875,-1.7923079212778248e-05,0.9379719495773315,0.898593544960022,0.7264458537101746,0.1449926495552063,0.15462398529052734,0.9378898739814758,0.8978328704833984,0.7264260649681091,0.14495442807674408,0.15458588302135468,26999,4.137650489807129,,,,,,,,,,,,,0.16819289326667786,0.06963247805833817,0.07124650478363037,0.27010148763656616,0.1366141438484192,0.11395110189914703,0.0,0.01683966815471649,0.01604899764060974,0.2010815590620041,0.1842418909072876,0.16819289326667786
,,,,,,,,,,,,,0,,,,,,,,,,,,,,,,,,,,,,,,,,,,,,,,,,,,,,,,,,,,,,,,0.004410306457430124,0.4399043917655945,,,,,,,,,,,,,,,,,,,,,,,,,,,,,,,,,,,,,,,,,,,,,,,,,,,,,,,,,,,,,,,,,,,26999,,0.8372513651847839,261.8564453125,287.84197998046875,25.985557556152344,3.7207438945770264,265.5771789550781,258.835693359375,262.45367431640625,289.8031921386719,4.381783962249756,297.2410888671875,292.8592834472656,,,,,,,,,,,,
0.042236328125,0.32893678545951843,0.0,0.0,0.0,0.75,0.14595067501068115,1.3911490440368652,0.0,0.595779538154602,0.05464165657758713,0.48046875,3.867363452911377,0,-1.6952532529830933,0.5316354632377625,14.28012466430664,1.238191843032837,0.999186635017395,0.10000000149011612,0.47698891162872314,0.02513752691447735,0.029476817697286606,322.93182373046875,0.0,0.44762593507766724,1320791.0,0.034359175711870193,0.22682850062847137,0.31529390811920166,81.0,11.107255935668945,10.63882827758789,3.1546759605407715,0.0,7849.0,1320792.0,145.0,0.00038197633693926036,0.0,4.0,0.012618296779692173,1271830.25,488461.875,603.477294921875,1490.0,0.0,317.0,3521.0,1320791.0,-1.3313140869140625,-3.7099807262420654,0.26119911670684814,0.016647685319185257,103.0,2051.0,1.6992104053497314,0.34257420897483826,0.0,4.022768497467041,0.15545164048671722,,,-0.0459953173995018,1251961.0,-0.008463304489850998,-0.0009029485518112779,1.0247087478637695,0.0023282889742404222,5011.0,0.0,1320792.0,84.85388946533203,73.0,0.02073274552822113,41.65516662597656,0.28427281975746155,2.196016788482666,44.0,16384.0,0.04249250516295433,0.048857882618904114,0.28426188230514526,0.28903791308403015,0.06666667014360428,243.40660095214844,0.5652437806129456,0.8965683579444885,1.3098777532577515,0.0002206729695899412,-0.5740305781364441,0.14741018414497375,0.062255859375,0.8841238021850586,0.6387389898300171,0.0,0.0012415462406352162,1.0,1.0,0.7954833507537842,0.04789434373378754,0.22755877673625946,0.6227972507476807,0.6100781559944153,0.9612710475921631,0.9276683330535889,0.5634933114051819,21.41676139831543,1.3678276538848877,1.0,-0.0002830981102306396,0.23117567598819733,0.9365801215171814,0.8898524641990662,0.721182644367218,0.1339934915304184,0.13444282114505768,1.1180371984664816e-05,4.88807272631675e-05,0.9379370808601379,0.8982403874397278,0.7266358733177185,0.14487195014953613,0.154499351978302,0.9378430843353271,0.8974924683570862,0.7270851135253906,0.1444883495569229,0.15415769815444946,27499,4.1720099449157715,,,,,,,,,,,,,0.16886484622955322,0.06991705298423767,0.0710827112197876,0.271307110786438,0.13836823403835297,0.11493737995624542,0.0,0.017424345016479492,0.01654571294784546,0.20283490419387817,0.18541055917739868,0.16886484622955322
0.0225830078125,0.3270241320133209,0.0,0.0,0.0,0.65625,0.14657634496688843,1.3904436826705933,0.0,0.598587155342102,0.05605596303939819,0.482421875,3.870295286178589,0,-1.702188491821289,0.5274406671524048,14.906022071838379,1.2377817630767822,0.9991753101348877,0.10000000149011612,0.47686898708343506,0.025201937183737755,0.029555270448327065,351.3777770996094,0.0,0.45133331418037415,1345063.0,0.03406371548771858,0.2253992110490799,0.2981698215007782,81.0,11.107255935668945,10.644477844238281,3.1546759605407715,0.0,7868.0,1345064.0,4093.0,0.012316274456679821,0.0,4.0,0.012618296779692173,1296102.25,505162.53125,629.8666381835938,1503.0,0.0,317.0,3521.0,1345063.0,-1.3611793518066406,-2.9557301998138428,0.2619815170764923,0.018231522291898727,104.0,2048.0,1.6721934080123901,0.33527660369873047,0.0,4.034351825714111,0.12557116150856018,,,-0.042769815772771835,1276243.0,-0.00788738764822483,-0.0011741917114704847,1.0231716632843018,0.00039074174128472805,5024.0,0.0,1345064.0,84.52069854736328,72.0,0.02044873684644699,41.17440414428711,0.28401726484298706,2.1907854080200195,45.0,16384.0,0.04265372082591057,0.048904914408922195,0.28245261311531067,0.28779780864715576,0.06666667014360428,220.59022521972656,0.5651379823684692,0.9059743881225586,1.3089466094970703,0.010376124642789364,-0.5730867981910706,0.174133762717247,0.06591796875,0.9201931357383728,0.7935245633125305,0.0,0.0010235122172161937,1.0,1.0,0.782578706741333,0.0424024797976017,0.2262835055589676,0.6509817838668823,0.6259797811508179,0.9623256921768188,0.9685202836990356,0.5694562792778015,21.469507217407227,1.3033827543258667,1.0,-0.000409029918955639,0.23111185431480408,0.936530351638794,0.8894170522689819,0.7204236388206482,0.13415995240211487,0.13458487391471863,-0.0001208579633384943,-1.82097137439996e-05,0.9378997087478638,0.8978655338287354,0.7266503572463989,0.1447458118200302,0.1543886512517929,0.9378038644790649,0.8971271514892578,0.7263621091842651,0.14460013806819916,0.15427665412425995,27999,4.131076812744141,,,,,,,,,,,,,0.1681579351425171,0.06919319182634354,0.07104071974754333,0.2670583724975586,0.13633953034877777,0.11379433423280716,0.0,0.017210334539413452,0.016274094581604004,0.20164236426353455,0.1844320297241211,0.1681579351425171
0.021240234375,0.34191685914993286,0.0,0.0,0.0,0.46875,0.14602406322956085,1.3966819047927856,0.0,0.5916531085968018,0.055350374430418015,0.482421875,3.884916305541992,0,-1.7084048986434937,0.5345553755760193,18.083351135253906,1.2434916496276855,0.9992015361785889,0.10000000149011612,0.47680649161338806,0.02527902089059353,0.029640652239322662,331.4200134277344,0.0,0.44838058948516846,1368943.0,0.033517807722091675,0.22413161396980286,0.2820976972579956,81.0,11.154574394226074,10.636905670166016,3.1546759605407715,0.0,7911.0,1368944.0,973.0,0.0033162664622068405,0.0,4.0,0.012618296779692173,1319982.25,518151.34375,613.739990234375,1517.0,0.0,317.0,3536.0,1368943.0,-1.1510963439941406,-4.07961893081665,0.2627910077571869,0.01665043830871582,98.0,2048.0,1.6138010025024414,0.33281245827674866,0.0,4.0474982261657715,0.1315598040819168,,,-0.04545784369111061,1300133.0,-0.008407939225435257,-0.0019310206407681108,1.0242398977279663,0.00016202007827814668,5053.0,0.0,1368944.0,83.96659088134766,68.0,0.01923076994717121,38.3455810546875,0.2830345630645752,2.166715383529663,50.0,16384.0,0.04277889057993889,0.048797670751810074,0.28203946352005005,0.2871502935886383,0.06666667014360428,231.86827087402344,0.5628538131713867,0.900888204574585,1.308873176574707,0.001238526776432991,-0.5724525451660156,0.14866727590560913,0.04736328125,0.8741515874862671,0.6207579374313354,0.0,0.0013170273741707206,1.0,1.0,0.8013637065887451,0.045522015541791916,0.24255986511707306,0.6417481899261475,0.6780315637588501,0.9404348134994507,0.9631592035293579,0.5280172228813171,21.51704978942871,1.2874337434768677,1.0,-0.00024729929282329977,0.2310907542705536,0.9365717172622681,0.8894977569580078,0.720589280128479,0.1343516707420349,0.13454566895961761,-8.301080015371554e-06,-2.239476998511236e-05,0.9378679394721985,0.8975944519042969,0.7265240550041199,0.14475186169147491,0.1543365865945816,0.9378305077552795,0.8971468210220337,0.7263129949569702,0.14483742415905,0.15415887534618378,28499,4.237174034118652,,,,,,,,,,,,,0.16887153685092926,0.06926098465919495,0.0710652619600296,0.27187448740005493,0.13899266719818115,0.11550562083721161,0.0,0.018044933676719666,0.01678679883480072,0.20370326936244965,0.18565833568572998,0.16887153685092926
0.0216064453125,0.3315916657447815,0.0,0.0,0.0,0.625,0.14712734520435333,1.4375228881835938,0.0,0.5943679809570312,0.055243559181690216,0.486328125,3.8862314224243164,0,-1.7138928174972534,0.5331898927688599,22.358131408691406,1.2462981939315796,0.999206006526947,0.10000000149011612,0.4767215847969055,0.025315703824162483,0.029682544991374016,374.6199951171875,0.0,0.4494963586330414,1392814.0,0.033956512808799744,0.2279028296470642,0.2704373896121979,81.0,11.227129936218262,10.640507698059082,3.1546759605407715,0.0,7959.0,1392815.0,1749.0,0.005541297607123852,0.0,4.0,0.012618296779692173,1343853.25,532038.125,655.5599975585938,1517.0,0.0,317.0,3559.0,1392814.0,-0.5151863098144531,-3.926849126815796,0.26337817311286926,0.009906120598316193,93.0,2048.0,1.6127227544784546,0.31529203057289124,0.0,4.0287017822265625,0.1394217163324356,,,-0.042797330766916275,1324004.0,-0.007941757328808308,-0.0016654639039188623,1.0227618217468262,-0.0002928510948549956,5076.0,0.0,1392815.0,80.11444854736328,67.0,0.018825512379407883,43.612693786621094,0.28103673458099365,2.2548880577087402,50.0,16384.0,0.042828503996133804,0.04890141636133194,0.2827264070510864,0.28838905692100525,0.06666667014360428,223.48330688476562,0.5591368675231934,0.904221773147583,1.3121892213821411,0.008147810585796833,-0.5684478282928467,0.14868994057178497,0.0556640625,0.8339421153068542,0.6147794127464294,0.0,0.0014986321330070496,1.0,1.0,0.7814106941223145,0.04549963027238846,0.22901205718517303,0.6705691814422607,0.6544807553291321,0.9302088022232056,0.9195142388343811,0.5384219884872437,21.558387756347656,1.3851566314697266,1.0,-0.00023970950860530138,0.23117847740650177,0.9365155696868896,0.8891885280609131,0.7209943532943726,0.13400232791900635,0.13408328592777252,8.373988384846598e-05,8.781845281191636e-06,0.9378536343574524,0.8973657488822937,0.7265098094940186,0.144728884100914,0.1541697233915329,0.937777042388916,0.8968427181243896,0.7266708016395569,0.14453208446502686,0.15365293622016907,28999,4.343130111694336,,,,,,,,,,,,,0.16940967738628387,0.06989668309688568,0.07130809128284454,0.272605836391449,0.13851556181907654,0.11504557728767395,0.0,0.01777699589729309,0.016629859805107117,0.20381653308868408,0.186039537191391,0.16940967738628387
0.01953125,0.3494727313518524,0.0,0.0,0.0,0.4375,0.14714714884757996,1.384200930595398,0.0,0.596497118473053,0.055588942021131516,0.484375,3.882967233657837,0,-1.7187131643295288,0.5338351130485535,13.661999702453613,1.2493492364883423,0.9991868734359741,0.10000000149011612,0.47663360834121704,0.02534867636859417,0.02971973828971386,341.85107421875,0.0,0.44683143496513367,1416849.0,0.03375396132469177,0.22625528275966644,0.28731244802474976,81.0,11.280756950378418,10.685967445373535,3.1546759605407715,0.0,8014.0,1416850.0,2054.0,0.006494331639260054,0.0,4.0,0.012618296779692173,1367888.25,546736.875,623.8085327148438,1518.0,0.0,317.0,3576.0,1416849.0,-0.7514991760253906,-3.1811435222625732,0.2641719877719879,0.01247315388172865,95.0,2048.0,1.6739182472229004,0.31253159046173096,0.0,3.958972692489624,0.16781450808048248,,,-0.04179370403289795,1348039.0,-0.007770057767629623,-0.0014577157562598586,1.020996332168579,-0.0006475741975009441,5094.0,0.0,1416850.0,76.44694519042969,65.0,0.018176734447479248,46.045318603515625,0.2796741724014282,2.3425188064575195,47.0,16384.0,0.04301317781209946,0.04902324080467224,0.2825060188770294,0.2887284457683563,0.06666667014360428,216.18093872070312,0.5595252513885498,0.9035586714744568,1.3104966878890991,0.005160668399184942,-0.5669804215431213,0.1808672398328781,0.07568359375,0.8571029305458069,0.7522371411323547,0.0,0.0012472185771912336,1.0,1.0,0.9173171520233154,0.03631765395402908,0.20746012032032013,0.620762050151825,0.6539256572723389,0.9202516078948975,0.9566928744316101,0.559497594833374,21.594026565551758,1.3367574214935303,1.0,-0.00016696493548806757,0.2311549335718155,0.936414361000061,0.888697624206543,0.7213195562362671,0.13367028534412384,0.13383136689662933,0.000127131468616426,3.341376213938929e-05,0.9378083944320679,0.8970527648925781,0.7266860604286194,0.14454299211502075,0.15387359261512756,0.9376888871192932,0.8964008092880249,0.727112352848053,0.14414840936660767,0.15341901779174805,29499,4.137229919433594,,,,,,,,,,,,,0.1693110466003418,0.06962897628545761,0.0714152529835701,0.2691363990306854,0.1382139027118683,0.11501111090183258,0.0,0.018459483981132507,0.017195358872413635,0.20496588945388794,0.18650640547275543,0.1693110466003418
0.026611328125,0.34288814663887024,0.0,0.0,0.0,0.59375,0.14757145941257477,1.4457614421844482,0.0,0.6007550954818726,0.056068308651447296,0.484375,3.8866825103759766,0,-1.7229492664337158,0.5222746133804321,14.096277236938477,1.252997875213623,0.9992004036903381,0.10000000149011612,0.4765642583370209,0.025369197130203247,0.02975500002503395,394.75555419921875,0.0,0.4514084756374359,1440724.0,0.0349714495241642,0.2335844188928604,0.2929608225822449,81.0,11.337539672851562,10.697639465332031,3.1546759605407715,0.0,8045.0,1440725.0,1843.0,0.006012164056301117,0.0,4.0,0.012618296779692173,1391763.25,561827.8125,671.066650390625,1519.0,0.0,317.0,3594.0,1440724.0,-1.4682064056396484,-3.975754737854004,0.26491856575012207,0.01255721878260374,97.0,2048.0,1.600717544555664,0.31412917375564575,0.0,4.006021022796631,0.18357883393764496,,,-0.04163337126374245,1371881.0,-0.007758681196719408,-0.0014587179757654667,1.0211635828018188,0.002641733968630433,5113.0,0.0,1440725.0,76.5556869506836,65.0,0.018085697665810585,54.67721176147461,0.2783021628856659,2.353170156478882,45.0,16384.0,0.04299548268318176,0.04899020120501518,0.2817091643810272,0.28744861483573914,0.0833333358168602,238.7301788330078,0.5568525195121765,0.9021911025047302,1.3144497871398926,0.0009613462025299668,-0.5617699027061462,0.1683969795703888,0.05908203125,0.8394546508789062,0.6944907903671265,0.0,0.001076230313628912,1.0,1.0,0.8797464370727539,0.054333560168743134,0.2172541469335556,0.6403203010559082,0.6309696435928345,0.9561313390731812,0.9499653577804565,0.5405148863792419,21.625167846679688,1.3488357067108154,1.0,-0.0003737714432645589,0.2311420738697052,0.9364078640937805,0.8886079788208008,0.7210633754730225,0.13391552865505219,0.133979931473732,-8.287486707558855e-05,1.9346327462699264e-05,0.9377691745758057,0.8967869281768799,0.72682785987854,0.14444325864315033,0.15376633405685425,0.9376814365386963,0.8962960243225098,0.7269157767295837,0.14436157047748566,0.15357166528701782,29999,4.281092643737793,,,,,,,,,,,,,0.170787513256073,0.07025276124477386,0.07115545123815536,0.2686212956905365,0.14026343822479248,0.11541152000427246,0.0,0.018549233675003052,0.017312467098236084,0.20664921402931213,0.18809998035430908,0.170787513256073
0.01953125,0.33971720933914185,0.0,0.0,0.0,0.59375,0.1477518081665039,1.480782389640808,0.0,0.6008815169334412,0.054997265338897705,0.486328125,3.8877694606781006,0,-1.7266403436660767,0.5340174436569214,15.573259353637695,1.2538297176361084,0.9991925954818726,0.10000000149011612,0.4765561819076538,0.025412803515791893,0.02980821393430233,417.5400085449219,0.0,0.4484424591064453,1464590.0,0.03453405201435089,0.2304740697145462,0.27473902702331543,81.0,11.350157737731934,10.532068252563477,3.1546759605407715,0.0,8079.0,1464591.0,1767.0,0.005645858123898506,0.0,4.0,0.012618296779692173,1415629.25,576622.375,693.4400024414062,1534.0,0.0,317.0,3598.0,1464590.0,-1.4179668426513672,-2.7291133403778076,0.26555323600769043,0.012555507943034172,101.0,2049.0,1.7490308284759521,0.3286256790161133,0.0,3.9697344303131104,0.1699703484773636,,,-0.040307629853487015,1395737.0,-0.007520909886807203,-0.000754958891775459,1.020870327949524,0.0022188713774085045,5132.0,0.0,1464591.0,81.77735137939453,73.0,0.020289048552513123,51.386802673339844,0.27796751260757446,2.2979683876037598,50.0,16384.0,0.04309792444109917,0.04907054081559181,0.28102216124534607,0.2850153148174286,0.05000000074505806,233.68153381347656,0.5563250780105591,0.9015506505966187,1.3146051168441772,0.006355381105095148,-0.5725260972976685,0.2081538289785385,0.0732421875,0.8137854337692261,0.7865480780601501,0.0,0.0010508386185392737,1.0,1.0,0.8099608421325684,0.052732959389686584,0.22028489410877228,0.6431640982627869,0.6010336875915527,0.8893766403198242,0.9717683792114258,0.57539302110672,21.651979446411133,1.347344994544983,1.0,-0.00022282684221863747,0.23114120960235596,0.9364074468612671,0.8884932994842529,0.7214446663856506,0.13396526873111725,0.13391508162021637,8.976370736490935e-05,2.4576138457632624e-05,0.937738299369812,0.8965680599212646,0.7269333600997925,0.14440931379795074,0.15365609526634216,0.9376767873764038,0.8961772918701172,0.7272418737411499,0.1444261074066162,0.15357378125190735,30499,4.1969404220581055,,,,,,,,,,,,,0.16882669925689697,0.06949511915445328,0.07102520763874054,0.2670152187347412,0.13728512823581696,0.1136980801820755,0.0,0.01888643205165863,0.01710459589958191,0.2048177272081375,0.18593129515647888,0.16882669925689697
0.0242919921875,0.34200963377952576,0.0,0.0,0.0,0.625,0.1462760865688324,1.4434092044830322,0.0,0.6014735102653503,0.0552738718688488,0.486328125,3.8836164474487305,0,-1.7297885417938232,0.5355572700500488,17.257835388183594,1.257527232170105,0.9992068409919739,0.10000000149011612,0.47648829221725464,0.025443991646170616,0.029850084334611893,384.55999755859375,0.0,0.4536136984825134,1488579.0,0.03411494940519333,0.2277745008468628,0.2815188467502594,81.0,11.369085311889648,10.466314315795898,3.1546759605407715,0.0,8111.0,1488580.0,498.0,0.0014568776823580265,0.0,4.0,0.012618296779692173,1439618.25,591190.1875,663.5,1545.0,0.0,317.0,3604.0,1488579.0,-0.09560775756835938,-4.430080890655518,0.2657265067100525,0.009056570008397102,99.0,2049.0,1.6213220357894897,0.3115254044532776,0.0,4.144439220428467,0.23370987176895142,,,-0.03904299437999725,1419736.0,-0.007291161455214024,-0.0007787402719259262,1.0208791494369507,0.003636429086327553,5149.0,0.0,1488580.0,74.74491882324219,68.0,0.01886792480945587,57.27672576904297,0.27759498357772827,2.416315793991089,50.0,16384.0,0.04308357089757919,0.04905256628990173,0.28189802169799805,0.28714409470558167,0.06666667014360428,249.31710815429688,0.5563327074050903,0.9054148197174072,1.3151874542236328,0.0010481186909601092,-0.5751317739486694,0.15711709856987,0.068359375,0.8057713508605957,0.8102108836174011,0.0,0.0011458174558356404,1.0,1.0,0.8428206443786621,0.05185519903898239,0.22180204093456268,0.5647334456443787,0.5791147351264954,0.8311048150062561,0.9648213982582092,0.5886842012405396,21.6743106842041,1.377915859222412,1.0,-0.00031884355121292174,0.2312455177307129,0.9363877177238464,0.8883780837059021,0.7215824723243713,0.13353803753852844,0.13359852135181427,-7.804754568496719e-05,3.086441574851051e-05,0.9377179145812988,0.8963915109634399,0.7270922660827637,0.1443341225385666,0.1535775363445282,0.9376528859138489,0.8960421681404114,0.7272909283638,0.14404812455177307,0.15333245694637299,30999,4.334619998931885,,,,,,,,,,,,,0.16980360448360443,0.07024407386779785,0.07188909500837326,0.27624422311782837,0.14151251316070557,0.11599820852279663,0.0,0.019520387053489685,0.01792295277118683,0.20724694430828094,0.18772655725479126,0.16980360448360443
0.0198974609375,0.3541991412639618,0.0,0.0,0.0,0.53125,0.14594011008739471,1.4058016538619995,0.0,0.5971142053604126,0.055676233023405075,0.482421875,3.8795082569122314,0,-1.7324140071868896,0.5351496338844299,14.91423225402832,1.2580450773239136,0.9991782903671265,0.10000000149011612,0.47639554738998413,0.025454990565776825,0.029861582443118095,362.8775634765625,0.0,0.4540216624736786,1512572.0,0.0339142307639122,0.22678373754024506,0.2862834930419922,81.0,11.391167640686035,10.343085289001465,3.1546759605407715,0.0,8153.0,1512573.0,408.0,0.0012368427123874426,0.0,4.0,0.012618296779692173,1463611.25,602614.625,641.4285888671875,1567.0,0.0,317.0,3611.0,1512572.0,-1.0750408172607422,-3.530484437942505,0.2660352885723114,0.013534503988921642,96.0,2049.0,1.6103878021240234,0.32290905714035034,0.0,4.151853084564209,0.19391827285289764,,,-0.040224362164735794,1443738.0,-0.007518305908888578,-0.0006331988843157887,1.0210593938827515,0.0038176036905497313,5178.0,0.0,1512573.0,75.67388916015625,67.0,0.01855441741645336,59.633392333984375,0.27708277106285095,2.379387855529785,49.0,16384.0,0.043147243559360504,0.049076370894908905,0.2799033522605896,0.2855904996395111,0.05000000074505806,226.7040557861328,0.5534088015556335,0.9093331694602966,1.3146183490753174,-0.000382197875296697,-0.5700671672821045,0.17268416285514832,0.0546875,0.8980891704559326,0.7394073605537415,0.0,0.0011857326608151197,1.0,1.0,0.809910774230957,0.04162066429853439,0.20840466022491455,0.6708996891975403,0.6159975528717041,0.964108943939209,0.9676090478897095,0.5687534809112549,21.692697525024414,1.387526273727417,1.0,-0.00026525967405177653,0.23125168681144714,0.9363357424736023,0.8880814909934998,0.7215807437896729,0.13321323692798615,0.133261576294899,4.3874802940990776e-05,2.2622411051997915e-05,0.9376856088638306,0.8961945176124573,0.7271814346313477,0.14416852593421936,0.15339432656764984,0.9376079440116882,0.8957683444023132,0.7274277806282043,0.14372064173221588,0.15291769802570343,31499,4.096086502075195,,,,,,,,,,,,,0.170740008354187,0.07010352611541748,0.07152271270751953,0.2669978141784668,0.13795477151870728,0.11464126408100128,0.0,0.018990516662597656,0.017255499958992004,0.20698602497577667,0.18799550831317902,0.170740008354187
0.0194091796875,0.33758750557899475,0.0,0.0,0.0,0.59375,0.14820440113544464,1.516968011856079,0.0,0.5967224836349487,0.054890066385269165,0.486328125,3.894395589828491,0,-1.734558343887329,0.5410281419754028,16.467872619628906,1.2605891227722168,0.9991671442985535,0.10000000149011612,0.47637590765953064,0.02546251192688942,0.029872005805373192,429.2608642578125,0.0,0.451992392539978,1536577.0,0.033315859735012054,0.22618845105171204,0.29497021436691284,81.0,11.406940460205078,10.2562894821167,3.1546759605407715,0.0,8201.0,1536578.0,279.0,0.0008600938599556684,0.0,4.0,0.012618296779692173,1487616.25,615813.5,702.4130249023438,1590.0,0.0,317.0,3616.0,1536577.0,-1.3570995330810547,-4.205964088439941,0.2661708891391754,0.015881363302469254,106.0,2050.0,1.6337274312973022,0.32211431860923767,0.0,4.085341453552246,0.17862166464328766,,,-0.03847982734441757,1467765.0,-0.00718665961176157,-0.00039700354682281613,1.0210412740707397,0.0026400312781333923,5206.0,0.0,1536578.0,83.22310638427734,77.0,0.0212942473590374,55.39423370361328,0.2767985761165619,2.2744662761688232,46.0,16383.0,0.043177515268325806,0.04910532012581825,0.28048357367515564,0.2841874063014984,0.11666666716337204,316.82135009765625,0.5544038414955139,0.9005833268165588,1.3162375688552856,-0.003989762160927057,-0.575332760810852,0.1766454577445984,0.0634765625,0.9336283206939697,0.7599557638168335,0.0,0.0013430917169898748,1.0,1.0,0.9263191223144531,0.04241574555635452,0.21130825579166412,0.6284921169281006,0.5730781555175781,0.9520458579063416,0.9557620882987976,0.5638554692268372,21.708457946777344,1.2983096837997437,1.0,-0.00041037314804270864,0.23118045926094055,0.9363494515419006,0.8880032896995544,0.7209475636482239,0.13393378257751465,0.13390128314495087,-0.00012164599320385605,-2.7558509827940725e-05,0.9376709461212158,0.8960229158401489,0.7271355986595154,0.14414988458156586,0.1533655971288681,0.9376205205917358,0.8957065343856812,0.7267646789550781,0.14444772899150848,0.15361084043979645,31999,4.294345855712891,,,,,,,,,,,,,0.16963857412338257,0.06936563551425934,0.07140671461820602,0.2764999270439148,0.14036646485328674,0.1151658296585083,0.0,0.019679933786392212,0.01786157488822937,0.20718008279800415,0.18750014901161194,0.16963857412338257
0.022705078125,0.32981351017951965,0.0,0.0,0.0,0.65625,0.1464402675628662,1.414707899093628,0.0,0.601791262626648,0.055542778223752975,0.484375,3.895357608795166,0,-1.736283779144287,0.5337435007095337,15.52052116394043,1.2606765031814575,0.99917072057724,0.10000000149011612,0.4763455390930176,0.02548506110906601,0.029904121533036232,427.1395263671875,0.0,0.4554666578769684,1560570.0,0.032898448407649994,0.22130824625492096,0.3008113503456116,81.0,11.429021835327148,10.226802825927734,3.1546759605407715,0.0,8243.0,1560571.0,4223.0,0.013328208588063717,0.0,4.0,0.012618296779692173,1511609.25,631925.9375,700.3255615234375,1598.0,0.0,317.0,3623.0,1560570.0,-0.8901023864746094,-3.017855405807495,0.26625001430511475,0.010512112639844418,104.0,2048.0,1.6965491771697998,0.34673964977264404,0.0,4.0227813720703125,0.19062532484531403,,,-0.03529519587755203,1491755.0,-0.006602151319384575,-0.00034925941145047545,1.0195029973983765,0.001037208829075098,5221.0,0.0,1560571.0,81.88629150390625,76.0,0.020977091044187546,63.038021087646484,0.2760204076766968,2.3089888095855713,43.0,16384.0,0.04320062696933746,0.04910605773329735,0.28115424513816833,0.28521963953971863,0.0833333358168602,264.42034912109375,0.5546361207962036,0.8997436761856079,1.3170208930969238,0.0020985195878893137,-0.5680506825447083,0.14158673584461212,0.054443359375,0.8937344551086426,0.6947281360626221,0.0,0.0016285983147099614,1.0,1.0,0.7813966274261475,0.04167670011520386,0.21591578423976898,0.6309714317321777,0.5996516942977905,0.945350170135498,0.9043385982513428,0.5553050637245178,21.72090721130371,1.2987626791000366,1.0,-0.0003274692571721971,0.23114928603172302,0.9363266825675964,0.8878474831581116,0.7206258773803711,0.1341041624546051,0.1339571326971054,-5.9577825595624745e-05,-5.6717151892371476e-05,0.9376574754714966,0.8958750367164612,0.7268747091293335,0.14432252943515778,0.15349255502223969,0.9376001954078674,0.8955571055412292,0.7263043522834778,0.14465966820716858,0.15369953215122223,32499,4.104211807250977,,,,,,,,,,,,,0.1696174442768097,0.06990460306406021,0.07154031097888947,0.2720756530761719,0.14166846871376038,0.11653360724449158,0.0,0.020023450255393982,0.01811106503009796,0.20775195956230164,0.18772850930690765,0.1696174442768097
0.026611328125,0.354336678981781,0.0,0.0,0.0,0.5625,0.14702291786670685,1.386243224143982,0.0,0.6015337109565735,0.05547791346907616,0.484375,3.8965327739715576,0,-1.7376712560653687,0.5382382869720459,14.169454574584961,1.2593766450881958,0.9992040991783142,0.10000000149011612,0.4763423800468445,0.02549365907907486,0.029915668070316315,450.8800048828125,0.0,0.45630398392677307,1584554.0,0.03352740779519081,0.22517582774162292,0.2818481922149658,81.0,11.463722229003906,10.186369895935059,3.1546759605407715,0.0,8270.0,1584555.0,2427.0,0.00846114568412304,0.0,4.0,0.012618296779692173,1535593.25,647696.9375,723.780029296875,1605.0,0.0,317.0,3634.0,1584554.0,-0.9095420837402344,-4.024035453796387,0.26638829708099365,0.01066728588193655,111.0,2048.0,1.6021909713745117,0.32359397411346436,0.0,4.070556163787842,0.1756303757429123,,,-0.037448205053806305,1515744.0,-0.007020676974207163,-0.001567316590808332,1.0207183361053467,0.003774307668209076,5239.0,0.0,1584555.0,84.27625274658203,80.0,0.022014308720827103,61.0687141418457,0.27520138025283813,2.2877602577209473,50.0,16384.0,0.043223440647125244,0.04914228245615959,0.28089022636413574,0.2874825596809387,0.06666667014360428,233.31166076660156,0.5523865222930908,0.9042120575904846,1.3163151741027832,-0.0018798134988173842,-0.5692933201789856,0.14271463453769684,0.049072265625,0.8962575793266296,0.6111722588539124,0.0,0.0014423775719478726,1.0,1.0,0.8833277225494385,0.036239396780729294,0.21802762150764465,0.5784077048301697,0.582852303981781,0.927282452583313,0.9414973258972168,0.553107500076294,21.73082733154297,1.4001185894012451,1.0,-0.00012752933253068477,0.23114599287509918,0.9363369941711426,0.8878476023674011,0.7211041450500488,0.13384097814559937,0.13371379673480988,0.00021881898283027112,-8.516478374076542e-06,0.9376375675201416,0.8957452774047852,0.7267314791679382,0.14443738758563995,0.15354390442371368,0.9376077055931091,0.8955518007278442,0.7268746495246887,0.14438766241073608,0.1533912718296051,32999,4.205539226531982,,,,,,,,,,,,,0.169802725315094,0.06946612149477005,0.07066085189580917,0.2692221999168396,0.13826724886894226,0.11494921892881393,0.0,0.018870025873184204,0.017286479473114014,0.2059592306613922,0.187089204788208,0.169802725315094
0.0201416015625,0.332149863243103,0.0,0.0,0.0,0.5,0.14640496671199799,1.4859952926635742,0.0,0.6011688709259033,0.055255454033613205,0.48828125,3.8972954750061035,0,-1.7387477159500122,0.5386244058609009,14.967333793640137,1.2604809999465942,0.999183177947998,0.10000000149011612,0.4763556122779846,0.02549946866929531,0.02992265112698078,292.3333435058594,0.0,0.45471033453941345,1608615.0,0.03375804051756859,0.2262106090784073,0.30043843388557434,81.0,11.47003173828125,10.240921974182129,3.1546759605407715,0.0,8301.0,1608616.0,1713.0,0.005860143341124058,0.0,4.0,0.012618296779692173,1559654.25,664454.75,577.6458129882812,1615.0,0.0,317.0,3636.0,1608615.0,-0.00408172607421875,-2.591712236404419,0.26653632521629333,0.014322064816951752,107.0,2049.0,1.77627694606781,0.3499037027359009,0.0,4.2400665283203125,0.17645363509655,,,-0.038461245596408844,1539814.0,-0.007214024197310209,-0.0015857376856729388,1.0209856033325195,0.0038694608956575394,5251.0,0.0,1608616.0,79.92488861083984,76.0,0.020902089774608612,51.786136627197266,0.27505967020988464,2.370051622390747,48.0,16384.0,0.043189529329538345,0.04911932721734047,0.2810571491718292,0.2854718863964081,0.0833333358168602,281.3926086425781,0.5527997016906738,0.9033482074737549,1.317472219467163,-0.010987482033669949,-0.5762171149253845,0.18582405149936676,0.06201171875,0.9411441087722778,0.7087458968162537,0.0,0.0012794851791113615,1.0,1.0,0.7958204746246338,0.04530002549290657,0.2213597297668457,0.6585599780082703,0.6259339451789856,0.9732433557510376,0.9293603301048279,0.5635972023010254,21.738237380981445,1.3565484285354614,1.0,-0.0003403481387067586,0.23113538324832916,0.9363435506820679,0.8879362940788269,0.721199095249176,0.13392291963100433,0.133820578455925,-4.8089150368468836e-05,1.5158518181124236e-05,0.937624454498291,0.8956992626190186,0.7268821001052856,0.14436465501785278,0.15346075594425201,0.937615692615509,0.8956505656242371,0.7269700765609741,0.14445090293884277,0.15353567898273468,33499,4.1088995933532715,,,,,,,,,,,,,0.1692977249622345,0.06916553527116776,0.07075918465852737,0.27439653873443604,0.13990053534507751,0.11551015824079514,0.0,0.019910037517547607,0.018026530742645264,0.20723429322242737,0.18732425570487976,0.1692977249622345
0.02978515625,0.32638540863990784,0.0,0.0,0.0,0.625,0.14681442081928253,1.3949639797210693,0.0,0.5995392799377441,0.05562782287597656,0.484375,3.8938965797424316,0,-1.739525556564331,0.5305328369140625,13.904452323913574,1.261246919631958,0.9991868734359741,0.10000000149011612,0.4763000011444092,0.0255047008395195,0.029926404356956482,278.5333251953125,0.0,0.45761147141456604,1632729.0,0.033990852534770966,0.22800230979919434,0.3038507401943207,81.0,11.47003173828125,10.233503341674805,3.1546759605407715,0.0,8357.0,1632730.0,1076.0,0.0034524372313171625,0.0,4.0,0.012618296779692173,1583768.25,680067.9375,564.5333251953125,1628.0,0.0,317.0,3636.0,1632729.0,-0.4522228240966797,-2.2534828186035156,0.26659828424453735,0.013956929557025433,105.0,2049.0,1.623197317123413,0.34006303548812866,0.0,4.2166643142700195,0.18841595947742462,,,-0.0414913184940815,1563722.0,-0.007795361801981926,-0.0017872087191790342,1.0209790468215942,0.0024991659447550774,5264.0,0.0,1632730.0,82.13916015625,75.0,0.020627062767744064,48.13545227050781,0.2750829756259918,2.2543067932128906,45.0,16384.0,0.04328351840376854,0.04910839721560478,0.2802107036113739,0.2848788797855377,0.06666667014360428,243.68138122558594,0.5518920421600342,0.9035930037498474,1.3175489902496338,-0.00277608260512352,-0.5679405927658081,0.14414019882678986,0.043701171875,0.8498349785804749,0.566006600856781,0.0,0.0014041311806067824,1.0,1.0,0.8509666919708252,0.045345500111579895,0.22504188120365143,0.6224689483642578,0.5816036462783813,0.9471646547317505,0.8797042369842529,0.5378012657165527,21.743366241455078,1.303297758102417,1.0,-0.00027841521659865975,0.23117801547050476,0.9362985491752625,0.8876693248748779,0.7216624021530151,0.13339471817016602,0.1333196759223938,9.327262887381949e-06,5.097093526273966e-05,0.9376183748245239,0.8956389427185059,0.7270630598068237,0.14429037272930145,0.15338531136512756,0.93757164478302,0.8953813910484314,0.727528989315033,0.14387357234954834,0.15295639634132385,33999,4.115932464599609,,,,,,,,,,,,,0.1713014841079712,0.07021354883909225,0.0714045837521553,0.2659313678741455,0.13975104689598083,0.11581449210643768,0.0,0.0194578617811203,0.01767107844352722,0.2084304243326187,0.1889725625514984,0.1713014841079712
0.0234375,0.33891016244888306,0.0,0.0,0.0,0.71875,0.1466328501701355,1.4503097534179688,0.0,0.6020049452781677,0.05538201332092285,0.486328125,3.898561716079712,0,-1.7400568723678589,0.5378239154815674,15.072080612182617,1.2617385387420654,0.999176561832428,0.10000000149011612,0.4762793481349945,0.025510162115097046,0.029934370890259743,318.4313659667969,0.0,0.45432886481285095,1657078.0,0.03470643609762192,0.23209907114505768,0.2999999225139618,81.0,11.473186492919922,10.252357482910156,3.1546759605407715,0.0,8374.0,1657079.0,8107.0,0.026371387764811516,0.0,4.0,0.012618296779692173,1608117.25,697541.125,600.941162109375,1632.0,0.0,317.0,3637.0,1657078.0,-0.5254631042480469,-2.3202085494995117,0.2666359841823578,0.01188726257532835,101.0,2048.0,1.5199038982391357,0.3062689006328583,0.0,4.223954200744629,0.20665079355239868,,,-0.040016621351242065,1588072.0,-0.007525904104113579,-0.0017911323811858892,1.0206440687179565,0.0026865913532674313,5269.0,0.0,1657079.0,78.60739135742188,70.0,0.019246632233262062,55.815513610839844,0.2749554514884949,2.314497947692871,51.0,16384.0,0.04324197396636009,0.04914240166544914,0.28080472350120544,0.2858227789402008,0.06666667014360428,260.8728332519531,0.55302894115448,0.9032996892929077,1.3177289962768555,0.00803366769105196,-0.5708085298538208,0.14743435382843018,0.050537109375,0.8496013283729553,0.6145174503326416,0.0,0.0012796357041224837,1.0,1.0,0.8339748382568359,0.0542386919260025,0.2449055165052414,0.6058306097984314,0.568142294883728,0.8940215110778809,0.92071533203125,0.5741058588027954,21.746938705444336,1.296728253364563,1.0,-0.0003922979230992496,0.23111656308174133,0.9363018870353699,0.8876355886459351,0.7209853529930115,0.1339195817708969,0.13373678922653198,-0.00011039418313885108,-2.3150179913500324e-05,0.9376116394996643,0.8955308198928833,0.7270755171775818,0.1442442536354065,0.15330395102500916,0.9375710487365723,0.895341694355011,0.7267534732818604,0.1444520503282547,0.15343323349952698,34499,4.123504161834717,,,,,,,,,,,,,0.17014916241168976,0.0700492113828659,0.07112026959657669,0.2710435092449188,0.14077329635620117,0.11612853407859802,0.0,0.019660308957099915,0.017864719033241272,0.20767419040203094,0.18801388144493103,0.17014916241168976
0.02490234375,0.3365339934825897,0.0,0.0,0.0,0.40625,0.14589674770832062,1.4560526609420776,0.0,0.6042634844779968,0.05575883015990257,0.486328125,3.8984241485595703,0,-1.7403899431228638,0.5355370044708252,12.766679763793945,1.2607440948486328,0.9992035031318665,0.10000000149011612,0.4762727618217468,0.025513920933008194,0.029938258230686188,306.21429443359375,0.0,0.4561241567134857,1681098.0,0.033667631447315216,0.2272169291973114,0.28970760107040405,81.0,11.504732131958008,10.219620704650879,3.1546759605407715,0.0,8408.0,1681099.0,1364.0,0.004284974653273821,0.0,4.0,0.012618296779692173,1632137.25,712189.0,591.1190185546875,1638.0,0.0,317.0,3647.0,1681098.0,-1.0147762298583984,-2.8316447734832764,0.26667115092277527,0.008865313604474068,100.0,2048.0,1.7122881412506104,0.3274194598197937,0.0,4.232030868530273,0.21510836482048035,,,-0.04131529480218887,1612098.0,-0.0077790250070393085,-0.0016854642890393734,1.0209811925888062,0.0039337133057415485,5285.0,0.0,1681099.0,81.71797943115234,72.0,0.01974225416779518,53.07470703125,0.27428779006004333,2.2720017433166504,42.0,16384.0,0.04322367534041405,0.04914480075240135,0.28102052211761475,0.285884290933609,0.06666667014360428,222.40171813964844,0.5513676404953003,0.9073747992515564,1.3177474737167358,-0.008099394850432873,-0.5693626999855042,0.14334556460380554,0.0595703125,0.8025774359703064,0.7167534828186035,0.0,0.0012348747113719583,1.0,1.0,0.8293275833129883,0.043199002742767334,0.23070165514945984,0.6075155735015869,0.6213959455490112,0.8933069109916687,0.9307133555412292,0.5587769150733948,21.74911117553711,1.5127947330474854,1.0,-0.00010682969150366262,0.23114921152591705,0.9363019466400146,0.8875125050544739,0.7216168642044067,0.1335623562335968,0.1333945393562317,0.00018338901281822473,2.0299192328820936e-05,0.9376060962677002,0.8954360485076904,0.7270351648330688,0.1442761868238449,0.15329809486865997,0.9375717639923096,0.8952333331108093,0.727396547794342,0.14407917857170105,0.15306708216667175,34999,4.106982231140137,,,,,,,,,,,,,0.17013019323349,0.06982563436031342,0.07165311276912689,0.269199937582016,0.14098729193210602,0.11645559221506119,0.0,0.0197763592004776,0.017859533429145813,0.2077660858631134,0.1879897266626358,0.17013019323349
0.023193359375,0.34387603402137756,0.0,0.0,0.0,0.625,0.14798502624034882,1.4016220569610596,0.0,0.6026760339736938,0.0552079901099205,0.486328125,3.8943593502044678,0,-1.7405674457550049,0.5398634076118469,16.692230224609375,1.2606279850006104,0.9991600513458252,0.10000000149011612,0.47626107931137085,0.025512687861919403,0.02993643283843994,337.4347839355469,0.0,0.45673295855522156,1705047.0,0.033539433032274246,0.22764620184898376,0.28378060460090637,81.0,11.56782341003418,10.245064735412598,3.1546759605407715,0.0,8432.0,1705048.0,705.0,0.0022236471995711327,0.0,4.0,0.012618296779692173,1656086.25,724493.25,619.7174072265625,1639.0,0.0,317.0,3667.0,1705047.0,-1.1580677032470703,-3.8731796741485596,0.26668256521224976,0.010803340002894402,106.0,2048.0,1.6566364765167236,0.3224150538444519,0.0,4.1649394035339355,0.16707085072994232,,,-0.042873840779066086,1636006.0,-0.008058137260377407,-0.001468200352974236,1.021786093711853,0.0019236683147028089,5306.0,0.0,1705048.0,82.11166381835938,74.0,0.020179983228445053,56.46004104614258,0.27284500002861023,2.2401087284088135,46.0,16384.0,0.043245818465948105,0.04913793131709099,0.28041699528694153,0.2847953736782074,0.06666667014360428,241.14013671875,0.5519612431526184,0.9031450152397156,1.3171238899230957,-0.0066941711120307446,-0.570479691028595,0.17354103922843933,0.06591796875,0.8731933236122131,0.7570220828056335,0.0,0.0011621927842497826,1.0,1.0,0.7680516242980957,0.04378514364361763,0.22291584312915802,0.6673437356948853,0.6561179161071777,0.9453650712966919,0.947485089302063,0.5584988594055176,21.749990463256836,1.3758281469345093,1.0,-0.00029097023070789874,0.23116599023342133,0.9362956881523132,0.8875151872634888,0.7217150926589966,0.1334671676158905,0.13338901102542877,-1.6163350665010512e-05,4.2845549614867195e-05,0.9375985264778137,0.8953518867492676,0.7272512316703796,0.1441599428653717,0.1532069742679596,0.9375640749931335,0.8952200412750244,0.7276162505149841,0.1439620703458786,0.15307766199111938,35499,4.179534435272217,,,,,,,,,,,,,0.16942259669303894,0.06951641291379929,0.07116234302520752,0.2700672447681427,0.14011409878730774,0.11514901369810104,0.0,0.019938915967941284,0.017885029315948486,0.2072465419769287,0.18730762600898743,0.16942259669303894
0.0250244140625,0.3332168459892273,0.0,0.0,0.0,0.625,0.1460583508014679,1.413154125213623,0.0,0.5995420813560486,0.054994549602270126,0.486328125,3.8983945846557617,0,-1.7406445741653442,0.5446875095367432,17.06015396118164,1.2634320259094238,0.9991754293441772,0.10000000149011612,0.4762522876262665,0.02551473304629326,0.02993868850171566,399.1875,0.0,0.4560915529727936,1729241.0,0.03334473446011543,0.22731518745422363,0.2888343036174774,81.0,11.599369049072266,10.198058128356934,3.1546759605407715,0.0,8459.0,1729242.0,320.0,0.0009670449653640389,0.0,4.0,0.012618296779692173,1680280.25,740370.9375,674.8333129882812,1645.0,0.0,317.0,3677.0,1729241.0,-1.505899429321289,-3.3031747341156006,0.2666845917701721,0.012148099951446056,104.0,2050.0,1.6561030149459839,0.3226611316204071,0.0,4.116013526916504,0.16278748214244843,,,-0.03911216929554939,1660195.0,-0.007353746332228184,-0.0012366254813969135,1.020275354385376,0.0005379511858336627,5322.0,0.0,1729242.0,81.52909851074219,76.0,0.02066902443766594,65.08037567138672,0.27213653922080994,2.3210208415985107,48.0,16384.0,0.043189533054828644,0.04914306849241257,0.27950698137283325,0.2837640643119812,0.06666667014360428,241.30535888671875,0.5529155135154724,0.9002546072006226,1.3174711465835571,-0.002321906154975295,-0.5738663077354431,0.1340171992778778,0.062255859375,0.7560511231422424,0.672831118106842,0.0,0.0017246115021407604,1.0,1.0,0.9113500118255615,0.0486108623445034,0.21737103164196014,0.5483918786048889,0.6018520593643188,0.8062280416488647,0.9453389644622803,0.584197461605072,21.75071144104004,1.414940595626831,1.0,-0.00041091235470958054,0.2311701476573944,0.9363119006156921,0.8875880837440491,0.7210442423820496,0.13387325406074524,0.13369803130626678,-0.00014059267414268106,-3.164953159284778e-05,0.9375947713851929,0.8953235149383545,0.7272248864173889,0.1441902071237564,0.15323175489902496,0.9375779628753662,0.8952910304069519,0.7267955541610718,0.14443543553352356,0.15343789756298065,35999,4.247892379760742,,,,,,,,,,,,,0.16909587383270264,0.06917643547058105,0.0711674839258194,0.27000248432159424,0.14064951241016388,0.1160726323723793,0.0,0.019792065024375916,0.017772749066352844,0.2066606879234314,0.18686862289905548,0.16909587383270264
,,,,,,,,,,,,,0,,,,,,,,,,,,,,,,,,,,,,,,,,,,,,,,,,,,,,,,,,,,,,,,0.0038710737135261297,0.41942641139030457,,,,,,,,,,,,,,,,,,,,,,,,,,,,,,,,,,,,,,,,,,,,,,,,,,,,,,,,,,,,,,,,,,,35999,,0.8372513651847839,245.39076232910156,270.8043518066406,25.41358184814453,3.5745737552642822,248.96533203125,242.35037231445312,245.81410217285156,272.62152099609375,4.236116409301758,279.845703125,275.6095886230469,,,,,,,,,,,,
0.0250244140625,0.32589593529701233,0.0,0.0,0.0,0.34375,0.14741498231887817,1.4830694198608398,0.0,0.6032322645187378,0.054738592356443405,0.48828125,3.899526596069336,0,-1.7406517267227173,0.5397855043411255,16.309146881103516,1.2628676891326904,0.9991764426231384,0.10000000149011612,0.4762631356716156,0.025514977052807808,0.029939040541648865,295.867919921875,1.0,0.4571286737918854,1753467.0,0.033458221703767776,0.22987428307533264,0.29595643281936646,81.0,11.65615177154541,10.110077857971191,3.1546759605407715,0.0,8492.0,1753468.0,420.0,0.0012501844903454185,0.0,4.0,0.012618296779692173,1704506.25,751926.5,581.1132202148438,1659.0,0.0,317.0,3695.0,1753467.0,-0.7002696990966797,-2.604480504989624,0.26668494939804077,0.012063584290444851,90.0,2050.0,1.6563270092010498,0.3176405429840088,0.0,4.276585102081299,0.17109350860118866,,,-0.04308914765715599,1684361.0,-0.008110057562589645,-0.0016524193342775106,1.0219218730926514,0.0019452086417004466,5354.0,0.0,1753468.0,72.56307983398438,66.0,0.017861975356936455,51.80290985107422,0.27090024948120117,2.425978899002075,53.0,16384.0,0.043212320655584335,0.049143046140670776,0.27863165736198425,0.28082841634750366,0.05000000074505806,255.6993408203125,0.5523933172225952,0.9068570733070374,1.317587971687317,0.001692767022177577,-0.5823070406913757,0.16364175081253052,0.068359375,0.8811907768249512,0.7669824361801147,0.0,0.0012402674183249474,1.0,1.0,0.8620095252990723,0.04364662989974022,0.21672341227531433,0.5915906429290771,0.6057190299034119,0.9305787086486816,0.9652383923530579,0.5789108276367188,21.75071144104004,1.3340953588485718,1.0,-0.0002721959026530385,0.23115982115268707,0.9363203644752502,0.8875906467437744,0.7211375832557678,0.1338794082403183,0.13368628919124603,2.8584869141923264e-05,-2.397299795120489e-05,0.9375945329666138,0.8953062891960144,0.7270976901054382,0.14427118003368378,0.15329456329345703,0.937586784362793,0.8952897787094116,0.7269059419631958,0.14442698657512665,0.1534123569726944,36499,4.257680892944336,,,,,,,,,,,,,0.17098897695541382,0.06965228915214539,0.07220165431499481,0.2754572629928589,0.1394793540239334,0.11532597243785858,0.0,0.0200081467628479,0.017911970615386963,0.20890909433364868,0.18890094757080078,0.17098897695541382
